ウォレット,出現銘柄数,銘柄(順位),確定損益USD(合計),損益USD(合計),GMGN
SQHK48QT8SY1vYN44iXji7wQ6CJek8AjfX6mBp47TZq,5,AGENCY:early71 / CATGPT:early78 / DUVE:early80 / SIF:early33 / TERMINAL:early99,868.74,868.74,https://gmgn.ai/sol/address/SQHK48QT8SY1vYN44iXji7wQ6CJek8AjfX6mBp47TZq
64hP97Bwr5PubotcTeGgfhkFrGiLVVxT2kVo9M9b4AEz,5,"AGENCY:early88 / CATGPT:early73 / DUVE:early81,top51 / Reelpad:early72 / TERMINAL:early51",805.18,805.18,https://gmgn.ai/sol/address/64hP97Bwr5PubotcTeGgfhkFrGiLVVxT2kVo9M9b4AEz
CASHUTaewCTUqa6j2SzD6vgBMvMLsNjdpuBYGTxWDBmi,5,ABU:early57 / AGENCY:early90 / CATGPT:early61 / TERMINAL:early77 / TIPTOE:early82,195.69,195.69,https://gmgn.ai/sol/address/CASHUTaewCTUqa6j2SzD6vgBMvMLsNjdpuBYGTxWDBmi
BuGacsFWAqk8LZk7SPcJ2iqdGdUnPyTqvwSVUU48ao5o,5,ABU:early49 / CATGPT:early20 / Reelpad:early10 / TERMINAL:early13 / TIPTOE:early6,65.32,65.32,https://gmgn.ai/sol/address/BuGacsFWAqk8LZk7SPcJ2iqdGdUnPyTqvwSVUU48ao5o
EDGEKeUNA3b7L5F9BcoyvptqHAKSLi9c5JxHwFKvuNLc,5,ABU:early15 / AGENCY:early24 / DUVE:early57 / Reelpad:early23 / TIPTOE:early100,0.0,0.0,https://gmgn.ai/sol/address/EDGEKeUNA3b7L5F9BcoyvptqHAKSLi9c5JxHwFKvuNLc
9999huSCf6QpepPHQVFLZ9smhsbwkV4XWPLboiy9qqRj,4,ABU:early38 / AGENCY:early86 / DUVE:early50 / Reelpad:early16,84.6,84.6,https://gmgn.ai/sol/address/9999huSCf6QpepPHQVFLZ9smhsbwkV4XWPLboiy9qqRj
88887QrRZPZmsstEXsoXXB8E7nbmUDde4Gp5s7jG3ENu,4,ABU:early37 / DUVE:early79 / Reelpad:early11 / TIPTOE:early21,59.37,59.37,https://gmgn.ai/sol/address/88887QrRZPZmsstEXsoXXB8E7nbmUDde4Gp5s7jG3ENu
9bwHbhAEDTWgF8NMdxZkJLwooDcy3fshSxGanGWeskHC,4,AGENCY:early45 / CATGPT:early85 / Reelpad:early81 / TIPTOE:early51,33.71,33.71,https://gmgn.ai/sol/address/9bwHbhAEDTWgF8NMdxZkJLwooDcy3fshSxGanGWeskHC
FaCYdntuk2w3KZBj4Jgm1THMG5dHAHGrW8X7VGU3wh9X,4,ABU:early34 / AGENCY:early12 / TERMINAL:early59 / TIPTOE:early49,5.8,5.8,https://gmgn.ai/sol/address/FaCYdntuk2w3KZBj4Jgm1THMG5dHAHGrW8X7VGU3wh9X
nya666pQkP3PzWxi7JngU3rRMHuc7zbLK8c8wxQ4qpT,4,ABU:early10 / MICRO:early10 / Reelpad:early21 / TIPTOE:early99,-44.39,-44.39,https://gmgn.ai/sol/address/nya666pQkP3PzWxi7JngU3rRMHuc7zbLK8c8wxQ4qpT
SF9TGdsfTPcA3ZVmPdPtYphgzRg6ZqUY4hnjPgjD1MW,3,"ABU:early36 / AGENCY:early43 / Reelpad:early65,top52",1323.98,1323.98,https://gmgn.ai/sol/address/SF9TGdsfTPcA3ZVmPdPtYphgzRg6ZqUY4hnjPgjD1MW
sssssDdMNAWKingjpEojkTNdVuZrBe7FsJLaGtexe7d,3,AGENCY:early87 / DUVE:early97 / Reelpad:early54,424.97,424.97,https://gmgn.ai/sol/address/sssssDdMNAWKingjpEojkTNdVuZrBe7FsJLaGtexe7d
Eh4Vq9N1eK9E2fDZ4dup1WzfRChevckN2BscVmLVNL6Z,3,ABU:early33 / AGENCY:early22 / DUVE:early29,98.25,98.25,https://gmgn.ai/sol/address/Eh4Vq9N1eK9E2fDZ4dup1WzfRChevckN2BscVmLVNL6Z
CCCCQCrL6zVjnDeucDzcxJgxAs5ahNmrhw1CDexPhqrd,3,ABU:early16 / AGENCY:early21 / MICRO:early17,53.9,53.9,https://gmgn.ai/sol/address/CCCCQCrL6zVjnDeucDzcxJgxAs5ahNmrhw1CDexPhqrd
HRBonvjq6YE62jKnXpwH9wjxLqhiikf2hdFgVTef1Cvm,3,AGENCY:early62 / DUVE:early48 / Reelpad:early62,46.74,46.74,https://gmgn.ai/sol/address/HRBonvjq6YE62jKnXpwH9wjxLqhiikf2hdFgVTef1Cvm
4KQGocKQW25nJ8xT9GPNW5Uqy2t7eFs2NzwcXqiyuY1X,3,CATGPT:early25 / Reelpad:early40 / TIPTOE:early11,27.49,27.49,https://gmgn.ai/sol/address/4KQGocKQW25nJ8xT9GPNW5Uqy2t7eFs2NzwcXqiyuY1X
9sWcjjSPEKd7qYUEbBEha2qjj2cg3oLSSULyFbRYpgjW,3,ABU:early21 / DUVE:early51 / TIPTOE:early78,26.39,26.39,https://gmgn.ai/sol/address/9sWcjjSPEKd7qYUEbBEha2qjj2cg3oLSSULyFbRYpgjW
DiJF3L3796seiwyjmwfTz9wHUCCP5kmeMQM6kDzzjXax,3,CATGPT:early44 / DUVE:early49 / TERMINAL:early62,8.74,8.74,https://gmgn.ai/sol/address/DiJF3L3796seiwyjmwfTz9wHUCCP5kmeMQM6kDzzjXax
6YF1jopu1B6TdfmhiwURzAxef6w9ukDRnszUEaVcNb95,3,ABU:early44 / DUVE:early31 / TERMINAL:early97,-2.11,-2.11,https://gmgn.ai/sol/address/6YF1jopu1B6TdfmhiwURzAxef6w9ukDRnszUEaVcNb95
3eGj9qx6D4CADVzunDN8MLcGsP3BXQabZ8xReEdgML6a,2,AGENCY:top17 / CATGPT:top7,120627.84,122542.84,https://gmgn.ai/sol/address/3eGj9qx6D4CADVzunDN8MLcGsP3BXQabZ8xReEdgML6a
3BLjRcxWGtR7WRshJ3hL25U3RjWr5Ud98wMcczQqk4Ei,2,AGENCY:top61 / CATGPT:early70,30163.13,34849.16,https://gmgn.ai/sol/address/3BLjRcxWGtR7WRshJ3hL25U3RjWr5Ud98wMcczQqk4Ei
4Me7SRKZFiUwMaTF4zBZd3PRvXYegYzTrSUqt8sgGH5Q,2,AGENCY:top3 / CATGPT:top9,25721.95,290497.5,https://gmgn.ai/sol/address/4Me7SRKZFiUwMaTF4zBZd3PRvXYegYzTrSUqt8sgGH5Q
7S8efBwRqgHQZarL5MPFwpbxpLuxh7YgKMekZyvFtL3G,2,ABU:top15 / AGENCY:top73,22056.62,29872.89,https://gmgn.ai/sol/address/7S8efBwRqgHQZarL5MPFwpbxpLuxh7YgKMekZyvFtL3G
BgQPupJ8U7TnZtZTQ1FzAD7LqsJNjtZZXGPqfnrtZVQJ,2,AGENCY:top6 / CATGPT:top88,19782.05,203630.62,https://gmgn.ai/sol/address/BgQPupJ8U7TnZtZTQ1FzAD7LqsJNjtZZXGPqfnrtZVQJ
EdVGjXVfJ4J1PdJBP9Ys74wswPk1HWbEz5d2mZ8WfSPs,2,AGENCY:top43 / MICRO:top89,19316.37,54207.29,https://gmgn.ai/sol/address/EdVGjXVfJ4J1PdJBP9Ys74wswPk1HWbEz5d2mZ8WfSPs
4GSRwdycLxHKrHvP9hUvoy5R1heZyDxc2C5cEBfQTANi,2,AGENCY:top80 / MICRO:top75,18297.05,27108.92,https://gmgn.ai/sol/address/4GSRwdycLxHKrHvP9hUvoy5R1heZyDxc2C5cEBfQTANi
6UPDDhqdSz3G613DwR2bxZaGVAMYANZwqPc65uwwRcKL,2,AGENCY:top21 / CATGPT:top79,15281.92,99458.6,https://gmgn.ai/sol/address/6UPDDhqdSz3G613DwR2bxZaGVAMYANZwqPc65uwwRcKL
7boGMyPxcogdwYuywFkSbx34pmC732GDch3RxGieCyaQ,2,AGENCY:top50 / MICRO:top82,12323.63,45862.44,https://gmgn.ai/sol/address/7boGMyPxcogdwYuywFkSbx34pmC732GDch3RxGieCyaQ
VTd8fTsCkWTdtxtJvURJemNDuq9RCDh5uBhggUrBU15,2,"CATGPT:early34,top5 / TIPTOE:top11",9285.66,9719.77,https://gmgn.ai/sol/address/VTd8fTsCkWTdtxtJvURJemNDuq9RCDh5uBhggUrBU15
CBAPTm6p5dqvhQQZrToa7vwhpxsi1bPVc65wCbZWBuB7,2,MICRO:top73 / SIF:top9,6576.24,6576.24,https://gmgn.ai/sol/address/CBAPTm6p5dqvhQQZrToa7vwhpxsi1bPVc65wCbZWBuB7
9NFqZszvt1918MaNDzRQFGJprNqHZR1AaXbE8vftyX4p,2,Reelpad:top69 / TERMINAL:early11,6360.24,6360.24,https://gmgn.ai/sol/address/9NFqZszvt1918MaNDzRQFGJprNqHZR1AaXbE8vftyX4p
DZ2R4TVQujaMhsPrtEvPS71WNGabnhXhRRCZcocy2naK,2,MICRO:top21 / TIPTOE:top83,5355.46,5355.46,https://gmgn.ai/sol/address/DZ2R4TVQujaMhsPrtEvPS71WNGabnhXhRRCZcocy2naK
EtJ99fc12VsMrPgrMQF2EDxuM6j61RY54b5ySiouBBES,2,MICRO:top57 / TIPTOE:top69,3322.15,3322.15,https://gmgn.ai/sol/address/EtJ99fc12VsMrPgrMQF2EDxuM6j61RY54b5ySiouBBES
DmtMduBxL8NCD3oYjhCuuyp8u8ryAYBGaXirdBPFzG8e,2,Reelpad:top53 / SIF:top13,3227.43,3985.67,https://gmgn.ai/sol/address/DmtMduBxL8NCD3oYjhCuuyp8u8ryAYBGaXirdBPFzG8e
VJSDW6S74YXR4rRR9P4xwhMvLZJQMhrUb8XMFirUsy1,2,"CATGPT:early35,top12 / TIPTOE:top15",3080.64,7559.51,https://gmgn.ai/sol/address/VJSDW6S74YXR4rRR9P4xwhMvLZJQMhrUb8XMFirUsy1
BuekUk3YMmm7Agnb4ni1qMCmShVpeBTdQZYNyihyzr7u,2,"CATGPT:early72 / DUVE:early93,top1",2951.59,2951.59,https://gmgn.ai/sol/address/BuekUk3YMmm7Agnb4ni1qMCmShVpeBTdQZYNyihyzr7u
13VK7ZrRrx1uZ4Frm2TjacNsbipun21qqifE8wibPVys,2,Reelpad:top10 / TIPTOE:top43,2856.87,2856.87,https://gmgn.ai/sol/address/13VK7ZrRrx1uZ4Frm2TjacNsbipun21qqifE8wibPVys
3VwmH9qYgqSSunvX1qQ3YNVMGsm4wnB6UYveH15hXK1Q,2,"CATGPT:early32,top18 / TIPTOE:top13",2710.08,7411.35,https://gmgn.ai/sol/address/3VwmH9qYgqSSunvX1qQ3YNVMGsm4wnB6UYveH15hXK1Q
6ou4YPcDJioR6J8jH6WpSgnDzUNUe9AkTX2wWZoxEXgn,2,DUVE:top83 / MICRO:top59,2598.05,2598.05,https://gmgn.ai/sol/address/6ou4YPcDJioR6J8jH6WpSgnDzUNUe9AkTX2wWZoxEXgn
65paNEG8m7mCVoASVF2KbRdU21aKXdASSB9G3NjCSQuE,2,DUVE:top3 / Reelpad:top34,2186.28,2186.28,https://gmgn.ai/sol/address/65paNEG8m7mCVoASVF2KbRdU21aKXdASSB9G3NjCSQuE
FeCffDjc3WYUfC259iYejAMqNM11VX6WfNBT1EaoEx1V,2,DUVE:top18 / Reelpad:top13,2179.32,2179.32,https://gmgn.ai/sol/address/FeCffDjc3WYUfC259iYejAMqNM11VX6WfNBT1EaoEx1V
83bhwRG9xyGtEPvnAqTTarTZiZipPhTzcYYznTYUchgo,2,DUVE:top23 / Reelpad:top12,2149.2,2149.2,https://gmgn.ai/sol/address/83bhwRG9xyGtEPvnAqTTarTZiZipPhTzcYYznTYUchgo
HGTrvb7k8EQiNT6W2LSTipKyV8MQ5Ai9gpyQFypqeVug,2,DUVE:top7 / Reelpad:top18,2134.42,2134.42,https://gmgn.ai/sol/address/HGTrvb7k8EQiNT6W2LSTipKyV8MQ5Ai9gpyQFypqeVug
7QTUHN1MkiA2weDaxXgutJ7A9GpciN4UcLd3U9kf2DMr,2,DUVE:top15 / Reelpad:top16,2038.84,2038.84,https://gmgn.ai/sol/address/7QTUHN1MkiA2weDaxXgutJ7A9GpciN4UcLd3U9kf2DMr
38rdUsWJZtb9ShNvZtZSk6ZHRi5KQ5sHGNHL9e2RsWtH,2,DUVE:top11 / Reelpad:top21,2026.52,2026.52,https://gmgn.ai/sol/address/38rdUsWJZtb9ShNvZtZSk6ZHRi5KQ5sHGNHL9e2RsWtH
AnXgTp2rVxAfFSGbLkL3aQp3mrwYWANp9eTvG1zZTisj,2,DUVE:top19 / Reelpad:top26,1886.7,1886.7,https://gmgn.ai/sol/address/AnXgTp2rVxAfFSGbLkL3aQp3mrwYWANp9eTvG1zZTisj
6UAtD3QG5fca3bZoyBYRaaEwAxZSsSxx6tj6SSHmNXqR,2,DUVE:top8 / Reelpad:top44,1817.49,1817.49,https://gmgn.ai/sol/address/6UAtD3QG5fca3bZoyBYRaaEwAxZSsSxx6tj6SSHmNXqR
EsM56zsTpZN54WjuFNDVRckz5KDLM7QqDKScZY15M3eZ,2,Reelpad:early26 / SIF:top33,1783.99,1951.44,https://gmgn.ai/sol/address/EsM56zsTpZN54WjuFNDVRckz5KDLM7QqDKScZY15M3eZ
DWyvsQmHL1thckeYZtruMH8tNJRrQsqYaitUfPqRzJML,2,DUVE:top16 / Reelpad:top36,1767.07,1767.07,https://gmgn.ai/sol/address/DWyvsQmHL1thckeYZtruMH8tNJRrQsqYaitUfPqRzJML
4DRZ1Q27FMFrXgRDnhkA2c1rqvTaom8kMacJDbzB9D6X,2,DUVE:top20 / Reelpad:top39,1703.42,1703.42,https://gmgn.ai/sol/address/4DRZ1Q27FMFrXgRDnhkA2c1rqvTaom8kMacJDbzB9D6X
6hkd4VQ7ZeTXBBtwcktWD5kTBj9ahZspLcew5tpMPrH9,2,SIF:top50 / TERMINAL:early79,1598.6,1611.3,https://gmgn.ai/sol/address/6hkd4VQ7ZeTXBBtwcktWD5kTBj9ahZspLcew5tpMPrH9
7BNaxx6KdUYrjACNQZ9He26NBFoFxujQMAfNLnArLGH5,2,CATGPT:top62 / Reelpad:top33,1474.38,1442.44,https://gmgn.ai/sol/address/7BNaxx6KdUYrjACNQZ9He26NBFoFxujQMAfNLnArLGH5
B9mw5yx8jMybo86FNqLgBLrAf1F5KdfAhgqqsLCY7PYf,2,SIF:early79 / TERMINAL:early39,1368.54,1368.54,https://gmgn.ai/sol/address/B9mw5yx8jMybo86FNqLgBLrAf1F5KdfAhgqqsLCY7PYf
8zkgFGVZrDLieViwqiXFCydSX6WL5hsxmUu55yBdsNsZ,2,Reelpad:top89 / TIPTOE:top62,1266.0,1152.63,https://gmgn.ai/sol/address/8zkgFGVZrDLieViwqiXFCydSX6WL5hsxmUu55yBdsNsZ
2tgUbS9UMoQD6GkDZBiqKYCURnGrSb6ocYwRABrSJUvY,2,CATGPT:top73 / Reelpad:top43,1263.16,1238.85,https://gmgn.ai/sol/address/2tgUbS9UMoQD6GkDZBiqKYCURnGrSb6ocYwRABrSJUvY
5aLY85pyxiuX3fd4RgM3Yc1e3MAL6b7UgaZz6MS3JUfG,2,CATGPT:top89 / Reelpad:top72,1235.88,826.44,https://gmgn.ai/sol/address/5aLY85pyxiuX3fd4RgM3Yc1e3MAL6b7UgaZz6MS3JUfG
5GGqDQVr2LasfmWFXSH54V6ryVrXGwkZSjkK6xR473XJ,2,CATGPT:top21 / SIF:early83,1231.31,1231.31,https://gmgn.ai/sol/address/5GGqDQVr2LasfmWFXSH54V6ryVrXGwkZSjkK6xR473XJ
EYvwg12vXcUN7pF1fASQZZgQ9RbVUMLjKqqCfi961ptw,2,CATGPT:top76 / TIPTOE:top91,1198.6,953.08,https://gmgn.ai/sol/address/EYvwg12vXcUN7pF1fASQZZgQ9RbVUMLjKqqCfi961ptw
FvJK99LtCz93psA1mW9JyVrWB4uXx58u2ibJVtwaoHb6,2,Reelpad:top22 / SIF:top35,1057.77,2817.38,https://gmgn.ai/sol/address/FvJK99LtCz93psA1mW9JyVrWB4uXx58u2ibJVtwaoHb6
F6pq4UnxJVGfNiFdW9YJG1QPppvNuCdFWTNqdWqpeiCZ,2,DUVE:top43 / TIPTOE:top70,1026.63,1026.63,https://gmgn.ai/sol/address/F6pq4UnxJVGfNiFdW9YJG1QPppvNuCdFWTNqdWqpeiCZ
68xaw2jz26BwR6yRtQxdX1Xb7cyGKrdaNMzAy6WXWMK9,2,DUVE:top58 / Reelpad:top41,996.35,996.35,https://gmgn.ai/sol/address/68xaw2jz26BwR6yRtQxdX1Xb7cyGKrdaNMzAy6WXWMK9
kEFiAX3jo5NmemysQov342TZ9mGh6yp92GDRjhA8XDf,2,DUVE:top100 / Reelpad:top58,740.25,655.69,https://gmgn.ai/sol/address/kEFiAX3jo5NmemysQov342TZ9mGh6yp92GDRjhA8XDf
31qva3NtRKuFpzVHAwwSCGvu9LX8jt6UwwshNxRcWtEY,2,DUVE:top45 / TIPTOE:top97,710.56,710.56,https://gmgn.ai/sol/address/31qva3NtRKuFpzVHAwwSCGvu9LX8jt6UwwshNxRcWtEY
BRx8TP6HsD9srJ62rcYizjAHyZ5mt3cp8wPBEZioTsym,2,DUVE:top73 / Reelpad:top65,699.51,699.51,https://gmgn.ai/sol/address/BRx8TP6HsD9srJ62rcYizjAHyZ5mt3cp8wPBEZioTsym
143CmNfVuMHh2ZhoHtHHoEpzNRz6JbyfLK6VHCwPjZTS,2,Reelpad:top49 / SIF:top6,627.2,5756.19,https://gmgn.ai/sol/address/143CmNfVuMHh2ZhoHtHHoEpzNRz6JbyfLK6VHCwPjZTS
BLUEZYapTJn89Rq5Mb48gD6XdT2ZJtDMw9iXBeNq8ntx,2,DUVE:top85 / Reelpad:top73,605.29,605.29,https://gmgn.ai/sol/address/BLUEZYapTJn89Rq5Mb48gD6XdT2ZJtDMw9iXBeNq8ntx
HGXr65KiTHQWNbmRR7Z9vNdJhCPRdHK4wwH27Wpt8q3b,2,CATGPT:top95 / DUVE:top76,537.57,537.57,https://gmgn.ai/sol/address/HGXr65KiTHQWNbmRR7Z9vNdJhCPRdHK4wwH27Wpt8q3b
J6YEG5cmN3jbDy2BhMmvE59h9Ar8t84A9uYa5R5icKix,2,ABU:early18 / AGENCY:early15,530.65,530.65,https://gmgn.ai/sol/address/J6YEG5cmN3jbDy2BhMmvE59h9Ar8t84A9uYa5R5icKix
BAk7jy4pPS9u4tBsbGWVJstrbami8UuxQtRktVFnfx9k,2,CATGPT:top93 / DUVE:early58,370.07,370.07,https://gmgn.ai/sol/address/BAk7jy4pPS9u4tBsbGWVJstrbami8UuxQtRktVFnfx9k
HQoHgRdpvWLHGMY7bX24s5cziX7D3Dezu99uR3PcqKaX,2,DUVE:top78 / TERMINAL:early65,369.11,369.11,https://gmgn.ai/sol/address/HQoHgRdpvWLHGMY7bX24s5cziX7D3Dezu99uR3PcqKaX
8JDptYED78akrSQSf1UEC42G4KpK5HGYmNjWFtzH2CsR,2,DUVE:top61 / TERMINAL:early87,263.23,263.23,https://gmgn.ai/sol/address/8JDptYED78akrSQSf1UEC42G4KpK5HGYmNjWFtzH2CsR
BWBd3hj2MmSYYYFidfXeuWGqoednsdkdHqXU75C56xpt,2,ABU:early32 / Reelpad:early74,260.57,260.57,https://gmgn.ai/sol/address/BWBd3hj2MmSYYYFidfXeuWGqoednsdkdHqXU75C56xpt
Ad6sYd6nC8cXsHedvopYaCEAFQbbSkcrVJVsug4SCQtL,2,DUVE:top67 / TERMINAL:early84,235.74,235.74,https://gmgn.ai/sol/address/Ad6sYd6nC8cXsHedvopYaCEAFQbbSkcrVJVsug4SCQtL
EV6gGo8mV3WKFUzDXdUhKyNMuTRQ7fTbwGTGr5rtrfTn,2,DUVE:top96 / TERMINAL:early85,212.56,212.56,https://gmgn.ai/sol/address/EV6gGo8mV3WKFUzDXdUhKyNMuTRQ7fTbwGTGr5rtrfTn
DDf36RqPv62LoW6dMxvMdLUpFJHSvTdmgqtB54EeaSab,2,DUVE:top69 / TERMINAL:early89,197.16,197.16,https://gmgn.ai/sol/address/DDf36RqPv62LoW6dMxvMdLUpFJHSvTdmgqtB54EeaSab
j7QJ8z1LSDtBd38ZsDa9mKao6kfXAHEzt7GcGSpYCyj,2,DUVE:top84 / TERMINAL:early86,162.44,162.44,https://gmgn.ai/sol/address/j7QJ8z1LSDtBd38ZsDa9mKao6kfXAHEzt7GcGSpYCyj
4cPzX7E3LNTCabPGBWxHqSZF2iox6pE4gEqwVDNU5crR,2,DUVE:top89 / TERMINAL:early88,158.21,158.21,https://gmgn.ai/sol/address/4cPzX7E3LNTCabPGBWxHqSZF2iox6pE4gEqwVDNU5crR
NUTN33YPQNsm68jwafcAsBps5aeGTCH16yWZnyRRtM8,2,TERMINAL:early60 / TIPTOE:early31,63.0,63.0,https://gmgn.ai/sol/address/NUTN33YPQNsm68jwafcAsBps5aeGTCH16yWZnyRRtM8
rfq8uWY8oMCLjdGZC9pJqnsHPnKdJHTJSJFiVfnNw8t,2,DUVE:early30 / Reelpad:early51,62.96,62.96,https://gmgn.ai/sol/address/rfq8uWY8oMCLjdGZC9pJqnsHPnKdJHTJSJFiVfnNw8t
EZbw9MrMwGKE3PCYDos7Y7cQsaqoRAby9i18MjGjzxMk,2,DUVE:early73 / TERMINAL:early49,54.74,54.74,https://gmgn.ai/sol/address/EZbw9MrMwGKE3PCYDos7Y7cQsaqoRAby9i18MjGjzxMk
Cb7iwWLgcSKMoh89ydu231PVVuqdq4CStQGWoDA7uoiA,2,ABU:early35 / AGENCY:early14,42.56,42.56,https://gmgn.ai/sol/address/Cb7iwWLgcSKMoh89ydu231PVVuqdq4CStQGWoDA7uoiA
Gdfyi9hHz7s1aDKbexkGeudLZ4pVjpLpsxECTEmV55Qr,2,AGENCY:early11 / DUVE:early38,32.9,32.9,https://gmgn.ai/sol/address/Gdfyi9hHz7s1aDKbexkGeudLZ4pVjpLpsxECTEmV55Qr
ALC9QNsMaFV8cCCpyL6vHDQdwmPzMkdpx6yiwFnVE3L8,2,AGENCY:early19 / Reelpad:early12,22.04,22.04,https://gmgn.ai/sol/address/ALC9QNsMaFV8cCCpyL6vHDQdwmPzMkdpx6yiwFnVE3L8
63otb3qfCMz5bghv2vyEEwMoZnhnqyv7mj6rVco1hwnH,2,DUVE:early86 / TERMINAL:early50,18.65,18.65,https://gmgn.ai/sol/address/63otb3qfCMz5bghv2vyEEwMoZnhnqyv7mj6rVco1hwnH
57rhyoYxJcjsJcoFLy74LdxeJH4h2X65kqexucvbD1Sj,2,ABU:early19 / DUVE:early41,17.54,17.54,https://gmgn.ai/sol/address/57rhyoYxJcjsJcoFLy74LdxeJH4h2X65kqexucvbD1Sj
AJ5snxaH5Gdvxi6CRTwN7c7467eNjfwGAP2htaMSrRpr,2,ABU:early14 / AGENCY:early27,16.86,16.86,https://gmgn.ai/sol/address/AJ5snxaH5Gdvxi6CRTwN7c7467eNjfwGAP2htaMSrRpr
Byp94qdS3ZPZe6EqWfz3pi38Cig9WSi8FWfUHgZScewB,2,ABU:early79 / DUVE:early60,10.51,10.51,https://gmgn.ai/sol/address/Byp94qdS3ZPZe6EqWfz3pi38Cig9WSi8FWfUHgZScewB
7J8rARimdKyo6JzZUWCkgesWeZX3txPw7rvo7CN2qtPH,2,AGENCY:early75 / TIPTOE:early53,9.8,9.8,https://gmgn.ai/sol/address/7J8rARimdKyo6JzZUWCkgesWeZX3txPw7rvo7CN2qtPH
5QY3MBvLEsP4xjE4SNYJYPuwvJgoBUrDnvSaZUNsNHZT,2,DUVE:early34 / Reelpad:early13,8.51,8.51,https://gmgn.ai/sol/address/5QY3MBvLEsP4xjE4SNYJYPuwvJgoBUrDnvSaZUNsNHZT
84UBp52FJZ5xwD5sGUqddzujNUUUAjNzNtLBfVeLXW84,2,AGENCY:early20 / Reelpad:early14,6.53,6.53,https://gmgn.ai/sol/address/84UBp52FJZ5xwD5sGUqddzujNUUUAjNzNtLBfVeLXW84
2zMj6wNqNKSa3dG8ioUDi71P2uijKiojLwEizVGKWRjG,2,CATGPT:early39 / TERMINAL:early61,5.66,5.66,https://gmgn.ai/sol/address/2zMj6wNqNKSa3dG8ioUDi71P2uijKiojLwEizVGKWRjG
HaRdZawDfn715cGxrGVujdMz7Q7xgBuF13GNRYG6vBBR,2,CATGPT:early53 / TERMINAL:early57,4.69,4.69,https://gmgn.ai/sol/address/HaRdZawDfn715cGxrGVujdMz7Q7xgBuF13GNRYG6vBBR
6WVw8jQoRe2fBTpjkKXHgw84ScMQtgPzdhtRSvCZXezJ,2,Reelpad:early89 / TIPTOE:early93,4.55,184.03,https://gmgn.ai/sol/address/6WVw8jQoRe2fBTpjkKXHgw84ScMQtgPzdhtRSvCZXezJ
ETwFDcuXBv38wD9AVTgP5quZkmkrmrHrJUJF4FGCssRi,2,ABU:early42 / AGENCY:early25,3.66,3.66,https://gmgn.ai/sol/address/ETwFDcuXBv38wD9AVTgP5quZkmkrmrHrJUJF4FGCssRi
GZqYjSvjZFJnxRgMYZxEfTmeBqAzW6bJSc6joDB2ve8U,2,DUVE:early76 / Reelpad:early35,0.11,0.11,https://gmgn.ai/sol/address/GZqYjSvjZFJnxRgMYZxEfTmeBqAzW6bJSc6joDB2ve8U
3MF4fvRBxVt2kAtWoTyoXvExSUkoi8NNe1svVa6PRXJm,2,"ABU:top17 / SIF:early97,top22",0.0,7566.26,https://gmgn.ai/sol/address/3MF4fvRBxVt2kAtWoTyoXvExSUkoi8NNe1svVa6PRXJm
52tnLq8yLEfnPDLsi2kgbordacE247Au6mYuTL7ZpzSp,2,"ABU:top18 / SIF:early98,top23",0.0,7406.86,https://gmgn.ai/sol/address/52tnLq8yLEfnPDLsi2kgbordacE247Au6mYuTL7ZpzSp
AEZAfc3j1vgTFX3bH6NVvAERAZrhio5WCcno5aHrT4Z9,2,"ABU:top63 / TIPTOE:early29,top4",0.0,16778.7,https://gmgn.ai/sol/address/AEZAfc3j1vgTFX3bH6NVvAERAZrhio5WCcno5aHrT4Z9
8NVkytV1CtoNBXGFtwXwh4KQdbgVcA6hFmym1gMuRHru,2,Reelpad:early69 / TERMINAL:early19,0.0,0.0,https://gmgn.ai/sol/address/8NVkytV1CtoNBXGFtwXwh4KQdbgVcA6hFmym1gMuRHru
ExkBDVdrrN7woPX42v5sfJa7AvHKhAb2uU9Fwzhhokno,2,Reelpad:early70 / TERMINAL:early18,0.0,0.0,https://gmgn.ai/sol/address/ExkBDVdrrN7woPX42v5sfJa7AvHKhAb2uU9Fwzhhokno
5otWyCgqJBzktS31GHS9zcBTSjoLGcRmYcqWebt2pHWd,2,CATGPT:top10 / Reelpad:top96,0.0,1123.74,https://gmgn.ai/sol/address/5otWyCgqJBzktS31GHS9zcBTSjoLGcRmYcqWebt2pHWd
3pk5yRhwwFdvDBrBuuC5CRorVafHG2EQmzNEYy8Ny2K6,2,CATGPT:early30 / TERMINAL:early3,0.0,0.0,https://gmgn.ai/sol/address/3pk5yRhwwFdvDBrBuuC5CRorVafHG2EQmzNEYy8Ny2K6
JAj2wKJmW54nyBFYxUea7Nq3fYTE3G69iwaa8NLjTRFr,2,DUVE:early32 / TERMINAL:early81,0.0,0.0,https://gmgn.ai/sol/address/JAj2wKJmW54nyBFYxUea7Nq3fYTE3G69iwaa8NLjTRFr
AkfrEiNctkZnZtSSrTKF8wEAKsfqds4tRor34cKNqGtV,2,DUVE:early83 / Reelpad:early18,-0.06,-0.06,https://gmgn.ai/sol/address/AkfrEiNctkZnZtSSrTKF8wEAKsfqds4tRor34cKNqGtV
GC6jyQ25JWFNnmmvzQQMmZjDtbK8PhEdQzBkVTqaMZMG,2,ABU:early20 / AGENCY:early46,-0.78,-0.78,https://gmgn.ai/sol/address/GC6jyQ25JWFNnmmvzQQMmZjDtbK8PhEdQzBkVTqaMZMG
TLSV4SiZuBTdku6n1DrJE76fRb46r9uA15MfPn3n6zL,2,ABU:early59 / Reelpad:early15,-21.04,-21.04,https://gmgn.ai/sol/address/TLSV4SiZuBTdku6n1DrJE76fRb46r9uA15MfPn3n6zL
vomDJnVwFMqeh93ZemoeqGJV5ZSPxsutNGohSVcvwUW,2,ABU:top24 / AGENCY:top49,-545.47,46529.1,https://gmgn.ai/sol/address/vomDJnVwFMqeh93ZemoeqGJV5ZSPxsutNGohSVcvwUW
63ancKRC8Zr1gyaM6pgM8rtszodV7FNy445VwCGHoEBP,1,AGENCY:top11,158644.48,158644.48,https://gmgn.ai/sol/address/63ancKRC8Zr1gyaM6pgM8rtszodV7FNy445VwCGHoEBP
F8gwsEGBY3vjE7xRz7dPjfa4fHdZxjPsechg1CcNTs48,1,AGENCY:top13,106162.89,150126.91,https://gmgn.ai/sol/address/F8gwsEGBY3vjE7xRz7dPjfa4fHdZxjPsechg1CcNTs48
HDPULyHhMqwfWh45z2fQoGzmdp6dcRihy57dxucmrScg,1,AGENCY:top27,77956.85,77956.85,https://gmgn.ai/sol/address/HDPULyHhMqwfWh45z2fQoGzmdp6dcRihy57dxucmrScg
5XnRD674auE7GWSBss5W2NZhyEyzHv4XCBcGKAXbwg7u,1,AGENCY:top14,69297.25,146277.59,https://gmgn.ai/sol/address/5XnRD674auE7GWSBss5W2NZhyEyzHv4XCBcGKAXbwg7u
FVj2rfko4tFAGjVv44w34jXPZ1PA3wYGBhpDuTQWxbbv,1,AGENCY:top7,63904.8,201081.46,https://gmgn.ai/sol/address/FVj2rfko4tFAGjVv44w34jXPZ1PA3wYGBhpDuTQWxbbv
9aVPL73TfTonNck8zfLS6K4JcoTmw94YGrxu1K8VSSDk,1,AGENCY:top39,59050.42,57485.78,https://gmgn.ai/sol/address/9aVPL73TfTonNck8zfLS6K4JcoTmw94YGrxu1K8VSSDk
6QAqPr36syxZ8WGDofU5pQ8kRaMM2ZQ94GVvQa8hjFu7,1,"AGENCY:early7,top74",53852.9,53852.9,https://gmgn.ai/sol/address/6QAqPr36syxZ8WGDofU5pQ8kRaMM2ZQ94GVvQa8hjFu7
3gsHU6nuxPcFQfM7Up5LoJbyHq6UW3QX7hdvP22GrYfD,1,AGENCY:top46,47047.91,47047.91,https://gmgn.ai/sol/address/3gsHU6nuxPcFQfM7Up5LoJbyHq6UW3QX7hdvP22GrYfD
BaCw5hq6qBf85ZX2S98Eb8TThdWap8yxhzFWE583JZfP,1,AGENCY:top47,47010.02,47010.02,https://gmgn.ai/sol/address/BaCw5hq6qBf85ZX2S98Eb8TThdWap8yxhzFWE583JZfP
GXQaAt1GcU9exkavK9GfKABipRkm7L1bVs8mrBXzdhUK,1,AGENCY:top12,44532.39,156804.03,https://gmgn.ai/sol/address/GXQaAt1GcU9exkavK9GfKABipRkm7L1bVs8mrBXzdhUK
EC2f5DnHzuNRit1ExqghSifDbp1wgrzktsRRZCtU92MJ,1,AGENCY:top23,42899.96,90726.94,https://gmgn.ai/sol/address/EC2f5DnHzuNRit1ExqghSifDbp1wgrzktsRRZCtU92MJ
GAsnqm4XkNkPVgrAofNQ65jWf8f3tKCLHhE9ZqSy2AP1,1,AGENCY:top51,41287.23,41287.23,https://gmgn.ai/sol/address/GAsnqm4XkNkPVgrAofNQ65jWf8f3tKCLHhE9ZqSy2AP1
Df7DsBZPhHKK6qxG7DQ1jNQ7J5HbJw1eZLhG4M1DWhLH,1,AGENCY:top1,38860.11,321942.68,https://gmgn.ai/sol/address/Df7DsBZPhHKK6qxG7DQ1jNQ7J5HbJw1eZLhG4M1DWhLH
HNZqD3J1eQxkKya8RUk3xtkfQGk56C6aseUe26XmeztX,1,AGENCY:top53,38736.34,38735.99,https://gmgn.ai/sol/address/HNZqD3J1eQxkKya8RUk3xtkfQGk56C6aseUe26XmeztX
FeFnCZToh6ktFRcaTKM8eFSXTKoZ9GnhtNT1Jwqj9GPJ,1,AGENCY:top54,38081.65,38081.65,https://gmgn.ai/sol/address/FeFnCZToh6ktFRcaTKM8eFSXTKoZ9GnhtNT1Jwqj9GPJ
39CnDqzRcT3Tf2e1jnc4bdJSj8dAY9Ek3geo89ncgQ5c,1,AGENCY:top58,37408.7,37408.7,https://gmgn.ai/sol/address/39CnDqzRcT3Tf2e1jnc4bdJSj8dAY9Ek3geo89ncgQ5c
2Ds9ZjAvb12CTiLLX4VeN8Pi5nfwwTgksgdzULdiHtFk,1,AGENCY:top67,35919.8,31151.58,https://gmgn.ai/sol/address/2Ds9ZjAvb12CTiLLX4VeN8Pi5nfwwTgksgdzULdiHtFk
8drZhMf4wxK4eqaMC82Gg3FRpaKHxkp5vEZfW4VGJDWA,1,AGENCY:top65,32204.55,32204.55,https://gmgn.ai/sol/address/8drZhMf4wxK4eqaMC82Gg3FRpaKHxkp5vEZfW4VGJDWA
GyfRNiLmjz6WbtNLHG5632N9hu59xnsEbU43yyty2yfs,1,AGENCY:top66,32072.18,32072.18,https://gmgn.ai/sol/address/GyfRNiLmjz6WbtNLHG5632N9hu59xnsEbU43yyty2yfs
9bCKedAfVvpPeepsXAdq4DnW82rrLNnwEKv4AUaUHq1L,1,AGENCY:top68,30979.63,30979.63,https://gmgn.ai/sol/address/9bCKedAfVvpPeepsXAdq4DnW82rrLNnwEKv4AUaUHq1L
9pGcr4S4eVaihGNZMX5LbDJUuUrQ79QKw6npiCgfausK,1,AGENCY:top57,30490.57,37427.87,https://gmgn.ai/sol/address/9pGcr4S4eVaihGNZMX5LbDJUuUrQ79QKw6npiCgfausK
E95R8eC1dfTSRe59rGqE8C6YXSb8SWJhCP6LNWPdmB59,1,AGENCY:top70,30324.55,30324.55,https://gmgn.ai/sol/address/E95R8eC1dfTSRe59rGqE8C6YXSb8SWJhCP6LNWPdmB59
4NbdPJQHpD7bQrvuJ8wPuVtaWJeU41JzDyjWwGr9UAVF,1,AGENCY:top28,27565.53,73428.25,https://gmgn.ai/sol/address/4NbdPJQHpD7bQrvuJ8wPuVtaWJeU41JzDyjWwGr9UAVF
3MvdJEq5vmCPemsufvg6yEGCNzFFs2Aypp4uWEY1bBW1,1,AGENCY:top75,26236.1,26236.1,https://gmgn.ai/sol/address/3MvdJEq5vmCPemsufvg6yEGCNzFFs2Aypp4uWEY1bBW1
DM8Zc7KXLzDRATyg6nXsNacrTq5ejrQizq61fnouFz58,1,AGENCY:top77,25989.56,25989.56,https://gmgn.ai/sol/address/DM8Zc7KXLzDRATyg6nXsNacrTq5ejrQizq61fnouFz58
BpdrVWyVFvAZFtMPM2TxacXWxFYbBW4XiHpLaCr42oPr,1,AGENCY:top16,25920.22,130389.98,https://gmgn.ai/sol/address/BpdrVWyVFvAZFtMPM2TxacXWxFYbBW4XiHpLaCr42oPr
4hMB9bjcmyhpVdTmZQFPBwFCP2JmK2ChFmLCZCrNb3Gt,1,AGENCY:top52,24902.19,38771.32,https://gmgn.ai/sol/address/4hMB9bjcmyhpVdTmZQFPBwFCP2JmK2ChFmLCZCrNb3Gt
12sXRn8eUn13Lho3Tm373B2WAqrbtxVqX1n1HXcLV4yN,1,AGENCY:top83,23577.98,23577.98,https://gmgn.ai/sol/address/12sXRn8eUn13Lho3Tm373B2WAqrbtxVqX1n1HXcLV4yN
5yi7FY3N3UfRL5wUVk2Vz2V7NQ2f2xAhrPQVfQBd5aXy,1,AGENCY:top45,22802.39,47082.83,https://gmgn.ai/sol/address/5yi7FY3N3UfRL5wUVk2Vz2V7NQ2f2xAhrPQVfQBd5aXy
DdrwSgTxA8HCgQpSVyT1ZXDCEXvjDj7QvLC116PjmxTv,1,AGENCY:top24,22238.71,82717.91,https://gmgn.ai/sol/address/DdrwSgTxA8HCgQpSVyT1ZXDCEXvjDj7QvLC116PjmxTv
tkH9ze13owN4kpWQx8NeHngEZM34YnRuZzvF4E7Hz2V,1,AGENCY:top19,19506.96,112362.27,https://gmgn.ai/sol/address/tkH9ze13owN4kpWQx8NeHngEZM34YnRuZzvF4E7Hz2V
5SxH3q8hT1kwCwpxTfBmASqdnAjs2v2ihmVgWXDqJvFt,1,AGENCY:top84,18513.87,23163.4,https://gmgn.ai/sol/address/5SxH3q8hT1kwCwpxTfBmASqdnAjs2v2ihmVgWXDqJvFt
4wnb8yyaT5TTVADb4cp75fvSyF12yTWp4y7YQdJ5sn1U,1,AGENCY:top38,18250.39,58776.15,https://gmgn.ai/sol/address/4wnb8yyaT5TTVADb4cp75fvSyF12yTWp4y7YQdJ5sn1U
GMhaGrN2b2ZwA5FrutuUeTk35FfFaAVLahNykXAZZmor,1,ABU:top3,16697.86,16132.29,https://gmgn.ai/sol/address/GMhaGrN2b2ZwA5FrutuUeTk35FfFaAVLahNykXAZZmor
2JgNmveZVt8hmR6wLmaz4hNbNFCkXZUq1xMuSefpELrG,1,SIF:top1,16382.0,16382.0,https://gmgn.ai/sol/address/2JgNmveZVt8hmR6wLmaz4hNbNFCkXZUq1xMuSefpELrG
HzBmZAd7tbQft2BNeuzTRPDCfZ6tkjByc4Y8u6nYTftG,1,AGENCY:top29,15577.12,73268.88,https://gmgn.ai/sol/address/HzBmZAd7tbQft2BNeuzTRPDCfZ6tkjByc4Y8u6nYTftG
3Sn9V2L4GBSZJwri3B8cqjM8gASGzZBVUvzKBm9eH8vr,1,AGENCY:top64,14631.41,32474.51,https://gmgn.ai/sol/address/3Sn9V2L4GBSZJwri3B8cqjM8gASGzZBVUvzKBm9eH8vr
7yQGco6KxmV2DDhWB6DZX3kGQRwCiASD1HwQrssh7MmV,1,AGENCY:top91,14192.59,19783.08,https://gmgn.ai/sol/address/7yQGco6KxmV2DDhWB6DZX3kGQRwCiASD1HwQrssh7MmV
ALL1V7x5gH59qUHdpAK5M1js9YMGhb94xarqoi8PTKqy,1,MICRO:top3,14165.73,13448.68,https://gmgn.ai/sol/address/ALL1V7x5gH59qUHdpAK5M1js9YMGhb94xarqoi8PTKqy
DKtCHXT1X3P9ZqSSRVsntxwZJNkXsdtmVtyisuQM1D9J,1,MICRO:top1,14128.84,14128.84,https://gmgn.ai/sol/address/DKtCHXT1X3P9ZqSSRVsntxwZJNkXsdtmVtyisuQM1D9J
CqTqoWfCYGagARWE2B5ooqqqwqzcWrNMyjN4311uG5sD,1,MICRO:top2,13633.54,13633.54,https://gmgn.ai/sol/address/CqTqoWfCYGagARWE2B5ooqqqwqzcWrNMyjN4311uG5sD
2SeHoXXuWsSj4GanNS5TJfpmKNUtTB9pmtkYQdbyqRQ9,1,AGENCY:top82,13592.02,23714.4,https://gmgn.ai/sol/address/2SeHoXXuWsSj4GanNS5TJfpmKNUtTB9pmtkYQdbyqRQ9
Ew2JvG8zkz4qrRQg1qzyaUuvi6q4NL5K282BDnBiHygL,1,AGENCY:top20,13448.91,105012.82,https://gmgn.ai/sol/address/Ew2JvG8zkz4qrRQg1qzyaUuvi6q4NL5K282BDnBiHygL
BKhbVGWiEytExG4CnReJSDubc4YRoeV6X5FUue8KeR3h,1,AGENCY:top89,12972.33,20970.59,https://gmgn.ai/sol/address/BKhbVGWiEytExG4CnReJSDubc4YRoeV6X5FUue8KeR3h
3rrSGcKHXA6N1RZTwuxp9J12AQyrAE1PbHwx8tbs9cTu,1,AGENCY:early42,12405.81,12405.81,https://gmgn.ai/sol/address/3rrSGcKHXA6N1RZTwuxp9J12AQyrAE1PbHwx8tbs9cTu
CKJh25XFzf1mkUNZGY5c9GfhgFA6Hzn5GjDpgNjZM46s,1,AGENCY:top34,11013.53,64576.12,https://gmgn.ai/sol/address/CKJh25XFzf1mkUNZGY5c9GfhgFA6Hzn5GjDpgNjZM46s
2DMEekxNypeyjo9s78kvFGoSKJbPxMdox2r5Ajph9F1r,1,MICRO:top5,10744.06,9440.52,https://gmgn.ai/sol/address/2DMEekxNypeyjo9s78kvFGoSKJbPxMdox2r5Ajph9F1r
Dn7NtVTKojUZ8fehX3RmBN2TRgEH6QAmCVR9Ms5P2334,1,AGENCY:top85,10607.08,22984.01,https://gmgn.ai/sol/address/Dn7NtVTKojUZ8fehX3RmBN2TRgEH6QAmCVR9Ms5P2334
GAfKwVUnvqaNsk6JMozx1wgdr6Yn15zjovEx1ZfY1Q9q,1,SIF:top2,10454.98,10454.98,https://gmgn.ai/sol/address/GAfKwVUnvqaNsk6JMozx1wgdr6Yn15zjovEx1ZfY1Q9q
DzCgyfR4EJUGtiYBXiLZPfWti9pFJUY6dqR8tQVPtAcy,1,SIF:top3,10351.88,10351.88,https://gmgn.ai/sol/address/DzCgyfR4EJUGtiYBXiLZPfWti9pFJUY6dqR8tQVPtAcy
CQprwQUuDS3HGN8b6GxBU5MGzjwQZBCnfFtbsSh3tnv2,1,TERMINAL:early53,10225.2,10225.2,https://gmgn.ai/sol/address/CQprwQUuDS3HGN8b6GxBU5MGzjwQZBCnfFtbsSh3tnv2
BiQPccjNXw1xAxDUGKPSnfuHqW33Ew1jGdmPjXKpioXD,1,AGENCY:top87,9854.36,21563.25,https://gmgn.ai/sol/address/BiQPccjNXw1xAxDUGKPSnfuHqW33Ew1jGdmPjXKpioXD
ByQwybKUzjfVueDP5viPwnbE1dbQJrxUVzsy6VZQMWTB,1,MICRO:top4,9778.49,9778.49,https://gmgn.ai/sol/address/ByQwybKUzjfVueDP5viPwnbE1dbQJrxUVzsy6VZQMWTB
3bm9By7G4QLeUmJvh2ezR4mpigmwvNnWrsXMGm6ZvQTw,1,TIPTOE:top1,9275.71,9275.71,https://gmgn.ai/sol/address/3bm9By7G4QLeUmJvh2ezR4mpigmwvNnWrsXMGm6ZvQTw
AxG8DkSeEMJA8MzHKrtREjSfG2qBKq45xV52RziKjY7,1,MICRO:top6,9225.7,9225.7,https://gmgn.ai/sol/address/AxG8DkSeEMJA8MzHKrtREjSfG2qBKq45xV52RziKjY7
6xmMW5JPSEfeRuNdkxixHWsm4Sf57SdXybA3BdwZzrM1,1,MICRO:top7,9143.32,9143.32,https://gmgn.ai/sol/address/6xmMW5JPSEfeRuNdkxixHWsm4Sf57SdXybA3BdwZzrM1
Fx5FF2ahwyjJncPKWsWSUMF6kfJGZJNJkJ4fQ688BU6p,1,TIPTOE:top2,9083.13,9083.13,https://gmgn.ai/sol/address/Fx5FF2ahwyjJncPKWsWSUMF6kfJGZJNJkJ4fQ688BU6p
7xKrUFsU2RkJbCvp84HDK5P2MGvCjMRqkdqZXwuyLSsD,1,MICRO:top8,9018.55,9018.55,https://gmgn.ai/sol/address/7xKrUFsU2RkJbCvp84HDK5P2MGvCjMRqkdqZXwuyLSsD
6eUrvaEkyxp6fARuSDA8P5YXw76j3HGqLMfteVXSQo5M,1,AGENCY:top71,8877.46,29425.05,https://gmgn.ai/sol/address/6eUrvaEkyxp6fARuSDA8P5YXw76j3HGqLMfteVXSQo5M
H4GTK8vcETmxWAHtsvrPYzWWuY3NnyxJVhoM37nyicwk,1,MICRO:top9,8228.16,8228.16,https://gmgn.ai/sol/address/H4GTK8vcETmxWAHtsvrPYzWWuY3NnyxJVhoM37nyicwk
Ba3cgPJwaWHGyqu9C5FgdZ9tzUSNmBwyfKDFtU6QHWjH,1,AGENCY:top40,8091.41,54695.11,https://gmgn.ai/sol/address/Ba3cgPJwaWHGyqu9C5FgdZ9tzUSNmBwyfKDFtU6QHWjH
g31qKyCZgGgfipXZZfyRLsipMQskGoXk8BK3Lm7e6UR,1,AGENCY:top41,8039.43,54336.71,https://gmgn.ai/sol/address/g31qKyCZgGgfipXZZfyRLsipMQskGoXk8BK3Lm7e6UR
9xoW7tmArozmTicuWeQybc9XyYHot8efMECgCDDZAPyF,1,TIPTOE:top6,7777.55,7777.55,https://gmgn.ai/sol/address/9xoW7tmArozmTicuWeQybc9XyYHot8efMECgCDDZAPyF
8vDoeJdoGmMz4ioE8UjTd4h3AwEB5KHeeCMKhGLFV8uV,1,AGENCY:top79,7441.54,25678.36,https://gmgn.ai/sol/address/8vDoeJdoGmMz4ioE8UjTd4h3AwEB5KHeeCMKhGLFV8uV
A5Vx87Vc2QNYLqDkJBASaLRZpYgtnY3XG1yNCKApNPBY,1,AGENCY:early92,7343.98,7343.98,https://gmgn.ai/sol/address/A5Vx87Vc2QNYLqDkJBASaLRZpYgtnY3XG1yNCKApNPBY
AXN4A7HNzncqzD9KGSbiSzE58vqvQmQxn8jhfYCKx9ai,1,AGENCY:top62,7308.55,32968.68,https://gmgn.ai/sol/address/AXN4A7HNzncqzD9KGSbiSzE58vqvQmQxn8jhfYCKx9ai
8CTtngGAQtR5jgxm9gjVKakTWfYuDAtWAFyifyq79jvb,1,TERMINAL:early1,7260.98,7260.98,https://gmgn.ai/sol/address/8CTtngGAQtR5jgxm9gjVKakTWfYuDAtWAFyifyq79jvb
3jd8kwnov9L9sh1trewDXLQNmJBoNYAbTvWNDyZE8knL,1,MICRO:top10,7143.04,7143.04,https://gmgn.ai/sol/address/3jd8kwnov9L9sh1trewDXLQNmJBoNYAbTvWNDyZE8knL
2wfUsQLJ7QCm5bF28M7iMyp9Y1WfKDbChCmiVSQi1rHz,1,MICRO:top11,7064.8,7064.8,https://gmgn.ai/sol/address/2wfUsQLJ7QCm5bF28M7iMyp9Y1WfKDbChCmiVSQi1rHz
Hrtftsdu9GzkSFPGxGD4K5Af573fn6DsvQCfTsScLtrY,1,AGENCY:early94,6929.85,6929.85,https://gmgn.ai/sol/address/Hrtftsdu9GzkSFPGxGD4K5Af573fn6DsvQCfTsScLtrY
3TFiihqtfPtT4SfbCUyECdcA4PxHUuVb9kViZsKZqXcv,1,MICRO:top12,6756.15,6756.15,https://gmgn.ai/sol/address/3TFiihqtfPtT4SfbCUyECdcA4PxHUuVb9kViZsKZqXcv
6WFGCAc9dhms5CEF39rLxxcULu4nXcVgjwm1ZakzTuZL,1,AGENCY:early95,6735.26,6735.26,https://gmgn.ai/sol/address/6WFGCAc9dhms5CEF39rLxxcULu4nXcVgjwm1ZakzTuZL
FJG2gxtH3t46g5wEjp4SCtGAbvzVQMPuNTQeTRzpmDvW,1,TIPTOE:top5,6626.86,7874.96,https://gmgn.ai/sol/address/FJG2gxtH3t46g5wEjp4SCtGAbvzVQMPuNTQeTRzpmDvW
37PghgutfyK6bN5ET9FdSW4Q15S2MksJg5HHg139M432,1,AGENCY:early93,6622.07,6622.07,https://gmgn.ai/sol/address/37PghgutfyK6bN5ET9FdSW4Q15S2MksJg5HHg139M432
7UBjMaYsE3tKcanfgGrtso6aHAMhVNSVHkkX5j3t7f5y,1,SIF:top4,6607.86,6607.86,https://gmgn.ai/sol/address/7UBjMaYsE3tKcanfgGrtso6aHAMhVNSVHkkX5j3t7f5y
5WMthqkiN1x9EH37UHGTGW2syxVGRR3pKQkvtdHrzQm3,1,Reelpad:top1,6581.58,6581.58,https://gmgn.ai/sol/address/5WMthqkiN1x9EH37UHGTGW2syxVGRR3pKQkvtdHrzQm3
8NYJvb4qC62HN7tNW9Gni21euvF6SqNbGTmzZUHLf5Rj,1,MICRO:top14,6355.57,6355.57,https://gmgn.ai/sol/address/8NYJvb4qC62HN7tNW9Gni21euvF6SqNbGTmzZUHLf5Rj
6Fkqdevn3FPpMQPB8TrwAuawJxUuTsrzmFk2okaq9Cni,1,AGENCY:early17,6130.62,13137.24,https://gmgn.ai/sol/address/6Fkqdevn3FPpMQPB8TrwAuawJxUuTsrzmFk2okaq9Cni
hunzeaCKsbKLebuBNqhZCChbroApfw2sBxUDew7h6K7,1,MICRO:top15,6029.19,6029.19,https://gmgn.ai/sol/address/hunzeaCKsbKLebuBNqhZCChbroApfw2sBxUDew7h6K7
B1vbWT4gnZNDffExqN3Mqnd4XYmWjjnib5hU1kBUzJR1,1,MICRO:top16,5927.78,5894.02,https://gmgn.ai/sol/address/B1vbWT4gnZNDffExqN3Mqnd4XYmWjjnib5hU1kBUzJR1
55vZYUzTLVqYc4VKiujPwwGYAjucJDW1ePAsi6wVmQPi,1,AGENCY:early96,5855.39,5855.39,https://gmgn.ai/sol/address/55vZYUzTLVqYc4VKiujPwwGYAjucJDW1ePAsi6wVmQPi
H1XcTrnDCnQy8wTZs8zcuNXJUSqKfjQ93n2nGxgUHCbP,1,AGENCY:early38,5771.17,5771.17,https://gmgn.ai/sol/address/H1XcTrnDCnQy8wTZs8zcuNXJUSqKfjQ93n2nGxgUHCbP
9oC3XYAs2oeU39NeNFke8m3JGixMq7g8PfANsmsbKR8W,1,MICRO:top17,5675.63,5675.63,https://gmgn.ai/sol/address/9oC3XYAs2oeU39NeNFke8m3JGixMq7g8PfANsmsbKR8W
GDZcfaXaFfLroA1VHaUVYcT9xuYWkVi3v6GxzcEtEfVr,1,MICRO:top18,5646.36,5646.36,https://gmgn.ai/sol/address/GDZcfaXaFfLroA1VHaUVYcT9xuYWkVi3v6GxzcEtEfVr
DqpBbRozamFgjixAoQy6aUUh4ueZZcMnyfNRKagMofMM,1,Reelpad:top2,5634.3,5634.3,https://gmgn.ai/sol/address/DqpBbRozamFgjixAoQy6aUUh4ueZZcMnyfNRKagMofMM
4HoaJiWJAwLhYej7UE5VYA7czwzed4o1KDXxwooNHohm,1,AGENCY:early9,5629.62,5629.62,https://gmgn.ai/sol/address/4HoaJiWJAwLhYej7UE5VYA7czwzed4o1KDXxwooNHohm
Ag99WeJ2k82XuxjTVix3F8C23ruzvGKB1RKAT1B6P26M,1,TIPTOE:top9,5628.12,5625.37,https://gmgn.ai/sol/address/Ag99WeJ2k82XuxjTVix3F8C23ruzvGKB1RKAT1B6P26M
DWYMbjb535WbLM8nMTFtWso2189JjA2RLfNKqhDakkD6,1,AGENCY:early5,5459.67,5459.67,https://gmgn.ai/sol/address/DWYMbjb535WbLM8nMTFtWso2189JjA2RLfNKqhDakkD6
9gqoMuTba3Z4XvX5B7inQpGGSF9yojbdF2S7Zf75wMSc,1,TERMINAL:early30,5282.99,9134.3,https://gmgn.ai/sol/address/9gqoMuTba3Z4XvX5B7inQpGGSF9yojbdF2S7Zf75wMSc
AZtU5hPNujXybusFhL9oWaNQ39tcUYYTumNvhi18oH3f,1,"CATGPT:early19,top3",5227.94,5227.94,https://gmgn.ai/sol/address/AZtU5hPNujXybusFhL9oWaNQ39tcUYYTumNvhi18oH3f
CSjD7QZAntuhmDaNevEM8P2dYiGhKDsxLDRwFNfxhy9S,1,MICRO:top19,5203.52,5203.52,https://gmgn.ai/sol/address/CSjD7QZAntuhmDaNevEM8P2dYiGhKDsxLDRwFNfxhy9S
CgJRMEFwdTqyuYdemKXiA85i3xMPDbA7yySjMpTr6QsF,1,MICRO:top20,5152.01,5152.01,https://gmgn.ai/sol/address/CgJRMEFwdTqyuYdemKXiA85i3xMPDbA7yySjMpTr6QsF
GH5UCMZQRw3EvuVpySMQ5ug28TXytg8NC9o8cz2ipb7a,1,TERMINAL:early4,5096.43,5096.43,https://gmgn.ai/sol/address/GH5UCMZQRw3EvuVpySMQ5ug28TXytg8NC9o8cz2ipb7a
2cYUuenZZ9GuEvAYtemyTGMZSSf1Ru3AXMZVAgcjKWLn,1,AGENCY:early6,4901.86,4901.86,https://gmgn.ai/sol/address/2cYUuenZZ9GuEvAYtemyTGMZSSf1Ru3AXMZVAgcjKWLn
9hGt7syRLjpkvaYcMSZipJjRGz75b4hFpupq1KNy5PBj,1,MICRO:top22,4771.18,4771.18,https://gmgn.ai/sol/address/9hGt7syRLjpkvaYcMSZipJjRGz75b4hFpupq1KNy5PBj
6edmJH81ANjK3PvM3yQ4d2cQKsGBBX4vYHe7S9ViXwH1,1,AGENCY:early82,4704.95,4704.95,https://gmgn.ai/sol/address/6edmJH81ANjK3PvM3yQ4d2cQKsGBBX4vYHe7S9ViXwH1
9RGRRM2reXkmQPRitFb76vLCSwmU1rQBg1ZtiSK2m6MK,1,MICRO:top23,4672.11,4672.11,https://gmgn.ai/sol/address/9RGRRM2reXkmQPRitFb76vLCSwmU1rQBg1ZtiSK2m6MK
FQJBQzjzMt3XniTvSgPu1E2bK6GofuVUgRURGaa8TLwX,1,MICRO:top24,4632.59,4562.83,https://gmgn.ai/sol/address/FQJBQzjzMt3XniTvSgPu1E2bK6GofuVUgRURGaa8TLwX
6o6xhXjNiBWVURLWCS8unMWhpqRBimTRyipmFBDNDcsD,1,AGENCY:early81,4518.99,4518.99,https://gmgn.ai/sol/address/6o6xhXjNiBWVURLWCS8unMWhpqRBimTRyipmFBDNDcsD
2jDw1BSMu5uJjzUHKnqHnycZ4a6P7V6coEwSRHvSJqhk,1,MICRO:top25,4411.59,4411.59,https://gmgn.ai/sol/address/2jDw1BSMu5uJjzUHKnqHnycZ4a6P7V6coEwSRHvSJqhk
aKmaJt9FWsQB3TqgR4sCJo5XksrkE7JDb7renvns816,1,AGENCY:top76,4359.31,26000.43,https://gmgn.ai/sol/address/aKmaJt9FWsQB3TqgR4sCJo5XksrkE7JDb7renvns816
FbrCzJQ522kndFU7peJ7qhjt6QYu8EJUPMhRDknUpwq7,1,MICRO:top27,4282.2,4282.2,https://gmgn.ai/sol/address/FbrCzJQ522kndFU7peJ7qhjt6QYu8EJUPMhRDknUpwq7
4GhmDZbXDx3iCq6wW6FeUNARsS66cLWHEfwimfwTcmUN,1,AGENCY:early72,4281.6,4281.6,https://gmgn.ai/sol/address/4GhmDZbXDx3iCq6wW6FeUNARsS66cLWHEfwimfwTcmUN
ewCWVY3XpqiZzX2RJvnQ5PcMNJSoxHHo93SS3c7sGXs,1,SIF:top8,4273.54,4462.12,https://gmgn.ai/sol/address/ewCWVY3XpqiZzX2RJvnQ5PcMNJSoxHHo93SS3c7sGXs
CPLTehjv74nBsRtVCKb7ZwCMAvuCwqKghDaKHd97WYXk,1,"Reelpad:early3,top7",4245.63,4245.63,https://gmgn.ai/sol/address/CPLTehjv74nBsRtVCKb7ZwCMAvuCwqKghDaKHd97WYXk
AZBNKUdiVCNgYGeKu9UPYdyrXN6mwW3vZQprEdGLoKpf,1,MICRO:top28,4210.64,4210.64,https://gmgn.ai/sol/address/AZBNKUdiVCNgYGeKu9UPYdyrXN6mwW3vZQprEdGLoKpf
FaMwAbuYHL1nhVT5qJ1UoRYpXwLQDCVtdm8zwAQu1aqN,1,MICRO:top29,4188.89,4188.89,https://gmgn.ai/sol/address/FaMwAbuYHL1nhVT5qJ1UoRYpXwLQDCVtdm8zwAQu1aqN
4De7in96rqAe7Vpyer3sEKVBfW8uT97xNnAhHNhEVfLu,1,MICRO:top30,4183.62,4181.25,https://gmgn.ai/sol/address/4De7in96rqAe7Vpyer3sEKVBfW8uT97xNnAhHNhEVfLu
59mx1WWf794yHPyZPuLq86WiTcM2aDF6KA4fGaSb21mj,1,MICRO:top31,4163.16,4163.16,https://gmgn.ai/sol/address/59mx1WWf794yHPyZPuLq86WiTcM2aDF6KA4fGaSb21mj
GJuqhGQoYCi8NHrpUWncBPmN2vUAcsk8QtjBPr8JhA3S,1,SIF:top5,4139.61,5400.63,https://gmgn.ai/sol/address/GJuqhGQoYCi8NHrpUWncBPmN2vUAcsk8QtjBPr8JhA3S
EDXHdSFdadFbYFFjxPXBqMe1kCEDFqpPu552uvp48HR8,1,MICRO:top32,4132.42,4132.42,https://gmgn.ai/sol/address/EDXHdSFdadFbYFFjxPXBqMe1kCEDFqpPu552uvp48HR8
BxScXNAGhGPnbwyqiArZhHtrVKMDbaijDJRS1DUoAQvJ,1,AGENCY:early79,4105.7,4105.7,https://gmgn.ai/sol/address/BxScXNAGhGPnbwyqiArZhHtrVKMDbaijDJRS1DUoAQvJ
77X3xRyAZRiecJmgNj5hQMXrspLnzExUaN6YSTjCcu9c,1,AGENCY:early100,4099.37,4099.37,https://gmgn.ai/sol/address/77X3xRyAZRiecJmgNj5hQMXrspLnzExUaN6YSTjCcu9c
533rEGRfRCBEdYLMufRUs1aDXRkFppeDmdrEc77Dhfqs,1,MICRO:top33,4084.35,4084.35,https://gmgn.ai/sol/address/533rEGRfRCBEdYLMufRUs1aDXRkFppeDmdrEc77Dhfqs
7kBtFQoBK7yPebmys392rTm1nNK8D5teaNZjikc5pS3b,1,AGENCY:top92,4079.22,19371.12,https://gmgn.ai/sol/address/7kBtFQoBK7yPebmys392rTm1nNK8D5teaNZjikc5pS3b
8SrTNkXEDnTEVf5PvY7UwhXYFtnnBjAzJk93wkoJpaaT,1,MICRO:top50,4074.43,2796.08,https://gmgn.ai/sol/address/8SrTNkXEDnTEVf5PvY7UwhXYFtnnBjAzJk93wkoJpaaT
BkEaqxvcDvSp6S3LZnP6HkuVbCjzpnn6EANRpwZEphKQ,1,MICRO:top34,3992.36,3992.36,https://gmgn.ai/sol/address/BkEaqxvcDvSp6S3LZnP6HkuVbCjzpnn6EANRpwZEphKQ
EH8FnJiuzikGgtEYS57BATDbWa5zhpo6yCH7ibN5zKHZ,1,TIPTOE:top16,3954.38,3954.38,https://gmgn.ai/sol/address/EH8FnJiuzikGgtEYS57BATDbWa5zhpo6yCH7ibN5zKHZ
F57nzkKh56Dm58FA1TErcSgHNwYb1g2xK75spZ1r6SSe,1,AGENCY:early99,3945.05,3945.05,https://gmgn.ai/sol/address/F57nzkKh56Dm58FA1TErcSgHNwYb1g2xK75spZ1r6SSe
HMzNbJ1UEur3CoVHTRnz7N5SD9rh58Xnyw8gwSM2rS8c,1,MICRO:top35,3905.45,3905.45,https://gmgn.ai/sol/address/HMzNbJ1UEur3CoVHTRnz7N5SD9rh58Xnyw8gwSM2rS8c
2Q47bgQPwjLb9jrmWcnZc3ySK5Fjy28nAgtJ4k9QrmtA,1,SIF:top11,3905.18,3905.18,https://gmgn.ai/sol/address/2Q47bgQPwjLb9jrmWcnZc3ySK5Fjy28nAgtJ4k9QrmtA
5yuJiRar3SGYjnSzcDCgCFLahaXKeq73saQKH8Fs4gMU,1,SIF:top12,3826.9,3862.58,https://gmgn.ai/sol/address/5yuJiRar3SGYjnSzcDCgCFLahaXKeq73saQKH8Fs4gMU
FM1YCKED2KaqB8Uat8aB1nsffR1vezr7s6FAEieXJgke,1,MICRO:top37,3761.72,3761.72,https://gmgn.ai/sol/address/FM1YCKED2KaqB8Uat8aB1nsffR1vezr7s6FAEieXJgke
62uPYHMMUyst3djFtSrSw5HX4HvGdVgU4FLe5RHdA513,1,TIPTOE:top18,3717.29,3717.29,https://gmgn.ai/sol/address/62uPYHMMUyst3djFtSrSw5HX4HvGdVgU4FLe5RHdA513
3sxGs3Q65wYH24fXm41kWsU8yRv3Xf6CsD74nLqdMAPA,1,"TIPTOE:early45,top14",3696.46,9180.39,https://gmgn.ai/sol/address/3sxGs3Q65wYH24fXm41kWsU8yRv3Xf6CsD74nLqdMAPA
GHGXdY1k3NYZK1R76N8ku3haCpvyypcTp48TivnXudWX,1,MICRO:top38,3677.39,3677.39,https://gmgn.ai/sol/address/GHGXdY1k3NYZK1R76N8ku3haCpvyypcTp48TivnXudWX
HRWgx3tNQ4oFgGdyAZwsPUjT7tssyX4FffZouQziyKtt,1,ABU:top10,3648.57,3648.57,https://gmgn.ai/sol/address/HRWgx3tNQ4oFgGdyAZwsPUjT7tssyX4FffZouQziyKtt
AGq77pfqHyyJ7hiLdw6CRwgWRJwcZUmTfVuXd5GJV4XY,1,TERMINAL:early73,3609.1,3609.1,https://gmgn.ai/sol/address/AGq77pfqHyyJ7hiLdw6CRwgWRJwcZUmTfVuXd5GJV4XY
6zz9GsjiV6w5XfW295QJbPjoLjagFydUQR6fPG8nUNKg,1,MICRO:top39,3598.44,3598.44,https://gmgn.ai/sol/address/6zz9GsjiV6w5XfW295QJbPjoLjagFydUQR6fPG8nUNKg
5T229oePmJGE5Cefys8jE9Jq8C7qfGNNWy3RVA7SmwEP,1,MICRO:top40,3584.42,3584.42,https://gmgn.ai/sol/address/5T229oePmJGE5Cefys8jE9Jq8C7qfGNNWy3RVA7SmwEP
3mo5chCT28tnEfMTZ9FSx7uXRyCbKCkZL4mevLZd4xGT,1,AGENCY:early80,3556.97,3556.97,https://gmgn.ai/sol/address/3mo5chCT28tnEfMTZ9FSx7uXRyCbKCkZL4mevLZd4xGT
4S9Vbao13SjpeXsCaUE3nG7DA3oqi73mGEgmwqkRPy9g,1,"TIPTOE:early14,top36",3465.87,3465.87,https://gmgn.ai/sol/address/4S9Vbao13SjpeXsCaUE3nG7DA3oqi73mGEgmwqkRPy9g
B7Fubq3r5ocwJSN1941JhNQDvVugzwkTy2GmXmFZ6Nry,1,"CATGPT:early16,top8",3461.76,3461.76,https://gmgn.ai/sol/address/B7Fubq3r5ocwJSN1941JhNQDvVugzwkTy2GmXmFZ6Nry
45oN2tCsfzG325wEPnJPvMYpuY2tgASYHmgRPdnMZB5a,1,Reelpad:top3,3450.09,3450.09,https://gmgn.ai/sol/address/45oN2tCsfzG325wEPnJPvMYpuY2tgASYHmgRPdnMZB5a
Bo7QUbQZd4L96yvZu9cUU3ZNS74D11uaQrTkvRLjWDeQ,1,SIF:top10,3439.81,3923.96,https://gmgn.ai/sol/address/Bo7QUbQZd4L96yvZu9cUU3ZNS74D11uaQrTkvRLjWDeQ
H6KiqN3wwirFumem4ZqxbF3hhHNTjpyps3q7TTLX3n33,1,MICRO:top48,3438.91,2956.62,https://gmgn.ai/sol/address/H6KiqN3wwirFumem4ZqxbF3hhHNTjpyps3q7TTLX3n33
Qb5Rz8eP68FkcBU6ydt2yTB4DBF1oWfLpBZmyRxpnXx,1,SIF:top19,3432.1,2950.51,https://gmgn.ai/sol/address/Qb5Rz8eP68FkcBU6ydt2yTB4DBF1oWfLpBZmyRxpnXx
Ae6Q2Pa9TxKjR5gqQjubykfopgytG7dtrpYAxMjAqbnZ,1,"TIPTOE:early33,top34",3422.51,3796.94,https://gmgn.ai/sol/address/Ae6Q2Pa9TxKjR5gqQjubykfopgytG7dtrpYAxMjAqbnZ
9Q2PS7PmbDe5ndNUgxchNpLozdWXjbaXeP8ZQXmHLqxY,1,MICRO:top41,3410.51,3410.51,https://gmgn.ai/sol/address/9Q2PS7PmbDe5ndNUgxchNpLozdWXjbaXeP8ZQXmHLqxY
EDoeYvtAB7d2NQrm79HusNT8ENZBSwAhBWPg1cPnQ7Pm,1,"TIPTOE:early4,top10",3370.92,11095.45,https://gmgn.ai/sol/address/EDoeYvtAB7d2NQrm79HusNT8ENZBSwAhBWPg1cPnQ7Pm
EoAtirJLQeoPXZx6FQwgUAm5gqMndRqV9hLhzuWZz33Q,1,Reelpad:top4,3368.68,3368.68,https://gmgn.ai/sol/address/EoAtirJLQeoPXZx6FQwgUAm5gqMndRqV9hLhzuWZz33Q
3d69KfpKoXAx58iHSjtW8b2tk29XtC15nXbJaPPt8sUT,1,MICRO:top42,3367.57,3367.57,https://gmgn.ai/sol/address/3d69KfpKoXAx58iHSjtW8b2tk29XtC15nXbJaPPt8sUT
CY2YuC1whj2bYLQL1X9JHU6uNXRo8g464SgCy2rDPRGm,1,TIPTOE:top20,3275.81,3275.81,https://gmgn.ai/sol/address/CY2YuC1whj2bYLQL1X9JHU6uNXRo8g464SgCy2rDPRGm
GT4aA9jh2VLFG4QLoGtBo3GvXvR7fhGZ9PfwD7oBkyQK,1,SIF:top14,3241.11,3241.11,https://gmgn.ai/sol/address/GT4aA9jh2VLFG4QLoGtBo3GvXvR7fhGZ9PfwD7oBkyQK
4vw54BmAogeRV3vPKWyFet5yf8DTLcREzdSzx4rw9Ud9,1,ABU:top12,3240.02,3240.02,https://gmgn.ai/sol/address/4vw54BmAogeRV3vPKWyFet5yf8DTLcREzdSzx4rw9Ud9
87gp3Gv9zr3eRaTRHoWgQ54Mma4Adjbd3fNLWckoKUh2,1,MICRO:top44,3208.74,3208.74,https://gmgn.ai/sol/address/87gp3Gv9zr3eRaTRHoWgQ54Mma4Adjbd3fNLWckoKUh2
991Mi3sGxGCxVsBnRTYBGwxKxNXxMksyMFo85cqxsuML,1,MICRO:top45,3192.0,3192.0,https://gmgn.ai/sol/address/991Mi3sGxGCxVsBnRTYBGwxKxNXxMksyMFo85cqxsuML
5yZ34VpnEsZiEBrfKWu3HMAqGjN56LxwBYTsB72HHSpf,1,AGENCY:early78,3180.2,3180.2,https://gmgn.ai/sol/address/5yZ34VpnEsZiEBrfKWu3HMAqGjN56LxwBYTsB72HHSpf
Ar2Y6o1QmrRAskjii1cRfijeKugHH13ycxW5cd7rro1x,1,SIF:top16,3147.77,3147.77,https://gmgn.ai/sol/address/Ar2Y6o1QmrRAskjii1cRfijeKugHH13ycxW5cd7rro1x
EA9TnaqEZXq5VNGHuyV8169ydLWvJq5uAJiv43boLBBf,1,"SIF:early13,top44",3142.67,3012.63,https://gmgn.ai/sol/address/EA9TnaqEZXq5VNGHuyV8169ydLWvJq5uAJiv43boLBBf
9umCkp3xRQ7QSyu1WqZ6qrjHW2UXgLjb4qR4ub47gpzg,1,SIF:top17,3127.28,3127.28,https://gmgn.ai/sol/address/9umCkp3xRQ7QSyu1WqZ6qrjHW2UXgLjb4qR4ub47gpzg
739H1j2EYTzKMNzt7emwrvMWbwKFrTe4aviyiT9QKPpC,1,AGENCY:top35,3070.34,61269.04,https://gmgn.ai/sol/address/739H1j2EYTzKMNzt7emwrvMWbwKFrTe4aviyiT9QKPpC
8yHL7CrgcMNpVf4Y8eBSFcGNBxo75ChbRYAsnKYm8EhJ,1,TIPTOE:top22,3038.12,3038.12,https://gmgn.ai/sol/address/8yHL7CrgcMNpVf4Y8eBSFcGNBxo75ChbRYAsnKYm8EhJ
2QjRdwgemtjS69PuNeimqDVtDMM96LKzKn4uxp8YexE3,1,MICRO:top46,3017.78,3017.23,https://gmgn.ai/sol/address/2QjRdwgemtjS69PuNeimqDVtDMM96LKzKn4uxp8YexE3
9f7fHiLy7C2RtwkbswAQTmMXVWzqwERDZnfie1xATXv5,1,MICRO:top47,3010.97,3010.97,https://gmgn.ai/sol/address/9f7fHiLy7C2RtwkbswAQTmMXVWzqwERDZnfie1xATXv5
A6HYoS7iBShKju38bu9QSqNJ38ApzamGgkgihA6qnAR5,1,ABU:top7,2990.08,4940.7,https://gmgn.ai/sol/address/A6HYoS7iBShKju38bu9QSqNJ38ApzamGgkgihA6qnAR5
BaNsrzq8Ba48Z7XeUDpRF5c8MzXUuv5fgZzzGFDnhsB5,1,"CATGPT:early6,top13",2976.98,2976.98,https://gmgn.ai/sol/address/BaNsrzq8Ba48Z7XeUDpRF5c8MzXUuv5fgZzzGFDnhsB5
FCk9BhZ3kuWVzeBV1JBDPhZzjRQGi3JTXBEeLHnk5uDU,1,MICRO:top49,2955.92,2955.92,https://gmgn.ai/sol/address/FCk9BhZ3kuWVzeBV1JBDPhZzjRQGi3JTXBEeLHnk5uDU
9emXYGUF7cYtX2uyuZavDhhxZ65wHcYZgRv5AHVAHGSp,1,Reelpad:top5,2954.89,2954.89,https://gmgn.ai/sol/address/9emXYGUF7cYtX2uyuZavDhhxZ65wHcYZgRv5AHVAHGSp
eZs5QxvjnMHqF5Z1eBn8LVntDAEfsWwQjXNStSsuSg6,1,TIPTOE:top23,2916.03,2916.03,https://gmgn.ai/sol/address/eZs5QxvjnMHqF5Z1eBn8LVntDAEfsWwQjXNStSsuSg6
BwPkn5RTkgmxNN8mqPA5EwEUUEjy9NydofzExZQnYgbC,1,TIPTOE:top26,2805.54,2699.5,https://gmgn.ai/sol/address/BwPkn5RTkgmxNN8mqPA5EwEUUEjy9NydofzExZQnYgbC
2viKzpeQBje1WF2prDTnfynQT6A3NPe8D1s9FWrGuPcL,1,MICRO:top51,2786.75,2786.75,https://gmgn.ai/sol/address/2viKzpeQBje1WF2prDTnfynQT6A3NPe8D1s9FWrGuPcL
3jo96cu4QVAF3kWJEeWt5yqqsKWjDRjn6RRhME9NZu8t,1,MICRO:top52,2781.03,2781.03,https://gmgn.ai/sol/address/3jo96cu4QVAF3kWJEeWt5yqqsKWjDRjn6RRhME9NZu8t
9TQFDefCXgbrVGFw5KD9NEeSsDRQftmpXj3PW64LFNEg,1,"CATGPT:early5,top16",2763.33,2763.33,https://gmgn.ai/sol/address/9TQFDefCXgbrVGFw5KD9NEeSsDRQftmpXj3PW64LFNEg
CHjb7bCRVaiUHgpFzuNf9XSz5BqSUA5KKSBm4xhJiGTG,1,SIF:top20,2759.7,2846.08,https://gmgn.ai/sol/address/CHjb7bCRVaiUHgpFzuNf9XSz5BqSUA5KKSBm4xhJiGTG
EwwBG2AHTKYy5xgXLN8m2ujAdg8DYmsuw2oT25Tk3LLz,1,TIPTOE:top25,2732.03,2732.03,https://gmgn.ai/sol/address/EwwBG2AHTKYy5xgXLN8m2ujAdg8DYmsuw2oT25Tk3LLz
DT2K6RBTuXCDvQp19DKFD8Ve67bE7esRhgEaGiVog11z,1,"DUVE:early75,top2",2719.11,2719.11,https://gmgn.ai/sol/address/DT2K6RBTuXCDvQp19DKFD8Ve67bE7esRhgEaGiVog11z
BFhow6neEJXgVtWbgVms17WNGoFPkQKDyyFEyD9XSkGW,1,MICRO:top53,2701.26,2701.26,https://gmgn.ai/sol/address/BFhow6neEJXgVtWbgVms17WNGoFPkQKDyyFEyD9XSkGW
HSuePEXhaSnZJEK2D2sB4PDNNF3m8kdFsGmahE6tRmKo,1,SIF:top21,2685.64,2685.64,https://gmgn.ai/sol/address/HSuePEXhaSnZJEK2D2sB4PDNNF3m8kdFsGmahE6tRmKo
6chKwQLXyor2QkDq5vt2zJTYjMsvWw44Ey5RzeLJGh4M,1,ABU:top14,2677.13,2677.13,https://gmgn.ai/sol/address/6chKwQLXyor2QkDq5vt2zJTYjMsvWw44Ey5RzeLJGh4M
3pxM8JeZah5M2kdSSZM1NfXnhvDs7zxzGgLbPBqUBTHB,1,MICRO:top54,2661.46,2661.46,https://gmgn.ai/sol/address/3pxM8JeZah5M2kdSSZM1NfXnhvDs7zxzGgLbPBqUBTHB
Fb9JH6juVP7sh8W6rfLhr6ei67V1tb7JH2JChhTKH2wh,1,"SIF:early55,top51",2628.96,2628.96,https://gmgn.ai/sol/address/Fb9JH6juVP7sh8W6rfLhr6ei67V1tb7JH2JChhTKH2wh
6NpcuEg18M8ckd4JYMfKf9dHEzjhcTe1QNrCyMjsQHim,1,MICRO:top55,2595.6,2595.6,https://gmgn.ai/sol/address/6NpcuEg18M8ckd4JYMfKf9dHEzjhcTe1QNrCyMjsQHim
83b2LMf12aLec92kur3duRA8VvUkLaXUtML31aCcZNCM,1,MICRO:top56,2587.35,2587.35,https://gmgn.ai/sol/address/83b2LMf12aLec92kur3duRA8VvUkLaXUtML31aCcZNCM
5QTDXFf5oXJbpTxe7rhkbExsWAyyHhM8UMe2sXTroKsc,1,TERMINAL:early15,2577.45,2577.45,https://gmgn.ai/sol/address/5QTDXFf5oXJbpTxe7rhkbExsWAyyHhM8UMe2sXTroKsc
8Rmpvhg3X1azd5qvQiwciggE2PxSsDZzUwwy3kedZawb,1,SIF:top18,2570.52,3078.36,https://gmgn.ai/sol/address/8Rmpvhg3X1azd5qvQiwciggE2PxSsDZzUwwy3kedZawb
E3gFTkmXdApArGhPXSCc6yg7qB39iUPHm3ouNT4qLH9R,1,MICRO:top43,2559.88,3364.34,https://gmgn.ai/sol/address/E3gFTkmXdApArGhPXSCc6yg7qB39iUPHm3ouNT4qLH9R
DhanNXVjdv66r6od2U2ZyWKvuievKM6uzPcaLKUvyaCq,1,MICRO:top58,2536.39,2536.39,https://gmgn.ai/sol/address/DhanNXVjdv66r6od2U2ZyWKvuievKM6uzPcaLKUvyaCq
AgaSfnUnLsMNXxEoGNSt3oB4ZgHp7JhSCZAPp4REyBog,1,AGENCY:top8,2523.95,186984.99,https://gmgn.ai/sol/address/AgaSfnUnLsMNXxEoGNSt3oB4ZgHp7JhSCZAPp4REyBog
5VVDFRg3zPtyyY6eF7nEUrJ4oLFan8LksyLWqrXcSimZ,1,"DUVE:early68,top4",2507.42,2507.42,https://gmgn.ai/sol/address/5VVDFRg3zPtyyY6eF7nEUrJ4oLFan8LksyLWqrXcSimZ
AbFyovaBv2FG9yEqksRYjoFRFohg6uSvM48JgGdboqCZ,1,TIPTOE:top21,2475.47,3138.41,https://gmgn.ai/sol/address/AbFyovaBv2FG9yEqksRYjoFRFohg6uSvM48JgGdboqCZ
7QtDFgZhLycDiC5RspB2tPyoV6EkbLwetDSKCiWJxKLL,1,TIPTOE:top24,2457.1,2893.49,https://gmgn.ai/sol/address/7QtDFgZhLycDiC5RspB2tPyoV6EkbLwetDSKCiWJxKLL
tVdebVjGEj4Tm1XijKEYsTrA8iHjzaxUDFVmb2oPMRp,1,TERMINAL:early7,2438.17,2438.17,https://gmgn.ai/sol/address/tVdebVjGEj4Tm1XijKEYsTrA8iHjzaxUDFVmb2oPMRp
AwJd9GiswVK5PAz4fwiHBJfcXjqcXDTYY6m7gPo2nT8,1,AGENCY:top78,2432.39,25694.42,https://gmgn.ai/sol/address/AwJd9GiswVK5PAz4fwiHBJfcXjqcXDTYY6m7gPo2nT8
FTSknCuZXjdN54wGBB58MmSmUKHcmbHxAUYtMsg5LkNo,1,SIF:top24,2426.74,2426.74,https://gmgn.ai/sol/address/FTSknCuZXjdN54wGBB58MmSmUKHcmbHxAUYtMsg5LkNo
DW2LBPGzr5LNweDuAXzLZgtMNqws3zMa74XcnNA2UcM9,1,"DUVE:early70,top6",2416.29,2416.29,https://gmgn.ai/sol/address/DW2LBPGzr5LNweDuAXzLZgtMNqws3zMa74XcnNA2UcM9
Dcf4Q2L4SsQbQmVzEMvPTCgn31gKyJyZZHP1bCqMc7JJ,1,MICRO:top60,2403.29,2403.29,https://gmgn.ai/sol/address/Dcf4Q2L4SsQbQmVzEMvPTCgn31gKyJyZZHP1bCqMc7JJ
7Li1wpecHvkMBdNXPrp4fkxnceYStH8TB5MBMTHbqtBp,1,MICRO:top61,2386.99,2386.99,https://gmgn.ai/sol/address/7Li1wpecHvkMBdNXPrp4fkxnceYStH8TB5MBMTHbqtBp
CeXSNFnSB1ePN38K97kSv6i275hnRfM75LcnPnekcbp5,1,MICRO:top62,2378.23,2378.23,https://gmgn.ai/sol/address/CeXSNFnSB1ePN38K97kSv6i275hnRfM75LcnPnekcbp5
47LYjfnzs2wJKwQJdkbykSfP6sKhPtBdEd8v6jqA2V56,1,CATGPT:top4,2362.35,2362.35,https://gmgn.ai/sol/address/47LYjfnzs2wJKwQJdkbykSfP6sKhPtBdEd8v6jqA2V56
HgMt14opGPPA8UMhsB7YiXb1JPCycqfd9LkUP6Qgor6N,1,MICRO:top63,2348.06,2348.06,https://gmgn.ai/sol/address/HgMt14opGPPA8UMhsB7YiXb1JPCycqfd9LkUP6Qgor6N
qxjaQV3gsyxqt4ps2Gw5gnZoHgvZQicQFTuF5NarzVr,1,MICRO:top64,2339.66,2339.66,https://gmgn.ai/sol/address/qxjaQV3gsyxqt4ps2Gw5gnZoHgvZQicQFTuF5NarzVr
59puf9koHVBEy4abi9xQFr2AGxHaZo45BXomiJAWXtQ8,1,ABU:top19,2322.42,2248.43,https://gmgn.ai/sol/address/59puf9koHVBEy4abi9xQFr2AGxHaZo45BXomiJAWXtQ8
3Wc9ybEf1bxVAqjdoYw5cbc3MLAK2CG5cg2kvPjHue26,1,MICRO:top65,2294.91,2294.91,https://gmgn.ai/sol/address/3Wc9ybEf1bxVAqjdoYw5cbc3MLAK2CG5cg2kvPjHue26
7yd579zXmWPoxEE22BUYTzAo8nyMmQtPyEWS3g1BFhH4,1,MICRO:top66,2294.37,2294.37,https://gmgn.ai/sol/address/7yd579zXmWPoxEE22BUYTzAo8nyMmQtPyEWS3g1BFhH4
9T8i6M278jNi9XKAJJWj5oGGz535tbkNE9ZEo6Qv2Buu,1,MICRO:top67,2292.67,2292.67,https://gmgn.ai/sol/address/9T8i6M278jNi9XKAJJWj5oGGz535tbkNE9ZEo6Qv2Buu
6ArLbXtEsApQbrGDfbgUeVh5Kr1PwbKjQdenL5RV7iWJ,1,MICRO:top68,2266.25,2266.25,https://gmgn.ai/sol/address/6ArLbXtEsApQbrGDfbgUeVh5Kr1PwbKjQdenL5RV7iWJ
9gDSUFmC3XTbit9a8jQ7asUe4qtw2GpWwzwyzESH4pLv,1,SIF:top28,2263.2,2273.61,https://gmgn.ai/sol/address/9gDSUFmC3XTbit9a8jQ7asUe4qtw2GpWwzwyzESH4pLv
6nENyNgky7U6WWzH5MrBu2B1CBUWLFXLAM6xcaspzssb,1,MICRO:top69,2262.58,2262.58,https://gmgn.ai/sol/address/6nENyNgky7U6WWzH5MrBu2B1CBUWLFXLAM6xcaspzssb
4fXP8m4puwVX3vBQa3Cy7qnbRM9SdebjP4aB5shDMrzQ,1,Reelpad:top6,2254.13,2254.13,https://gmgn.ai/sol/address/4fXP8m4puwVX3vBQa3Cy7qnbRM9SdebjP4aB5shDMrzQ
34tUDSMVDD4vvNU6zYL3jbGKt6TeBDak6idAUgokNCBq,1,SIF:top29,2244.52,2244.52,https://gmgn.ai/sol/address/34tUDSMVDD4vvNU6zYL3jbGKt6TeBDak6idAUgokNCBq
4r5hcmGr4F1ndP5najwaVWNK3pL315EBzRzLYCngEkjB,1,MICRO:top70,2241.65,2241.65,https://gmgn.ai/sol/address/4r5hcmGr4F1ndP5najwaVWNK3pL315EBzRzLYCngEkjB
7rGocbAjVG3iRdp3G5soSth4Xqutz3RJ8Lmr9vv5rW8n,1,MICRO:top71,2227.88,2223.59,https://gmgn.ai/sol/address/7rGocbAjVG3iRdp3G5soSth4Xqutz3RJ8Lmr9vv5rW8n
71EEUmMP2xezXDnBuZmgDWh66YmHZhf5NpirJKdSuiJX,1,MICRO:top72,2215.4,2215.4,https://gmgn.ai/sol/address/71EEUmMP2xezXDnBuZmgDWh66YmHZhf5NpirJKdSuiJX
EP3XUXcr2ZT996stw5L1MDrFQqywcopepeJE26aYurQJ,1,TIPTOE:top32,2195.7,2195.7,https://gmgn.ai/sol/address/EP3XUXcr2ZT996stw5L1MDrFQqywcopepeJE26aYurQJ
B48WhUbsPBzsqAeAT6axT5vSZkGjAq9K5e68dAGerodz,1,AGENCY:top44,2193.23,48637.21,https://gmgn.ai/sol/address/B48WhUbsPBzsqAeAT6axT5vSZkGjAq9K5e68dAGerodz
BrPA9L6RTj3wYrugkEKeQC128MRCSw7tSmauwc25GMs4,1,ABU:top6,2189.78,7255.51,https://gmgn.ai/sol/address/BrPA9L6RTj3wYrugkEKeQC128MRCSw7tSmauwc25GMs4
HKXThyQ6uU9knDm844UY9EKHJZa5rGZR7txyXpZuz8sW,1,"CATGPT:early13,top25",2179.16,2179.16,https://gmgn.ai/sol/address/HKXThyQ6uU9knDm844UY9EKHJZa5rGZR7txyXpZuz8sW
BCnqsPEtA1TkgednYEebRpkmwFRJDCjMQcKZMMtEdArc,1,"CATGPT:early50,top26",2172.56,2172.56,https://gmgn.ai/sol/address/BCnqsPEtA1TkgednYEebRpkmwFRJDCjMQcKZMMtEdArc
FutE5oxq3yLwj9UJf2g9xvoDcErKuEoJyKRA3BNbpu3b,1,ABU:top21,2147.99,2147.99,https://gmgn.ai/sol/address/FutE5oxq3yLwj9UJf2g9xvoDcErKuEoJyKRA3BNbpu3b
8ee8iHcqvtRLuy85Jq5jXuKqfgXysVWfDzQhfEGQ4RWw,1,ABU:top22,2146.45,2146.45,https://gmgn.ai/sol/address/8ee8iHcqvtRLuy85Jq5jXuKqfgXysVWfDzQhfEGQ4RWw
5oB2H9QbSHgBnnqRc3x3o21Xp93KyuFRnHK91jtzwrMb,1,TIPTOE:top28,2136.21,2528.38,https://gmgn.ai/sol/address/5oB2H9QbSHgBnnqRc3x3o21Xp93KyuFRnHK91jtzwrMb
2egjBpxdEHygAxQGUvZByPJ8cjWgppxGhTKZdDxG3kaG,1,SIF:top30,2118.66,2118.66,https://gmgn.ai/sol/address/2egjBpxdEHygAxQGUvZByPJ8cjWgppxGhTKZdDxG3kaG
A44ZnQ4ag2mC6TcGuDU87ZUg7kRGVepXg2pRkcht2kGB,1,"TIPTOE:early97,top56",2104.18,2104.18,https://gmgn.ai/sol/address/A44ZnQ4ag2mC6TcGuDU87ZUg7kRGVepXg2pRkcht2kGB
Bz9HP5oDLwGFJpvqf9kYem92VBjTUtR5MzaWJ4tmk3mM,1,MICRO:top74,2066.14,2119.27,https://gmgn.ai/sol/address/Bz9HP5oDLwGFJpvqf9kYem92VBjTUtR5MzaWJ4tmk3mM
8dfr9ctkng8kGzm388j8TjvXL7sQYGHKrCEMUNBFmwbp,1,SIF:top31,2058.77,2058.77,https://gmgn.ai/sol/address/8dfr9ctkng8kGzm388j8TjvXL7sQYGHKrCEMUNBFmwbp
CzbN6T1gKkKutvuPXcxNmV8FLqzjsDWebWmg9o8e2ZbU,1,MICRO:top76,2049.1,2049.1,https://gmgn.ai/sol/address/CzbN6T1gKkKutvuPXcxNmV8FLqzjsDWebWmg9o8e2ZbU
J3Jq6rQ2WZKdgwo7TeFFnEoKhbdpgMx32Eu5aAQda84v,1,MICRO:top77,2045.01,2045.01,https://gmgn.ai/sol/address/J3Jq6rQ2WZKdgwo7TeFFnEoKhbdpgMx32Eu5aAQda84v
BKnNhFY8QQU1macjMCk9wmmvdxmyX6RX6AAA6vNWfTXG,1,AGENCY:early36,2030.72,2030.72,https://gmgn.ai/sol/address/BKnNhFY8QQU1macjMCk9wmmvdxmyX6RX6AAA6vNWfTXG
FS31s4sRvZLCKpWztmLFFjpvZduc51AFLAGzW8ZRFm1A,1,MICRO:top78,2026.01,2026.01,https://gmgn.ai/sol/address/FS31s4sRvZLCKpWztmLFFjpvZduc51AFLAGzW8ZRFm1A
JBUWbtg39eU5Ly4mJgmQ5aPdfKwWVb8n57BKSG3p9eMN,1,MICRO:top79,2000.46,2000.46,https://gmgn.ai/sol/address/JBUWbtg39eU5Ly4mJgmQ5aPdfKwWVb8n57BKSG3p9eMN
AnTBmabTkpw7t34HP1qu6GucMaPyJ7Gg3op6EVLVpZ4C,1,MICRO:top80,1998.91,1998.91,https://gmgn.ai/sol/address/AnTBmabTkpw7t34HP1qu6GucMaPyJ7Gg3op6EVLVpZ4C
HMNwWeYm2U29oBJ9Htvyqv8dENks8R2jJo18WnRfCHHZ,1,MICRO:top81,1994.0,1994.0,https://gmgn.ai/sol/address/HMNwWeYm2U29oBJ9Htvyqv8dENks8R2jJo18WnRfCHHZ
HHtKHE3s6RWeMrentuC7sFGWvDMMKP9zFDK7FHATxtJk,1,"Reelpad:early53,top25",1988.76,1988.76,https://gmgn.ai/sol/address/HHtKHE3s6RWeMrentuC7sFGWvDMMKP9zFDK7FHATxtJk
4jLLgSuPtpdSXSAYvAuo5WcCgWFueA98dawQAfy3J3Gk,1,"DUVE:early88,top10",1981.7,1981.7,https://gmgn.ai/sol/address/4jLLgSuPtpdSXSAYvAuo5WcCgWFueA98dawQAfy3J3Gk
7RsN7M74wXzwVN4Vh7FRaUt9vduHFKSzbfgnRDdQpi4m,1,ABU:top26,1977.85,1977.85,https://gmgn.ai/sol/address/7RsN7M74wXzwVN4Vh7FRaUt9vduHFKSzbfgnRDdQpi4m
4YF6qdoKeSuYD2DuKmSLKrk9nYQCBXCWZ8Uf4zWgQYjY,1,"CATGPT:early12,top33",1964.34,1964.34,https://gmgn.ai/sol/address/4YF6qdoKeSuYD2DuKmSLKrk9nYQCBXCWZ8Uf4zWgQYjY
6UHxVYGvBqigvQ8uKXBHTkkGEhw25XnKBMdSHMkuR5gq,1,MICRO:top83,1955.72,1955.72,https://gmgn.ai/sol/address/6UHxVYGvBqigvQ8uKXBHTkkGEhw25XnKBMdSHMkuR5gq
7XEy1vqkDBe79mgGfwJNWxiJFDaycdNMsPkbNdp2nWnx,1,"TIPTOE:early61,top57",1954.3,1954.3,https://gmgn.ai/sol/address/7XEy1vqkDBe79mgGfwJNWxiJFDaycdNMsPkbNdp2nWnx
BcPB8RaeVn7RaZ7AZRFdcqsuJTbNjx9npnt3BkLwwEER,1,MICRO:top84,1954.1,1954.1,https://gmgn.ai/sol/address/BcPB8RaeVn7RaZ7AZRFdcqsuJTbNjx9npnt3BkLwwEER
9yUEmngXGUpYFcHQmkFCxN3wnrn5pXiYuc2mcasqmV6z,1,ABU:top27,1928.18,1928.18,https://gmgn.ai/sol/address/9yUEmngXGUpYFcHQmkFCxN3wnrn5pXiYuc2mcasqmV6z
FSZ6dpJzh6NNmhpntPe6zLV5ecpovw13TQwfiZrx5KcM,1,MICRO:top95,1907.66,1821.98,https://gmgn.ai/sol/address/FSZ6dpJzh6NNmhpntPe6zLV5ecpovw13TQwfiZrx5KcM
Gy39KSFDDbQiD3kVvTqepBveZcnGDXdFq81tqdnsyRh2,1,MICRO:top85,1905.97,1905.97,https://gmgn.ai/sol/address/Gy39KSFDDbQiD3kVvTqepBveZcnGDXdFq81tqdnsyRh2
7awcxQAqh84APs8zxpTyKDnrHCi9uLqXSYkM41DRkVYN,1,TERMINAL:early8,1899.04,1899.04,https://gmgn.ai/sol/address/7awcxQAqh84APs8zxpTyKDnrHCi9uLqXSYkM41DRkVYN
GAFmo5roXLusm6ZnXnGELRMhNoKsYdzXENSEBBmbqVQc,1,AGENCY:early39,1898.07,1898.07,https://gmgn.ai/sol/address/GAFmo5roXLusm6ZnXnGELRMhNoKsYdzXENSEBBmbqVQc
C8xzzTSTEj67MskPana2seE4WUaoqVM7xSLjDNSuJCsU,1,MICRO:top86,1895.87,1895.87,https://gmgn.ai/sol/address/C8xzzTSTEj67MskPana2seE4WUaoqVM7xSLjDNSuJCsU
69Vuu7aiyve74nL5SUDQLg1WPNrdQ38aJ7W4VwbrxkCK,1,MICRO:top87,1892.93,1892.93,https://gmgn.ai/sol/address/69Vuu7aiyve74nL5SUDQLg1WPNrdQ38aJ7W4VwbrxkCK
AEmWu5fTz6fYH7aTzR2GrbancUb69A7Hppm1GQYJ737y,1,TIPTOE:top35,1885.46,1885.46,https://gmgn.ai/sol/address/AEmWu5fTz6fYH7aTzR2GrbancUb69A7Hppm1GQYJ737y
FoowXWNysZqT2b3HXcYDqLKqzf8z6ThE6HJWAM4A1Es3,1,MICRO:top88,1883.37,1883.37,https://gmgn.ai/sol/address/FoowXWNysZqT2b3HXcYDqLKqzf8z6ThE6HJWAM4A1Es3
BgpHaTWzXwSD2tevzP8HY4rVFPZ3P1kj4Ky6UscoPQqQ,1,ABU:top31,1878.89,1878.89,https://gmgn.ai/sol/address/BgpHaTWzXwSD2tevzP8HY4rVFPZ3P1kj4Ky6UscoPQqQ
HrgZ2hGFmAXbxMJ2QpVf9Fd7FTT8PfbKNheiWucqWptk,1,MICRO:top90,1872.61,1872.61,https://gmgn.ai/sol/address/HrgZ2hGFmAXbxMJ2QpVf9Fd7FTT8PfbKNheiWucqWptk
HmKff2Mf3vLQ58bpFZzW8EqsYvvoS55vpEbiPAtuvW9C,1,MICRO:top91,1872.54,1872.54,https://gmgn.ai/sol/address/HmKff2Mf3vLQ58bpFZzW8EqsYvvoS55vpEbiPAtuvW9C
3xNzjkUuQaiPRrk6MfDaFNVhYvNqCYi4JR4CfAEh1Wyw,1,MICRO:top92,1845.05,1845.05,https://gmgn.ai/sol/address/3xNzjkUuQaiPRrk6MfDaFNVhYvNqCYi4JR4CfAEh1Wyw
6QZwdzLqoFGAeggKSrZ36porDitEWvoDmKgs6xQW4icg,1,MICRO:top93,1833.68,1833.68,https://gmgn.ai/sol/address/6QZwdzLqoFGAeggKSrZ36porDitEWvoDmKgs6xQW4icg
asYJqLGw9nuP6mATK1RHXWGcEQz5KiPakG5PHxg3wH8,1,MICRO:top94,1831.51,1831.51,https://gmgn.ai/sol/address/asYJqLGw9nuP6mATK1RHXWGcEQz5KiPakG5PHxg3wH8
CZ5fUbu5n1ve5L29oUB4JadkVD2953zzLfGJycyZhd9o,1,MICRO:top96,1815.09,1815.09,https://gmgn.ai/sol/address/CZ5fUbu5n1ve5L29oUB4JadkVD2953zzLfGJycyZhd9o
Gd6DaJoQ3ZnRLbc1Gam27WUFfD4nyxjQ2rqyrSkeYH83,1,AGENCY:early18,1813.26,1813.26,https://gmgn.ai/sol/address/Gd6DaJoQ3ZnRLbc1Gam27WUFfD4nyxjQ2rqyrSkeYH83
DTni4xJ1Pom8hCAnnhzwbpAp7o4uvDasGYLeNWKbRxUK,1,MICRO:top97,1809.49,1809.49,https://gmgn.ai/sol/address/DTni4xJ1Pom8hCAnnhzwbpAp7o4uvDasGYLeNWKbRxUK
EQaxqKT3N981QBmdSUGNzAGK5S26zUwAdRHhBCgn87zD,1,MICRO:top98,1797.97,1797.97,https://gmgn.ai/sol/address/EQaxqKT3N981QBmdSUGNzAGK5S26zUwAdRHhBCgn87zD
7EEr1QD3VJ9GPNupjzuFYqF3nsmSsn6SWtHAvrcMHZo9,1,MICRO:top99,1791.38,1791.38,https://gmgn.ai/sol/address/7EEr1QD3VJ9GPNupjzuFYqF3nsmSsn6SWtHAvrcMHZo9
G3XTXJPD4NgkLVzB97Lpg9JGRBLuUukxFvnuCgoaRpVL,1,MICRO:top100,1773.3,1773.3,https://gmgn.ai/sol/address/G3XTXJPD4NgkLVzB97Lpg9JGRBLuUukxFvnuCgoaRpVL
BJkkaKgXTkyMnV2VQeZtG7ySNJt8oKDgonjEJwG9QXXa,1,TIPTOE:top30,1772.49,2352.19,https://gmgn.ai/sol/address/BJkkaKgXTkyMnV2VQeZtG7ySNJt8oKDgonjEJwG9QXXa
4FRAr7TRyWGaZJq3Vp2tX2eJ9vQqmnjAEQb8vZX3yoM3,1,SIF:top26,1751.41,2403.37,https://gmgn.ai/sol/address/4FRAr7TRyWGaZJq3Vp2tX2eJ9vQqmnjAEQb8vZX3yoM3
2ce9tZ9h6oeuMpgNbGejRTCP7J7xGPkoRY3rLPvHPb9b,1,"CATGPT:early27,top44",1734.27,1734.27,https://gmgn.ai/sol/address/2ce9tZ9h6oeuMpgNbGejRTCP7J7xGPkoRY3rLPvHPb9b
H6i1pnksrcYre64FFJouH4MKN47iKVjNLvC2oCqQ6QZ1,1,Reelpad:top8,1725.11,1725.11,https://gmgn.ai/sol/address/H6i1pnksrcYre64FFJouH4MKN47iKVjNLvC2oCqQ6QZ1
BJ3WPii1DLJ1GiSGiSP5jip7DDugwoQpqFP4tQTYBtZp,1,TERMINAL:early37,1710.35,1710.35,https://gmgn.ai/sol/address/BJ3WPii1DLJ1GiSGiSP5jip7DDugwoQpqFP4tQTYBtZp
4XAiLjBgozqEEwaRMk4rQ4jnUtTAKRihAy3fsbBrdFBW,1,TIPTOE:top38,1690.08,1690.08,https://gmgn.ai/sol/address/4XAiLjBgozqEEwaRMk4rQ4jnUtTAKRihAy3fsbBrdFBW
2x3LR7iVaSgJKmzwwEeCL2vTZiFQER7456wA4PweafEb,1,ABU:top11,1684.65,3305.62,https://gmgn.ai/sol/address/2x3LR7iVaSgJKmzwwEeCL2vTZiFQER7456wA4PweafEb
3dBFnEXem4wDxN8YCKKEqDq5yKWeQWbkQ2zR49EbX6ga,1,SIF:top37,1670.99,1670.99,https://gmgn.ai/sol/address/3dBFnEXem4wDxN8YCKKEqDq5yKWeQWbkQ2zR49EbX6ga
6Ew3QGQpdJ49PoGTk2Wn6wc9jV8RnP1mSBFrq6G7UJ7v,1,TIPTOE:top44,1661.88,1320.11,https://gmgn.ai/sol/address/6Ew3QGQpdJ49PoGTk2Wn6wc9jV8RnP1mSBFrq6G7UJ7v
7WumShnriG1tMRDC2BVGdj8GHR2GiDBs9PHqm3siNnNG,1,SIF:top36,1659.99,1672.33,https://gmgn.ai/sol/address/7WumShnriG1tMRDC2BVGdj8GHR2GiDBs9PHqm3siNnNG
2YGsgZzeSKuXbDwN5iY2nJXh5uQVRYmJDrw2LS9L3nqi,1,SIF:top39,1659.05,1659.05,https://gmgn.ai/sol/address/2YGsgZzeSKuXbDwN5iY2nJXh5uQVRYmJDrw2LS9L3nqi
jtDEYxCTEtthsAzADjEhnppCBzjwyc4wQvfRAD4uNi5,1,SIF:top40,1652.78,1652.78,https://gmgn.ai/sol/address/jtDEYxCTEtthsAzADjEhnppCBzjwyc4wQvfRAD4uNi5
EL9Rq8Q169BB7YwKWk9e7Ts74eZEu9yMYsoF4LCtTHEy,1,ABU:top56,1636.01,990.81,https://gmgn.ai/sol/address/EL9Rq8Q169BB7YwKWk9e7Ts74eZEu9yMYsoF4LCtTHEy
Ggh27HSvkTx74UxFaGDMNczPg422mXFiW9XeN85p72gq,1,AGENCY:early33,1635.74,1635.74,https://gmgn.ai/sol/address/Ggh27HSvkTx74UxFaGDMNczPg422mXFiW9XeN85p72gq
J8eGNvstF7CPmXkNs9A4oMirPVLMe75WEacrVvpWPtEo,1,"CATGPT:early65,top47",1579.48,1579.48,https://gmgn.ai/sol/address/J8eGNvstF7CPmXkNs9A4oMirPVLMe75WEacrVvpWPtEo
HU5TJQaU9945Js4YAKYTpWWzvr5x7iREM7XJZr6CHMB4,1,Reelpad:top9,1571.33,1571.33,https://gmgn.ai/sol/address/HU5TJQaU9945Js4YAKYTpWWzvr5x7iREM7XJZr6CHMB4
Cqg3dEjki5Pf4T5UNfZQ8oCfTeqKnhzwPkr1jFGmCK87,1,"TIPTOE:early88,top71",1531.12,1473.66,https://gmgn.ai/sol/address/Cqg3dEjki5Pf4T5UNfZQ8oCfTeqKnhzwPkr1jFGmCK87
Heebtw7rAWvY5xjXKL1EmW8ZZDzkjWjDaeue21BExRjT,1,ABU:top36,1530.25,1530.25,https://gmgn.ai/sol/address/Heebtw7rAWvY5xjXKL1EmW8ZZDzkjWjDaeue21BExRjT
HXWLurfqdX3dVLqpxUg2jrvpupTnLHQYzgrDMJUz74d7,1,SIF:top43,1524.54,1524.54,https://gmgn.ai/sol/address/HXWLurfqdX3dVLqpxUg2jrvpupTnLHQYzgrDMJUz74d7
4tFcznWYb3Km4HS2uTwSSiJVdiHmXzVSomF4Bs6iQzwR,1,SIF:top38,1503.75,1659.49,https://gmgn.ai/sol/address/4tFcznWYb3Km4HS2uTwSSiJVdiHmXzVSomF4Bs6iQzwR
4HFaRNWoWZrPLGvhHXZiAoS8m3qtVJN8GWh8qCvxKYGA,1,TIPTOE:top39,1497.28,1497.28,https://gmgn.ai/sol/address/4HFaRNWoWZrPLGvhHXZiAoS8m3qtVJN8GWh8qCvxKYGA
5S8izhtVDvrr25hHWWnrhQNDBJscmUhXfH1K2xUSMF6G,1,TIPTOE:top40,1472.19,1472.19,https://gmgn.ai/sol/address/5S8izhtVDvrr25hHWWnrhQNDBJscmUhXfH1K2xUSMF6G
6QoFz5Pq6TBqTjEEQqkgtUXAbjuPcFmq52nWvBYZ9smc,1,ABU:top39,1452.39,1452.39,https://gmgn.ai/sol/address/6QoFz5Pq6TBqTjEEQqkgtUXAbjuPcFmq52nWvBYZ9smc
9GBsoKrngqmLcqf6ELncpEjVxAgGoaseuDBhVZrmtJer,1,"CATGPT:early29,top50",1451.07,1451.07,https://gmgn.ai/sol/address/9GBsoKrngqmLcqf6ELncpEjVxAgGoaseuDBhVZrmtJer
3gh4QJ2dkh9uM7hzPf2W4AnDHdm6TjtiarX2zp3Jjh3V,1,ABU:top40,1443.15,1443.15,https://gmgn.ai/sol/address/3gh4QJ2dkh9uM7hzPf2W4AnDHdm6TjtiarX2zp3Jjh3V
CNzR1JdjeE2bEeFYcRicqaBGo4wj63Z31N6XV58mV9cZ,1,AGENCY:early35,1438.22,1438.22,https://gmgn.ai/sol/address/CNzR1JdjeE2bEeFYcRicqaBGo4wj63Z31N6XV58mV9cZ
Hrixmh5t7RDjkTFLDLC59qLzm1f3TQjVLWEBWYaUtAJF,1,SIF:top46,1437.51,1437.51,https://gmgn.ai/sol/address/Hrixmh5t7RDjkTFLDLC59qLzm1f3TQjVLWEBWYaUtAJF
3suUcHxDk4pX8AqArW7JtrY9xe7WGPg3S1SUQxgjcBzs,1,"ABU:early6,top90",1426.21,1426.21,https://gmgn.ai/sol/address/3suUcHxDk4pX8AqArW7JtrY9xe7WGPg3S1SUQxgjcBzs
FLZW6ctM2iHiHdgN6hz2df4fwuR2dbEJwZRg5VPhUC4W,1,TIPTOE:top41,1423.84,1423.84,https://gmgn.ai/sol/address/FLZW6ctM2iHiHdgN6hz2df4fwuR2dbEJwZRg5VPhUC4W
cmGMrApay4thBbHtWYoJavk5QnyYCe3knenExuK5kJx,1,CATGPT:top14,1423.39,1423.39,https://gmgn.ai/sol/address/cmGMrApay4thBbHtWYoJavk5QnyYCe3knenExuK5kJx
FCHFoT4X6qrnw5EKx3oMQ8LtoY7jF56GvB56QwMDpb5f,1,SIF:top34,1409.03,1794.5,https://gmgn.ai/sol/address/FCHFoT4X6qrnw5EKx3oMQ8LtoY7jF56GvB56QwMDpb5f
Ac5KjKkyZ3d7GPvVVsj316fu6df7gJ5hJ7Ed88EoqR5P,1,SIF:top32,1391.58,2048.58,https://gmgn.ai/sol/address/Ac5KjKkyZ3d7GPvVVsj316fu6df7gJ5hJ7Ed88EoqR5P
BhFBHRtGTaRYqgiVhtXEi8n2ZjwAzajBevPtqpxWQHsS,1,ABU:top41,1379.38,1379.38,https://gmgn.ai/sol/address/BhFBHRtGTaRYqgiVhtXEi8n2ZjwAzajBevPtqpxWQHsS
9dwNvH45yy1W7wbrTbwESt2zHFJZnwDt5xzrmqDXggbf,1,"TIPTOE:early90,top76",1376.93,1376.93,https://gmgn.ai/sol/address/9dwNvH45yy1W7wbrTbwESt2zHFJZnwDt5xzrmqDXggbf
EJxzy4XDEBves1HdZjb97DowiAU88hYrDMhYGWwK6osJ,1,"TIPTOE:early91,top77",1368.96,1368.96,https://gmgn.ai/sol/address/EJxzy4XDEBves1HdZjb97DowiAU88hYrDMhYGWwK6osJ
FGSN7iW5V4g2qrSf2JAt3eTUoy6iBwNpDgdjiBxgRRpN,1,Reelpad:top11,1366.68,1366.68,https://gmgn.ai/sol/address/FGSN7iW5V4g2qrSf2JAt3eTUoy6iBwNpDgdjiBxgRRpN
CFRyq8LMfbhS8zw66gaRqYEQRJae2SKGmR21ZN9Yedh4,1,CATGPT:top17,1364.61,1364.61,https://gmgn.ai/sol/address/CFRyq8LMfbhS8zw66gaRqYEQRJae2SKGmR21ZN9Yedh4
3nKo7nb92KScBv9bLmwc9rnHS1izLPRLF1h1scrqiPKN,1,TIPTOE:top42,1360.56,1360.56,https://gmgn.ai/sol/address/3nKo7nb92KScBv9bLmwc9rnHS1izLPRLF1h1scrqiPKN
6FiFSCfooMDsiGHieaABcywCGmLrwgSEv8uDLLfN4woV,1,SIF:top48,1357.58,1357.58,https://gmgn.ai/sol/address/6FiFSCfooMDsiGHieaABcywCGmLrwgSEv8uDLLfN4woV
9bbwTuMkNjud7iFd1QgQ2FBYTmyMsv2PJMFFr1vmPzrC,1,AGENCY:top81,1354.56,24517.21,https://gmgn.ai/sol/address/9bbwTuMkNjud7iFd1QgQ2FBYTmyMsv2PJMFFr1vmPzrC
2Epn5w9hTFHJZjJ93cXbXdS3EaVoEyyZL47pzMeboH9u,1,ABU:top46,1336.94,1336.94,https://gmgn.ai/sol/address/2Epn5w9hTFHJZjJ93cXbXdS3EaVoEyyZL47pzMeboH9u
9CrhhZ1drrNDaT3uAsxvCVJKYHzS9U3ffYpAWRji8f85,1,SIF:top49,1330.59,1330.59,https://gmgn.ai/sol/address/9CrhhZ1drrNDaT3uAsxvCVJKYHzS9U3ffYpAWRji8f85
BeqfEiy6z9odqedPmha8bD7bk3ihNvxT1vbtYC86b1rq,1,AGENCY:top56,1318.71,37583.49,https://gmgn.ai/sol/address/BeqfEiy6z9odqedPmha8bD7bk3ihNvxT1vbtYC86b1rq
6SRTnQcm1iPeavfYtGpt7xsFatff3fepEMNjoyLyTbpo,1,"CATGPT:early23,top54",1301.19,1301.19,https://gmgn.ai/sol/address/6SRTnQcm1iPeavfYtGpt7xsFatff3fepEMNjoyLyTbpo
9qv1WxxR8uM6XRktTqWD8isAQ58wxqSe2CwqwAcAjBGh,1,ABU:top42,1289.69,1372.87,https://gmgn.ai/sol/address/9qv1WxxR8uM6XRktTqWD8isAQ58wxqSe2CwqwAcAjBGh
3H4D69Uudvx5w1mVJfsAEBZSyMgp5gGHRAbt1E31Q4xX,1,TIPTOE:top47,1275.82,1275.82,https://gmgn.ai/sol/address/3H4D69Uudvx5w1mVJfsAEBZSyMgp5gGHRAbt1E31Q4xX
2dqe7VxbsajyPU1nVAJhgQYC2yGGEZLJJwW2yeNCq9rt,1,"CATGPT:early28,top55",1274.35,1274.35,https://gmgn.ai/sol/address/2dqe7VxbsajyPU1nVAJhgQYC2yGGEZLJJwW2yeNCq9rt
5DcLAHftbAWKr2fGSiEmKRNPdw7YPmcY1BYNJomxfaSz,1,AGENCY:top94,1272.88,16688.19,https://gmgn.ai/sol/address/5DcLAHftbAWKr2fGSiEmKRNPdw7YPmcY1BYNJomxfaSz
G4EU2rPW7izPQZh6z4zZAtuL4NBnQ451j69dYNJmQyhc,1,TIPTOE:top8,1272.21,5630.99,https://gmgn.ai/sol/address/G4EU2rPW7izPQZh6z4zZAtuL4NBnQ451j69dYNJmQyhc
7tHeGrnfvFEqHiRzx1xRjhfeWRM7p9eEipZJF85CS52L,1,ABU:top50,1270.76,1270.76,https://gmgn.ai/sol/address/7tHeGrnfvFEqHiRzx1xRjhfeWRM7p9eEipZJF85CS52L
35zTGgCZkdo4eg7FD8nLpXEUCbaDBpnmuZxCfkUhfrbK,1,TERMINAL:early38,1269.8,1269.8,https://gmgn.ai/sol/address/35zTGgCZkdo4eg7FD8nLpXEUCbaDBpnmuZxCfkUhfrbK
7o5xmSWdDpRrS4b2rX9J6REDrupA6RkCArAGbgSntrw3,1,TIPTOE:top29,1255.22,2507.01,https://gmgn.ai/sol/address/7o5xmSWdDpRrS4b2rX9J6REDrupA6RkCArAGbgSntrw3
E7Rw8aiJD4D6xUpJUStj8Pp6ZTYgba3nbR9UqBV8Mk14,1,Reelpad:top88,1248.67,296.48,https://gmgn.ai/sol/address/E7Rw8aiJD4D6xUpJUStj8Pp6ZTYgba3nbR9UqBV8Mk14
d1fq7NmA2oQu4s2bYtrPwrkApz2Gw3Bsjy47aMnd4Sq,1,SIF:top53,1245.79,1261.95,https://gmgn.ai/sol/address/d1fq7NmA2oQu4s2bYtrPwrkApz2Gw3Bsjy47aMnd4Sq
GnnxdyaiAzPCuHY2ppMJUfmJyTu8gff9DrYGexNR3PJh,1,SIF:top47,1242.86,1422.0,https://gmgn.ai/sol/address/GnnxdyaiAzPCuHY2ppMJUfmJyTu8gff9DrYGexNR3PJh
95X5P34bMxyCUsYaDgT73TE8eWS47RWf1xM15KLPnAUH,1,SIF:top56,1241.72,1241.72,https://gmgn.ai/sol/address/95X5P34bMxyCUsYaDgT73TE8eWS47RWf1xM15KLPnAUH
4ZWmGtAqgXZogHfETFcTTDZB3B7jSbyvY4jqwYxDgnoq,1,DUVE:top5,1232.02,1232.02,https://gmgn.ai/sol/address/4ZWmGtAqgXZogHfETFcTTDZB3B7jSbyvY4jqwYxDgnoq
6pqQAbupoEeFNsm3egPWqnWBGZUQ86x9eR7zTsiyWrCp,1,AGENCY:top60,1226.42,35195.93,https://gmgn.ai/sol/address/6pqQAbupoEeFNsm3egPWqnWBGZUQ86x9eR7zTsiyWrCp
DSgcjXTmgsKoJmZfMd8xHcw8MNK6qQnyDjEynw5mC8Ui,1,TIPTOE:top31,1222.98,2255.32,https://gmgn.ai/sol/address/DSgcjXTmgsKoJmZfMd8xHcw8MNK6qQnyDjEynw5mC8Ui
BGPnsfEQaCQRnonBzMJbrSNAmd2UZNEr8o1y6qYMRTUo,1,"CATGPT:early10,top58",1215.24,1215.24,https://gmgn.ai/sol/address/BGPnsfEQaCQRnonBzMJbrSNAmd2UZNEr8o1y6qYMRTUo
EvxERLMxikinYf3YCr542YrB92qKodFaZdChdxHSQhZo,1,CATGPT:top23,1190.17,1190.17,https://gmgn.ai/sol/address/EvxERLMxikinYf3YCr542YrB92qKodFaZdChdxHSQhZo
7ag34YiB9Z2dGqMgcTxNMv9PifEfgef6bXQDxzMiFerY,1,"SIF:early49,top27",1175.7,4554.11,https://gmgn.ai/sol/address/7ag34YiB9Z2dGqMgcTxNMv9PifEfgef6bXQDxzMiFerY
a9Cct2wpjn4vWSR4rsytxm1URyk6vTXo4RTqXFpjyvD,1,"CATGPT:early42,top60",1175.08,1175.08,https://gmgn.ai/sol/address/a9Cct2wpjn4vWSR4rsytxm1URyk6vTXo4RTqXFpjyvD
6888PdNtjS4rDr6JVxE11HQJDNkjQ48xZ5DCQjgJBKAB,1,TIPTOE:top50,1171.02,1171.02,https://gmgn.ai/sol/address/6888PdNtjS4rDr6JVxE11HQJDNkjQ48xZ5DCQjgJBKAB
GmSYPuJAjKTYDQdYkmC4fXtxRKr3v8B7eBPF86fDX3gN,1,TIPTOE:top51,1165.94,1165.94,https://gmgn.ai/sol/address/GmSYPuJAjKTYDQdYkmC4fXtxRKr3v8B7eBPF86fDX3gN
HAhChk8QoLYounrsms89gQbFToC5w5Yknom8qKAwRAuT,1,ABU:top33,1163.78,1673.59,https://gmgn.ai/sol/address/HAhChk8QoLYounrsms89gQbFToC5w5Yknom8qKAwRAuT
2U3HcmyNDjxg5Wr5LsxzXQPk6aVDTicYcGxuR8wAsQLy,1,ABU:top52,1162.38,1162.38,https://gmgn.ai/sol/address/2U3HcmyNDjxg5Wr5LsxzXQPk6aVDTicYcGxuR8wAsQLy
Gtw5QKLnYazyApkzmCXo9GvXa5sCjwvx2bdRLaid8FHu,1,Reelpad:top14,1152.05,1134.73,https://gmgn.ai/sol/address/Gtw5QKLnYazyApkzmCXo9GvXa5sCjwvx2bdRLaid8FHu
9eR4orhgsu2nn1ABGMkocf1batXd6VrxwEDz1xTTthDa,1,TIPTOE:top52,1149.46,1149.46,https://gmgn.ai/sol/address/9eR4orhgsu2nn1ABGMkocf1batXd6VrxwEDz1xTTthDa
F15i5j89YjoHK8VUKyoyRdM64PGgHVgHh7SK8bfJTBwL,1,"CATGPT:early47,top61",1149.4,1149.4,https://gmgn.ai/sol/address/F15i5j89YjoHK8VUKyoyRdM64PGgHVgHh7SK8bfJTBwL
DvFZ1iuUPxh7PaPNnjdodZU2SAbmVvNNGr9GeavWdPXt,1,CATGPT:top24,1148.9,1148.9,https://gmgn.ai/sol/address/DvFZ1iuUPxh7PaPNnjdodZU2SAbmVvNNGr9GeavWdPXt
4DovZLQMSrHhptkcteC7x5UCGRSEmLqfAQKtjBUEJxC1,1,AGENCY:top55,1148.72,37730.28,https://gmgn.ai/sol/address/4DovZLQMSrHhptkcteC7x5UCGRSEmLqfAQKtjBUEJxC1
B6rneBPNPGu5TyJ8nk6NSi7cVnThz75f66wZZ4PTvAZC,1,"Reelpad:early64,top51",1148.42,1148.42,https://gmgn.ai/sol/address/B6rneBPNPGu5TyJ8nk6NSi7cVnThz75f66wZZ4PTvAZC
xF7nE5AjzqiwQxtTpnmmBjsW8QYJd7DK1sjzTedGK7K,1,TIPTOE:top54,1123.35,1123.35,https://gmgn.ai/sol/address/xF7nE5AjzqiwQxtTpnmmBjsW8QYJd7DK1sjzTedGK7K
75yj5p3sMLQbtF5ufoTiqv4AkaEHi1xvhUrmUdMz4CT3,1,ABU:top25,1122.72,2046.94,https://gmgn.ai/sol/address/75yj5p3sMLQbtF5ufoTiqv4AkaEHi1xvhUrmUdMz4CT3
7Z9jhQ8UfPhekdyoJ9DRNWtawiK3MwGfAaVK52SsrV3d,1,Reelpad:top15,1113.84,1113.84,https://gmgn.ai/sol/address/7Z9jhQ8UfPhekdyoJ9DRNWtawiK3MwGfAaVK52SsrV3d
22CJVUxusUk8GwySGj7VmJm2Qg5EiYUo7DXqSNUVY9ss,1,ABU:top28,1111.13,1926.52,https://gmgn.ai/sol/address/22CJVUxusUk8GwySGj7VmJm2Qg5EiYUo7DXqSNUVY9ss
FgHpWKX3bx6XVo5oYUqqVsuNwWN4pA8TkLvAjuqbz4Dx,1,SIF:top60,1093.07,1093.07,https://gmgn.ai/sol/address/FgHpWKX3bx6XVo5oYUqqVsuNwWN4pA8TkLvAjuqbz4Dx
DAjX9tL5g8AvWKvXDggiL2rrtWGpE6fhV1d5M3qWY7Qj,1,Reelpad:top17,1087.52,1087.52,https://gmgn.ai/sol/address/DAjX9tL5g8AvWKvXDggiL2rrtWGpE6fhV1d5M3qWY7Qj
FCXnwmVG1CnQswEBRBX74Vz7Xbu9WYFB4J6GR2Ymnwpr,1,CATGPT:top27,1077.38,1077.38,https://gmgn.ai/sol/address/FCXnwmVG1CnQswEBRBX74Vz7Xbu9WYFB4J6GR2Ymnwpr
3CQa9TLeweCQU5tvQFSkBCqo1cDsYNVvA8oCKub77i5x,1,TIPTOE:top37,1073.43,1724.59,https://gmgn.ai/sol/address/3CQa9TLeweCQU5tvQFSkBCqo1cDsYNVvA8oCKub77i5x
8CzxDjf19oipsfc3rBbrSxwt3y7vnfMS8j5d99YY3iRz,1,SIF:top61,1072.92,1072.92,https://gmgn.ai/sol/address/8CzxDjf19oipsfc3rBbrSxwt3y7vnfMS8j5d99YY3iRz
Fzobesz2pmUbD5892vMduVuNwM2s5gNAVgrRvqZLGhv6,1,Reelpad:top19,1072.43,1072.43,https://gmgn.ai/sol/address/Fzobesz2pmUbD5892vMduVuNwM2s5gNAVgrRvqZLGhv6
8mpWxeBV3TxKzp7x6am6pBa4cxvvjBBUmeikJUATbASY,1,Reelpad:top20,1071.46,1071.46,https://gmgn.ai/sol/address/8mpWxeBV3TxKzp7x6am6pBa4cxvvjBBUmeikJUATbASY
9ao1U1gchvC1DF4cZbHncn3LLTucDcDQNK3Cd6aEt7W1,1,"DUVE:early1,top30",1069.93,1069.93,https://gmgn.ai/sol/address/9ao1U1gchvC1DF4cZbHncn3LLTucDcDQNK3Cd6aEt7W1
HkgM3g9xhUp3RmuqS8jpb4LemgmheYwonz2iarmrFBk1,1,"CATGPT:early26,top64",1069.5,1069.5,https://gmgn.ai/sol/address/HkgM3g9xhUp3RmuqS8jpb4LemgmheYwonz2iarmrFBk1
4r288D66ZzxbGrUc8AVUdwcCZvEfchyYh3jKdrfkueen,1,SIF:top54,1068.58,1257.96,https://gmgn.ai/sol/address/4r288D66ZzxbGrUc8AVUdwcCZvEfchyYh3jKdrfkueen
HxVkpscDvqnByfeycH4bXNEwEXUZufoh91FSbPvbGXuv,1,"CATGPT:early9,top65",1068.37,1068.37,https://gmgn.ai/sol/address/HxVkpscDvqnByfeycH4bXNEwEXUZufoh91FSbPvbGXuv
AgytU4H5KZHwPE8qWuXYSJY3FYuWPQ9dsESEpvAZTwwi,1,SIF:top62,1064.88,1061.8,https://gmgn.ai/sol/address/AgytU4H5KZHwPE8qWuXYSJY3FYuWPQ9dsESEpvAZTwwi
5xAdowN9Hj3ZMTLxWR7kpshrDoXvDBJMx6qmukASkVSe,1,TIPTOE:top55,1060.86,1060.86,https://gmgn.ai/sol/address/5xAdowN9Hj3ZMTLxWR7kpshrDoXvDBJMx6qmukASkVSe
HC9NrCcDDAi3ah1JFtS5PGvHsy4pk4wZswUZsBk8MtF1,1,SIF:top63,1053.96,1052.6,https://gmgn.ai/sol/address/HC9NrCcDDAi3ah1JFtS5PGvHsy4pk4wZswUZsBk8MtF1
8fsKLLtvKNanL4ginCaiRS6UfeemY11rSf8U8fN1dJw4,1,DUVE:top9,1050.89,1050.89,https://gmgn.ai/sol/address/8fsKLLtvKNanL4ginCaiRS6UfeemY11rSf8U8fN1dJw4
ADwfrwcpxPdbVw6Hi9cJ8acFPreqanjfYY7siBmJNekS,1,SIF:top58,1042.22,1160.48,https://gmgn.ai/sol/address/ADwfrwcpxPdbVw6Hi9cJ8acFPreqanjfYY7siBmJNekS
BiXPumFDi4vmqMyrrwDKd3Bu3AfqCTtmUap25ooMtEny,1,CATGPT:top30,1039.39,1039.39,https://gmgn.ai/sol/address/BiXPumFDi4vmqMyrrwDKd3Bu3AfqCTtmUap25ooMtEny
HpDfJMLycqz8JWxAuWrs4ixDcfQF9AANtTwNg7Je8B4A,1,Reelpad:top23,1032.55,1032.55,https://gmgn.ai/sol/address/HpDfJMLycqz8JWxAuWrs4ixDcfQF9AANtTwNg7Je8B4A
32mRYcNZJfG8gFrn9gvqusUtaWekXVAVQpkc97j5M9iT,1,CATGPT:top19,1030.62,1332.49,https://gmgn.ai/sol/address/32mRYcNZJfG8gFrn9gvqusUtaWekXVAVQpkc97j5M9iT
9e3aqLqBUJ9Q9Hc6u5mn5KaqDEP14RuCSV1T3d7YyeYD,1,TERMINAL:early72,1030.38,1030.38,https://gmgn.ai/sol/address/9e3aqLqBUJ9Q9Hc6u5mn5KaqDEP14RuCSV1T3d7YyeYD
ds8MWoWoX32xPE6HfvbGPoRWRJzXLL2UoHpMUxJLC3a,1,SIF:top55,1027.08,1254.09,https://gmgn.ai/sol/address/ds8MWoWoX32xPE6HfvbGPoRWRJzXLL2UoHpMUxJLC3a
2kvFnXKe3J7BnkamRcoZRhqS5NbG8gEGm2sefsvKT5o7,1,ABU:top55,1017.01,1017.01,https://gmgn.ai/sol/address/2kvFnXKe3J7BnkamRcoZRhqS5NbG8gEGm2sefsvKT5o7
wXAr6K1K7F5eEYDUN6KPS6uLnfE1yT1v8HwbyUcNTsQ,1,CATGPT:top31,1008.32,1008.32,https://gmgn.ai/sol/address/wXAr6K1K7F5eEYDUN6KPS6uLnfE1yT1v8HwbyUcNTsQ
282ozGFn4WK2oJwtsKcq4f6X9EXGKCWoZ6vzKBBU2uXC,1,TIPTOE:top49,1003.38,1196.91,https://gmgn.ai/sol/address/282ozGFn4WK2oJwtsKcq4f6X9EXGKCWoZ6vzKBBU2uXC
DjF7KP81AT166vYyMhHEiLjcnk11hAQ75HbznNL67rU2,1,Reelpad:top24,998.12,998.12,https://gmgn.ai/sol/address/DjF7KP81AT166vYyMhHEiLjcnk11hAQ75HbznNL67rU2
CHDy1oWVAM8jPHDGYsR2XqwHiDzgQVMGtRGMNW6xtYUV,1,ABU:top58,984.58,984.58,https://gmgn.ai/sol/address/CHDy1oWVAM8jPHDGYsR2XqwHiDzgQVMGtRGMNW6xtYUV
8Jkx8w2dDwwSdju4frFRCvHrMax2ZV2DvKYRZC6jAHEK,1,CATGPT:top34,981.86,981.86,https://gmgn.ai/sol/address/8Jkx8w2dDwwSdju4frFRCvHrMax2ZV2DvKYRZC6jAHEK
4M3YYMSwaynTV5NgFqP4Kv6qiDXxKPFXjqqF4VLQU96A,1,Reelpad:top28,975.37,912.68,https://gmgn.ai/sol/address/4M3YYMSwaynTV5NgFqP4Kv6qiDXxKPFXjqqF4VLQU96A
A2DnUcmUcZEojz8zPAbDCXPuJML6uYMue7TWZsBZkqrp,1,Reelpad:top98,975.13,-703.97,https://gmgn.ai/sol/address/A2DnUcmUcZEojz8zPAbDCXPuJML6uYMue7TWZsBZkqrp
9Tdm1qMy6Xt7Vfywb3jVFRoWw3r371i9aQ8eKJ2kChQk,1,Reelpad:top74,972.49,441.84,https://gmgn.ai/sol/address/9Tdm1qMy6Xt7Vfywb3jVFRoWw3r371i9aQ8eKJ2kChQk
GFq67HEFEMrmQjbvtZSCaghLBjafufo6ZQtQXEz1PZ3s,1,ABU:top59,970.3,970.3,https://gmgn.ai/sol/address/GFq67HEFEMrmQjbvtZSCaghLBjafufo6ZQtQXEz1PZ3s
9RaQkXMyCd1GUQs4J9LU9DvGvJbMUkWtukuTsyS9Tyoh,1,TIPTOE:top58,966.7,966.7,https://gmgn.ai/sol/address/9RaQkXMyCd1GUQs4J9LU9DvGvJbMUkWtukuTsyS9Tyoh
JA1EovEpLYf7pBr6fLHu2eSg96Hs5NZ7DNxmgK2sA95U,1,CATGPT:top36,954.62,954.62,https://gmgn.ai/sol/address/JA1EovEpLYf7pBr6fLHu2eSg96Hs5NZ7DNxmgK2sA95U
FirN2PFjBfm3d6XXDLmXReEiKwkPavXLFsnm7zi8WR6s,1,SIF:top15,954.51,3230.72,https://gmgn.ai/sol/address/FirN2PFjBfm3d6XXDLmXReEiKwkPavXLFsnm7zi8WR6s
EG6Xr6Q4UEki1V9pGhxr44J2t7zgrgavEBQX61AyT88f,1,DUVE:top12,954.23,954.23,https://gmgn.ai/sol/address/EG6Xr6Q4UEki1V9pGhxr44J2t7zgrgavEBQX61AyT88f
ALLkgxjAiVhHnQvWkne4aKkjT2Thza4c6MfKaUjx1TUy,1,TIPTOE:top59,952.99,952.99,https://gmgn.ai/sol/address/ALLkgxjAiVhHnQvWkne4aKkjT2Thza4c6MfKaUjx1TUy
BYcCCv9ScgYdun3RwCfb38JZyRsWThCkyA6WJLqGjMHi,1,Reelpad:top27,951.52,951.52,https://gmgn.ai/sol/address/BYcCCv9ScgYdun3RwCfb38JZyRsWThCkyA6WJLqGjMHi
8eG1hWmYwQ13aU2Zy4PEkVHpw6ecxjkH9xVmVSva5fgT,1,ABU:top62,950.66,950.66,https://gmgn.ai/sol/address/8eG1hWmYwQ13aU2Zy4PEkVHpw6ecxjkH9xVmVSva5fgT
4AufoJdJBgMfev5feAgFiXwmsQRxZgtCaT1zVdWV7dhB,1,DUVE:top13,946.72,946.72,https://gmgn.ai/sol/address/4AufoJdJBgMfev5feAgFiXwmsQRxZgtCaT1zVdWV7dhB
GgbCFRHHAPv5i1fqt1D1buf8FPNA31oKrkZvXDyZymsT,1,CATGPT:top37,946.17,946.17,https://gmgn.ai/sol/address/GgbCFRHHAPv5i1fqt1D1buf8FPNA31oKrkZvXDyZymsT
3gw9qKR2CqEFSxSSuPJbRfVknHq7WSgbRhf9f9MQdjMu,1,CATGPT:top39,943.47,943.47,https://gmgn.ai/sol/address/3gw9qKR2CqEFSxSSuPJbRfVknHq7WSgbRhf9f9MQdjMu
FAcZzmA8UJ6U3Qzp8KZPFyerQNtQyZjVuwah3h8ksZox,1,ABU:top64,939.01,939.01,https://gmgn.ai/sol/address/FAcZzmA8UJ6U3Qzp8KZPFyerQNtQyZjVuwah3h8ksZox
4gzfeWoBQmV7ednrfcRh26AqmTrxm7MDpR1kH8x3wcNn,1,DUVE:top14,937.91,937.91,https://gmgn.ai/sol/address/4gzfeWoBQmV7ednrfcRh26AqmTrxm7MDpR1kH8x3wcNn
2mubzh7gXUMn9SCWwMxEa1Qk25hra3NWyShzQQbLhGuS,1,TIPTOE:top60,937.84,937.84,https://gmgn.ai/sol/address/2mubzh7gXUMn9SCWwMxEa1Qk25hra3NWyShzQQbLhGuS
BbVBtJ8FWGD95X4KcX8Ta9vzvCY1d3BVBmMLXJb3Lkyi,1,CATGPT:top40,931.81,931.81,https://gmgn.ai/sol/address/BbVBtJ8FWGD95X4KcX8Ta9vzvCY1d3BVBmMLXJb3Lkyi
6vHTn67M8X5wDFB2eaeHu1WL8R6a7Xk6WfiBe6u5vkWb,1,DUVE:top17,930.4,930.4,https://gmgn.ai/sol/address/6vHTn67M8X5wDFB2eaeHu1WL8R6a7Xk6WfiBe6u5vkWb
J793LGyG66b71skEKhnLwG2VL9rZxqqUYBEDduMp4Kc5,1,ABU:top66,918.33,918.33,https://gmgn.ai/sol/address/J793LGyG66b71skEKhnLwG2VL9rZxqqUYBEDduMp4Kc5
689GiYkfMKvUbhoMtrdJT92yp6stYgyEB94iHWTGhuSc,1,CATGPT:top41,918.19,918.19,https://gmgn.ai/sol/address/689GiYkfMKvUbhoMtrdJT92yp6stYgyEB94iHWTGhuSc
7cHBgvDCuwqjcWfgzqs83kqbL3F28w7amprNKvjx7HNz,1,"CATGPT:early3,top75",910.86,910.86,https://gmgn.ai/sol/address/7cHBgvDCuwqjcWfgzqs83kqbL3F28w7amprNKvjx7HNz
HKcsAKGpxnFxz7DGkNYP4X7M34kqj6sSwQoygh4djC98,1,ABU:top67,902.29,902.29,https://gmgn.ai/sol/address/HKcsAKGpxnFxz7DGkNYP4X7M34kqj6sSwQoygh4djC98
Bi4rd5FH5bYEN8scZ7wevxNZyNmKHdaBcvewdPFxYdLt,1,TERMINAL:early56,900.02,900.02,https://gmgn.ai/sol/address/Bi4rd5FH5bYEN8scZ7wevxNZyNmKHdaBcvewdPFxYdLt
3rkdQxwCNWbCuMhstwxsTaK6Pk5pF3tx64b8BiqBeviT,1,ABU:top32,898.62,1793.82,https://gmgn.ai/sol/address/3rkdQxwCNWbCuMhstwxsTaK6Pk5pF3tx64b8BiqBeviT
9XtaZW3f2pVfLWiMh14tKtGHGPHEhcdA61HjD76hQFkh,1,Reelpad:top30,895.94,895.94,https://gmgn.ai/sol/address/9XtaZW3f2pVfLWiMh14tKtGHGPHEhcdA61HjD76hQFkh
2UwNiKRZZTvfpgCi924WnA6uyncpcEk27DjEv5CPn9kG,1,ABU:top68,895.39,895.39,https://gmgn.ai/sol/address/2UwNiKRZZTvfpgCi924WnA6uyncpcEk27DjEv5CPn9kG
Fh3rr6FmV8ah2rrmDodMpTpLgtcqM3gpMJXbjmHYfX46,1,Reelpad:top31,892.34,892.34,https://gmgn.ai/sol/address/Fh3rr6FmV8ah2rrmDodMpTpLgtcqM3gpMJXbjmHYfX46
9w2kwQNiUb4He4iEWDHPj7Bg1NUyE4Y95CnmVyePZRMz,1,SIF:top41,887.28,1582.14,https://gmgn.ai/sol/address/9w2kwQNiUb4He4iEWDHPj7Bg1NUyE4Y95CnmVyePZRMz
6fTizoPB7Rm6v9j43V2C1eQBoHR5X8UoGs6UmaoukTFU,1,Reelpad:top32,884.46,884.46,https://gmgn.ai/sol/address/6fTizoPB7Rm6v9j43V2C1eQBoHR5X8UoGs6UmaoukTFU
3h14gJ4ULYbQ73S9CvP7zMbMGg1XgSs6P6ApNiD7cR6B,1,TIPTOE:top64,879.04,879.04,https://gmgn.ai/sol/address/3h14gJ4ULYbQ73S9CvP7zMbMGg1XgSs6P6ApNiD7cR6B
ETDeUWPb7aQvBSBBLaFrucSbqnCf2JAbzeYrNobgDfJ3,1,CATGPT:top43,873.53,873.53,https://gmgn.ai/sol/address/ETDeUWPb7aQvBSBBLaFrucSbqnCf2JAbzeYrNobgDfJ3
6ZWaEiR2HCk2PW5Kx9kStgAGH8YVqcvSDKQuKvMBmkGn,1,AGENCY:early37,871.3,871.3,https://gmgn.ai/sol/address/6ZWaEiR2HCk2PW5Kx9kStgAGH8YVqcvSDKQuKvMBmkGn
E7sQhtt47dgdjRfB8yabPukpB6z4Ni7TVuoxCjBwgYZX,1,TIPTOE:top46,869.51,1281.53,https://gmgn.ai/sol/address/E7sQhtt47dgdjRfB8yabPukpB6z4Ni7TVuoxCjBwgYZX
9wMyckcAG2N7KVN5VWgkvecEEJfnnZeTUYqz84mrcSX8,1,CATGPT:top35,854.49,961.24,https://gmgn.ai/sol/address/9wMyckcAG2N7KVN5VWgkvecEEJfnnZeTUYqz84mrcSX8
AiDAHZF3f9CCu6HXx5DkjjnYp32LhC6WAct5fM9d6NML,1,TIPTOE:top65,851.68,851.68,https://gmgn.ai/sol/address/AiDAHZF3f9CCu6HXx5DkjjnYp32LhC6WAct5fM9d6NML
5cSR4z6qvu1squYsBkjHFnakdAEWTrkvUadi65Q9K9tB,1,Reelpad:top35,851.54,851.54,https://gmgn.ai/sol/address/5cSR4z6qvu1squYsBkjHFnakdAEWTrkvUadi65Q9K9tB
CJuepni3k1F8ZzBbG7Tp1ed6bTFb287rnKQpEFynTPSn,1,ABU:top73,832.1,832.1,https://gmgn.ai/sol/address/CJuepni3k1F8ZzBbG7Tp1ed6bTFb287rnKQpEFynTPSn
BY62G4j5BUdha6Qb77dYi3FAoCSmMhCs4neQxmDTzhqf,1,ABU:top45,831.73,1343.2,https://gmgn.ai/sol/address/BY62G4j5BUdha6Qb77dYi3FAoCSmMhCs4neQxmDTzhqf
2Hjt5QfYxzh4p5bZUWtZSs2iWo1BB7jQLqyLdbenEyhH,1,Reelpad:top37,831.59,831.59,https://gmgn.ai/sol/address/2Hjt5QfYxzh4p5bZUWtZSs2iWo1BB7jQLqyLdbenEyhH
5ghUXGD9VHqtHR1HCUNDdqxGnVGs7DWkX8Zz9X11G36N,1,MICRO:early61,830.9,830.9,https://gmgn.ai/sol/address/5ghUXGD9VHqtHR1HCUNDdqxGnVGs7DWkX8Zz9X11G36N
91GvZzEMjaigHrBh9YPyo9GxPNQqF2gPsFvVi6K3HT38,1,DUVE:top21,830.88,830.88,https://gmgn.ai/sol/address/91GvZzEMjaigHrBh9YPyo9GxPNQqF2gPsFvVi6K3HT38
DsQEEDzovxvjhv7ieRPBPvcZs25TEb8oMaNW5DiYtfJ7,1,ABU:top74,830.76,830.76,https://gmgn.ai/sol/address/DsQEEDzovxvjhv7ieRPBPvcZs25TEb8oMaNW5DiYtfJ7
3kMSuf8JqQPteWmCfMF89RwqDueYs6BkQ97uFs5bwCFH,1,TIPTOE:top67,827.82,827.82,https://gmgn.ai/sol/address/3kMSuf8JqQPteWmCfMF89RwqDueYs6BkQ97uFs5bwCFH
ENGkTtUanFtqD5avHk5jJARwZNz5DX1AZ8TGQqASw8CT,1,DUVE:top22,826.55,826.55,https://gmgn.ai/sol/address/ENGkTtUanFtqD5avHk5jJARwZNz5DX1AZ8TGQqASw8CT
2UL4BgkFtc21mwQ5KAh7twQFBn6MyCNnXqCi8oqV2GSm,1,ABU:top76,822.2,822.2,https://gmgn.ai/sol/address/2UL4BgkFtc21mwQ5KAh7twQFBn6MyCNnXqCi8oqV2GSm
7os3PGXpxvc7tyArmWGmraTa76FNDu3ZiV76nMKqMw4E,1,Reelpad:top38,819.05,819.05,https://gmgn.ai/sol/address/7os3PGXpxvc7tyArmWGmraTa76FNDu3ZiV76nMKqMw4E
HANcjmXUgZ5as9nUFcKC7ang9hwJcMYE7fCF5LrXZf4j,1,CATGPT:top45,812.44,812.44,https://gmgn.ai/sol/address/HANcjmXUgZ5as9nUFcKC7ang9hwJcMYE7fCF5LrXZf4j
GV3xVMBcrHoUaq9daSkff9byhq1eiHjbC5z6dbdTEUpA,1,TIPTOE:top75,805.24,703.68,https://gmgn.ai/sol/address/GV3xVMBcrHoUaq9daSkff9byhq1eiHjbC5z6dbdTEUpA
xR4kCX6N2MNqxbY78VGxUKmTBwvweHT85bvxYBn32Dx,1,Reelpad:top40,796.2,796.2,https://gmgn.ai/sol/address/xR4kCX6N2MNqxbY78VGxUKmTBwvweHT85bvxYBn32Dx
7KXtBTPMTBBAtQyRHExszfgL26bUrdtiDKvZfyZEtuWQ,1,ABU:top79,795.71,795.71,https://gmgn.ai/sol/address/7KXtBTPMTBBAtQyRHExszfgL26bUrdtiDKvZfyZEtuWQ
EzKDs32Qd396gg48HZKGibvfAdS27KTmcCfdEp6euSLt,1,CATGPT:top46,793.16,793.16,https://gmgn.ai/sol/address/EzKDs32Qd396gg48HZKGibvfAdS27KTmcCfdEp6euSLt
CogEsZV5ykYD8AGfhqSYtdhYTdhqaGh5RRG7RRxEqh2u,1,"CATGPT:early22,top84",785.2,785.2,https://gmgn.ai/sol/address/CogEsZV5ykYD8AGfhqSYtdhYTdhqaGh5RRG7RRxEqh2u
mwamTohZTS8VVDXhJBwEFzmWbbaax5sSYY8e8Vxu6HG,1,"CATGPT:early54,top85",781.72,781.72,https://gmgn.ai/sol/address/mwamTohZTS8VVDXhJBwEFzmWbbaax5sSYY8e8Vxu6HG
aoz5ou4oVaThbNHA8WWu8ZPjSRp2vi2uFdKvjfW4zWz,1,CATGPT:top48,778.55,778.55,https://gmgn.ai/sol/address/aoz5ou4oVaThbNHA8WWu8ZPjSRp2vi2uFdKvjfW4zWz
8ZfBAq8dQbcAujeRy6CzBFBNmLuu9BEP6vJhnuQuPTcn,1,ABU:top81,771.49,771.49,https://gmgn.ai/sol/address/8ZfBAq8dQbcAujeRy6CzBFBNmLuu9BEP6vJhnuQuPTcn
DzpnVkVXEFp2FWrXR44Sn3wZ3AcPCCZER6ZQqYxsDJg7,1,DUVE:top24,770.93,770.93,https://gmgn.ai/sol/address/DzpnVkVXEFp2FWrXR44Sn3wZ3AcPCCZER6ZQqYxsDJg7
G2GAzMrQAavcwoaiJ6QY2EKj2RAmeMsbBk83WHpam7hj,1,Reelpad:top42,770.18,770.18,https://gmgn.ai/sol/address/G2GAzMrQAavcwoaiJ6QY2EKj2RAmeMsbBk83WHpam7hj
4ht81V1cV6z3rWzMbSj2tUthQdqt3pUuTKSZmhvUR1N3,1,ABU:top83,763.47,763.47,https://gmgn.ai/sol/address/4ht81V1cV6z3rWzMbSj2tUthQdqt3pUuTKSZmhvUR1N3
4CRX74nxAdmFY4Eh1WhTrmYqHoxwxGzwXfgzTWvhUfFn,1,Reelpad:top29,759.63,902.46,https://gmgn.ai/sol/address/4CRX74nxAdmFY4Eh1WhTrmYqHoxwxGzwXfgzTWvhUfFn
BpGMGunGawPBfYqWu5ab11acs9ZUoK3ewgdYU7dwcA4B,1,TIPTOE:top33,755.76,1905.88,https://gmgn.ai/sol/address/BpGMGunGawPBfYqWu5ab11acs9ZUoK3ewgdYU7dwcA4B
GSSovK8VrVJHeNWMAPuHVnrpg1vm1VLfrC2L9uu9zH6j,1,ABU:top85,754.14,754.14,https://gmgn.ai/sol/address/GSSovK8VrVJHeNWMAPuHVnrpg1vm1VLfrC2L9uu9zH6j
4LD2Rm6RC7eGYfDvicthx628UJE4DwA7ADcgvsghjGtU,1,ABU:top86,753.51,753.51,https://gmgn.ai/sol/address/4LD2Rm6RC7eGYfDvicthx628UJE4DwA7ADcgvsghjGtU
97AKGDQpVvthm9ujQDcz6EY58yyEC5jVWAHTVPotX3uS,1,ABU:top95,753.36,683.39,https://gmgn.ai/sol/address/97AKGDQpVvthm9ujQDcz6EY58yyEC5jVWAHTVPotX3uS
wH3Wk5X7WLCScgSzDoZvSTG3n9SKvBivXGDn3k5h2gx,1,Reelpad:top45,751.46,751.46,https://gmgn.ai/sol/address/wH3Wk5X7WLCScgSzDoZvSTG3n9SKvBivXGDn3k5h2gx
AosvLb4Zu5xaABqbZfiP65SQByoqM4mgUE9PAqdj8NR2,1,ABU:top87,750.6,750.6,https://gmgn.ai/sol/address/AosvLb4Zu5xaABqbZfiP65SQByoqM4mgUE9PAqdj8NR2
9AfExFeEYpek5mvTnxuEJA6amKUZMaTXCnhU3rYKQM9g,1,TIPTOE:top72,747.74,717.02,https://gmgn.ai/sol/address/9AfExFeEYpek5mvTnxuEJA6amKUZMaTXCnhU3rYKQM9g
GPmxyfSTpz3GaU68XTF7BUkir7kYq7Mr2RSusvBnujPp,1,DUVE:top25,735.56,735.56,https://gmgn.ai/sol/address/GPmxyfSTpz3GaU68XTF7BUkir7kYq7Mr2RSusvBnujPp
EMr7JziVwVm6LjjeZDcRzEcGQf4cAhH74okb7985m1RV,1,CATGPT:top49,735.42,735.42,https://gmgn.ai/sol/address/EMr7JziVwVm6LjjeZDcRzEcGQf4cAhH74okb7985m1RV
59VMC8aiZQJTz8SSPFwBKovoxgbePqaXc4fyXfcjyFbC,1,SIF:top42,730.57,1562.61,https://gmgn.ai/sol/address/59VMC8aiZQJTz8SSPFwBKovoxgbePqaXc4fyXfcjyFbC
8bhJaQn7Vy1e6yoa6cwR5vFYq8SsaDCCddkqX1ZYN8bM,1,Reelpad:top46,728.85,728.85,https://gmgn.ai/sol/address/8bhJaQn7Vy1e6yoa6cwR5vFYq8SsaDCCddkqX1ZYN8bM
H2qFmUGvwN3YB8D3VFC8UiRcNET2S2vfjGTve4BfB6sb,1,Reelpad:top47,728.79,728.79,https://gmgn.ai/sol/address/H2qFmUGvwN3YB8D3VFC8UiRcNET2S2vfjGTve4BfB6sb
HLD49EEg9rzGWtFYdKERUSzvZPjaA3Et8yQuEqyZUqyK,1,ABU:top16,728.64,2459.54,https://gmgn.ai/sol/address/HLD49EEg9rzGWtFYdKERUSzvZPjaA3Et8yQuEqyZUqyK
AS1K89rGwyxbobKwnsDNgv9ynVspTyRRJM3sQTz1sDNf,1,DUVE:top26,728.13,728.13,https://gmgn.ai/sol/address/AS1K89rGwyxbobKwnsDNgv9ynVspTyRRJM3sQTz1sDNf
5LprzVTseZMU9wVujzKwV1xe4gfejfkPcoDkYTEKisGb,1,AGENCY:top69,727.51,30404.66,https://gmgn.ai/sol/address/5LprzVTseZMU9wVujzKwV1xe4gfejfkPcoDkYTEKisGb
3EixizB6FENhAJ8QhB49x5TfVUWiQnBB84iMqTRSBhaB,1,TIPTOE:top73,714.11,714.11,https://gmgn.ai/sol/address/3EixizB6FENhAJ8QhB49x5TfVUWiQnBB84iMqTRSBhaB
ExHr8YpebL1Zzt6AWdicEKbAQqSucuBtKvthMorRJSeH,1,Reelpad:top48,708.41,708.41,https://gmgn.ai/sol/address/ExHr8YpebL1Zzt6AWdicEKbAQqSucuBtKvthMorRJSeH
AErkYWpy7LdKCKoeutm3TV1Jmi4zqzEVkJFWYrvY99Gi,1,"CATGPT:early17,top99",704.83,704.83,https://gmgn.ai/sol/address/AErkYWpy7LdKCKoeutm3TV1Jmi4zqzEVkJFWYrvY99Gi
B2gLNQwnSGsMynuswdfYNipMhpDJYgzTgZTuPdLdv4Ep,1,SIF:top45,699.16,1447.24,https://gmgn.ai/sol/address/B2gLNQwnSGsMynuswdfYNipMhpDJYgzTgZTuPdLdv4Ep
2qr4uGoR1DXxRQJSHdDVGCg3VQSXDT3Hh6B7qJM2CBxE,1,TIPTOE:top45,695.63,1302.86,https://gmgn.ai/sol/address/2qr4uGoR1DXxRQJSHdDVGCg3VQSXDT3Hh6B7qJM2CBxE
AASSwBg2KFw8jjX7UC9qcgTF4QZUt3kAEDv2w1MRciEL,1,ABU:top96,672.83,672.83,https://gmgn.ai/sol/address/AASSwBg2KFw8jjX7UC9qcgTF4QZUt3kAEDv2w1MRciEL
6vdgTqSZBxSKYxkQjQ4qGhjJBnBmzmsNRvynfX9UmjrW,1,ABU:top38,672.42,1464.25,https://gmgn.ai/sol/address/6vdgTqSZBxSKYxkQjQ4qGhjJBnBmzmsNRvynfX9UmjrW
6YYMH2u5fKPjX4gH8WW2GMd9d4SkvbrCP2nC8YUZvW2h,1,CATGPT:top53,659.81,659.81,https://gmgn.ai/sol/address/6YYMH2u5fKPjX4gH8WW2GMd9d4SkvbrCP2nC8YUZvW2h
G4Z2VUMzCFEu2cHX8J814SedKw52voFeDeyNPvwksvux,1,SIF:top68,646.57,856.62,https://gmgn.ai/sol/address/G4Z2VUMzCFEu2cHX8J814SedKw52voFeDeyNPvwksvux
4yGJsBS3fWgxWbuTrqRY7ufNnyNhNrFY4w1ARiWShsF9,1,TIPTOE:top78,641.89,641.89,https://gmgn.ai/sol/address/4yGJsBS3fWgxWbuTrqRY7ufNnyNhNrFY4w1ARiWShsF9
A4ydtPfmvriZwMtZTkPoSFhqiMH7GD9ahkhMb3cCbxjE,1,ABU:top70,641.72,858.69,https://gmgn.ai/sol/address/A4ydtPfmvriZwMtZTkPoSFhqiMH7GD9ahkhMb3cCbxjE
j45RVUnzeuekyjJ8SyWzWTUgbU9tMtRKd2sogpzDoBw,1,ABU:top91,631.17,699.89,https://gmgn.ai/sol/address/j45RVUnzeuekyjJ8SyWzWTUgbU9tMtRKd2sogpzDoBw
a4GxoHxcSwN5qkqJhbg7mnHZ8bKaijyH9RjbbfG5Gnx,1,ABU:top92,626.54,694.7,https://gmgn.ai/sol/address/a4GxoHxcSwN5qkqJhbg7mnHZ8bKaijyH9RjbbfG5Gnx
7ijrAnpPkKvXhraAceex6vvvMw1TaFXZKTAXd9av1CTJ,1,Reelpad:top50,620.32,620.32,https://gmgn.ai/sol/address/7ijrAnpPkKvXhraAceex6vvvMw1TaFXZKTAXd9av1CTJ
6X7Ln5KPurRfNiNroyZxxi7VstEzuhd4jMefNEqAu7uV,1,DUVE:top27,616.71,616.71,https://gmgn.ai/sol/address/6X7Ln5KPurRfNiNroyZxxi7VstEzuhd4jMefNEqAu7uV
4Degk564qYYcK4hDZikpNcuS4jNgcGH8PGcJuhgJdPoY,1,SIF:early36,612.26,612.26,https://gmgn.ai/sol/address/4Degk564qYYcK4hDZikpNcuS4jNgcGH8PGcJuhgJdPoY
E85RJFeTUA1MMraonGB4mK4zyioVN4y8eiERpzz48kVk,1,CATGPT:top57,608.66,608.66,https://gmgn.ai/sol/address/E85RJFeTUA1MMraonGB4mK4zyioVN4y8eiERpzz48kVk
AhK2FyYdeEKcAMxUhyWqncMSwJYTn9Hr9SC5rrMBN9BV,1,SIF:top74,597.73,727.02,https://gmgn.ai/sol/address/AhK2FyYdeEKcAMxUhyWqncMSwJYTn9Hr9SC5rrMBN9BV
6qudAN2kV8mtCcYJxb5QQ6Vr15itdHHdeVbYm99NKMhy,1,DUVE:top28,595.4,595.4,https://gmgn.ai/sol/address/6qudAN2kV8mtCcYJxb5QQ6Vr15itdHHdeVbYm99NKMhy
57asnfB1oLKvh3gMhFfPyAVvgwcSCbeEfaZfe95QBxRz,1,SIF:top52,589.4,1305.91,https://gmgn.ai/sol/address/57asnfB1oLKvh3gMhFfPyAVvgwcSCbeEfaZfe95QBxRz
5tfZgNGXCfuLcv5aV46tTaru43LLnzD9AmNam1Q2zvn,1,CATGPT:top59,589.2,603.53,https://gmgn.ai/sol/address/5tfZgNGXCfuLcv5aV46tTaru43LLnzD9AmNam1Q2zvn
Go79UEMvhwkaG5cqUtwrPBfkYyzYFKfeR2J8espqxL5w,1,TERMINAL:early36,586.18,586.18,https://gmgn.ai/sol/address/Go79UEMvhwkaG5cqUtwrPBfkYyzYFKfeR2J8espqxL5w
Gq3Tciwy982azRXgtTTpyAnZCGMsdbrbsPBzuFY18HGc,1,TIPTOE:top61,579.9,928.99,https://gmgn.ai/sol/address/Gq3Tciwy982azRXgtTTpyAnZCGMsdbrbsPBzuFY18HGc
83PBcs11rv1uzfekZC8wjBDUN2mHvKYg3GyPFAKBZqG7,1,TIPTOE:top79,575.5,614.43,https://gmgn.ai/sol/address/83PBcs11rv1uzfekZC8wjBDUN2mHvKYg3GyPFAKBZqG7
HSeCG7T2KCTuVAARGXZuxBNZg6pas1EdJdjn7Xyy1ENB,1,DUVE:top29,572.65,572.65,https://gmgn.ai/sol/address/HSeCG7T2KCTuVAARGXZuxBNZg6pas1EdJdjn7Xyy1ENB
2MZABm1m9aCSWVanwvioPHPTVQTTnAJRC3pt7ogSJBY6,1,ABU:top51,569.2,1254.99,https://gmgn.ai/sol/address/2MZABm1m9aCSWVanwvioPHPTVQTTnAJRC3pt7ogSJBY6
GvExBGNDX5SmrfMPyi4MKjxw3D3hSXrYkY7AUe5q548x,1,CATGPT:top63,561.1,561.1,https://gmgn.ai/sol/address/GvExBGNDX5SmrfMPyi4MKjxw3D3hSXrYkY7AUe5q548x
FVJoHTDvzoZg8r32p4wB5FNYHCSTAwuzqoMjxVyzEp3Z,1,TIPTOE:top84,559.05,559.05,https://gmgn.ai/sol/address/FVJoHTDvzoZg8r32p4wB5FNYHCSTAwuzqoMjxVyzEp3Z
4jN4Yn8FD8p6qP9oNotdbjzemPUQnEmd9rvGBRJXu2sS,1,TIPTOE:top86,550.9,550.9,https://gmgn.ai/sol/address/4jN4Yn8FD8p6qP9oNotdbjzemPUQnEmd9rvGBRJXu2sS
EkJwPNXQJC8bEZRf3PL6U875fQCgAtFrGCekxPDdaeLn,1,AGENCY:early66,547.8,401.86,https://gmgn.ai/sol/address/EkJwPNXQJC8bEZRf3PL6U875fQCgAtFrGCekxPDdaeLn
7Lpn8uCtpsZx355tLxEahNjraEUyvJLj1hApnqMRCu9M,1,TIPTOE:top87,545.3,545.3,https://gmgn.ai/sol/address/7Lpn8uCtpsZx355tLxEahNjraEUyvJLj1hApnqMRCu9M
8ny6YncDREjscwof7i2CdteNnMMzPCEYfjE2cK9kGMf4,1,Reelpad:top54,543.98,543.98,https://gmgn.ai/sol/address/8ny6YncDREjscwof7i2CdteNnMMzPCEYfjE2cK9kGMf4
5Y3SesQ12tvZAT2bjA2LJ7N5Lw5ECrTGBxhKNVwinKNf,1,ABU:top82,540.74,764.93,https://gmgn.ai/sol/address/5Y3SesQ12tvZAT2bjA2LJ7N5Lw5ECrTGBxhKNVwinKNf
BvApEL9H3nnn2mezyUQQsSxvnwwBpkVFF3Yh61MZSruZ,1,Reelpad:top55,540.3,540.3,https://gmgn.ai/sol/address/BvApEL9H3nnn2mezyUQQsSxvnwwBpkVFF3Yh61MZSruZ
5y8PN2FuT3rt9ML5Y2j6TpaoB7G7FCcJJSBh58EqGHxi,1,TIPTOE:top88,539.67,539.67,https://gmgn.ai/sol/address/5y8PN2FuT3rt9ML5Y2j6TpaoB7G7FCcJJSBh58EqGHxi
GM6MTdrrex2pWF4aGqUH2mz6vuAXzzWQcFQG3ZgnvQop,1,Reelpad:top56,535.83,535.83,https://gmgn.ai/sol/address/GM6MTdrrex2pWF4aGqUH2mz6vuAXzzWQcFQG3ZgnvQop
DfxsMywChUMMXY5qPhepdHK3FnPaDc3VE2ZekHZPzCc7,1,SIF:top73,534.89,752.81,https://gmgn.ai/sol/address/DfxsMywChUMMXY5qPhepdHK3FnPaDc3VE2ZekHZPzCc7
928HvrAk5YVgksEP87KixnkhqjXTcagYYmZfZzSgLq8T,1,DUVE:top31,530.26,530.26,https://gmgn.ai/sol/address/928HvrAk5YVgksEP87KixnkhqjXTcagYYmZfZzSgLq8T
4udC9UC74inLdk9449kHHD5xfSRZv3JEhA7qfdLpEDRR,1,TIPTOE:top89,529.69,532.65,https://gmgn.ai/sol/address/4udC9UC74inLdk9449kHHD5xfSRZv3JEhA7qfdLpEDRR
FBm4gSW7gMHsEcKmYJXeHUoSBSQP2Jb1eQsiycgGhiWZ,1,Reelpad:top57,528.83,528.83,https://gmgn.ai/sol/address/FBm4gSW7gMHsEcKmYJXeHUoSBSQP2Jb1eQsiycgGhiWZ
8HXcS9pi5RuSeDbjc8Bg2Kifga5BCPGooYXaj8Ga2PoQ,1,AGENCY:early76,528.51,528.51,https://gmgn.ai/sol/address/8HXcS9pi5RuSeDbjc8Bg2Kifga5BCPGooYXaj8Ga2PoQ
ASp8jDTMByskLhhGffLhWDBhXtYkGWQJRjyNBcxZQ3fR,1,AGENCY:early98,527.63,527.63,https://gmgn.ai/sol/address/ASp8jDTMByskLhhGffLhWDBhXtYkGWQJRjyNBcxZQ3fR
33aX1uA6X1x9iXBZqxtNw6DNSueuHQWJ1rZkufjkBCPV,1,Reelpad:top59,525.13,525.13,https://gmgn.ai/sol/address/33aX1uA6X1x9iXBZqxtNw6DNSueuHQWJ1rZkufjkBCPV
GxzrmPJsdfghkDuaAirqPFSWMaKGzU7XtWKuggTG91wc,1,ABU:top89,524.24,727.37,https://gmgn.ai/sol/address/GxzrmPJsdfghkDuaAirqPFSWMaKGzU7XtWKuggTG91wc
CAj3MrZA9J2ccAQw1W4siMCu9JAvR1aVowwZHP1JZjju,1,Reelpad:top60,523.29,523.29,https://gmgn.ai/sol/address/CAj3MrZA9J2ccAQw1W4siMCu9JAvR1aVowwZHP1JZjju
ECSqLoFAbMsGXcqP7ytnNkwRwtJf3LCqhdpjPiMPtXW,1,Reelpad:top75,522.74,439.26,https://gmgn.ai/sol/address/ECSqLoFAbMsGXcqP7ytnNkwRwtJf3LCqhdpjPiMPtXW
45nYAYmDtgsDJUrohq7kuYGkenQt8JuESgc2cxkE1d7a,1,Reelpad:top61,522.66,522.66,https://gmgn.ai/sol/address/45nYAYmDtgsDJUrohq7kuYGkenQt8JuESgc2cxkE1d7a
2XwixGbxBsx8FKq4Lyj6ccsMHmw7RBi2t1ACEaQVhW9X,1,Reelpad:top62,519.66,519.66,https://gmgn.ai/sol/address/2XwixGbxBsx8FKq4Lyj6ccsMHmw7RBi2t1ACEaQVhW9X
5H4aBVH65Z1zF5ppKZy6NzuagBezYfaXcEAbh66Z8DiT,1,Reelpad:top63,519.25,519.25,https://gmgn.ai/sol/address/5H4aBVH65Z1zF5ppKZy6NzuagBezYfaXcEAbh66Z8DiT
4Z5JGZ3thKEvzLErzndYxmMP7wm7aKkpkG6Lr5Lv2Tss,1,TIPTOE:top90,517.95,517.95,https://gmgn.ai/sol/address/4Z5JGZ3thKEvzLErzndYxmMP7wm7aKkpkG6Lr5Lv2Tss
G93FC1mK5k7hXspUCZRRDydJK38xMEHxYPYY2dtnv4h,1,SIF:top100,517.06,-1729.14,https://gmgn.ai/sol/address/G93FC1mK5k7hXspUCZRRDydJK38xMEHxYPYY2dtnv4h
7Dz4n7j64g1fSJmBe4ZU1B6Vb7Sc1c4CP4VJHf5MbsKh,1,SIF:top69,515.86,812.66,https://gmgn.ai/sol/address/7Dz4n7j64g1fSJmBe4ZU1B6Vb7Sc1c4CP4VJHf5MbsKh
9GhUuWwo4FiZjXpjCnKZm7VMb2jm7ZGgsrQwKgDf6hRv,1,ABU:early39,507.56,507.56,https://gmgn.ai/sol/address/9GhUuWwo4FiZjXpjCnKZm7VMb2jm7ZGgsrQwKgDf6hRv
D2pS5vtXCaF1ZS49J8oahcG9uDT39dh8CCGZursj1Rbi,1,SIF:top79,507.04,620.78,https://gmgn.ai/sol/address/D2pS5vtXCaF1ZS49J8oahcG9uDT39dh8CCGZursj1Rbi
Fouo1zBaYA5bQ1APJSbvmjwHt7tGzbetpuaUV7LHypYd,1,DUVE:top32,501.62,501.62,https://gmgn.ai/sol/address/Fouo1zBaYA5bQ1APJSbvmjwHt7tGzbetpuaUV7LHypYd
9qkw1M8VmFAqZvvsyXromDx4voFfHrsE1Gzmws9PY9At,1,SIF:top66,500.74,939.34,https://gmgn.ai/sol/address/9qkw1M8VmFAqZvvsyXromDx4voFfHrsE1Gzmws9PY9At
9HQGbDWVP8Cq3XbnWHEwx2QV2E3RPcRHWEDQcQczB6p9,1,AGENCY:early34,493.92,493.92,https://gmgn.ai/sol/address/9HQGbDWVP8Cq3XbnWHEwx2QV2E3RPcRHWEDQcQczB6p9
AABMaZdYJmQnhMgKZaYHX1RE9uUE1SQP5X2Pn3a9jMoq,1,CATGPT:top66,493.0,493.0,https://gmgn.ai/sol/address/AABMaZdYJmQnhMgKZaYHX1RE9uUE1SQP5X2Pn3a9jMoq
B6Ewo8Uyj8SX4dmero9HJEzrteNQjyLS1LiEUBziYXHr,1,ABU:top49,492.45,1289.1,https://gmgn.ai/sol/address/B6Ewo8Uyj8SX4dmero9HJEzrteNQjyLS1LiEUBziYXHr
8gh59Ydrhsp5CXmKecrxNp7hcgqez69DdM59Yw4fzT6o,1,"Reelpad:early97,top77",492.33,866.55,https://gmgn.ai/sol/address/8gh59Ydrhsp5CXmKecrxNp7hcgqez69DdM59Yw4fzT6o
777NtBUTG9tVu8Zp1YuuF3T2Hxi9cJzbbG67cHWi1aZ5,1,CATGPT:top67,491.49,491.49,https://gmgn.ai/sol/address/777NtBUTG9tVu8Zp1YuuF3T2Hxi9cJzbbG67cHWi1aZ5
6SS8HDTDkwx5jWQWVnEyiqDjJhGCKNQm2t6aYHV5V37a,1,Reelpad:top66,491.18,491.18,https://gmgn.ai/sol/address/6SS8HDTDkwx5jWQWVnEyiqDjJhGCKNQm2t6aYHV5V37a
8XCRQr3h9WeruTjo8UhjY9U2CnnWbPm32gjVvZahW1bz,1,AGENCY:early67,488.12,488.12,https://gmgn.ai/sol/address/8XCRQr3h9WeruTjo8UhjY9U2CnnWbPm32gjVvZahW1bz
BwPFmWgirMuf7RDyxxBg8eBHwFuqSTupSdtgG3DRNpDd,1,CATGPT:top68,487.58,487.58,https://gmgn.ai/sol/address/BwPFmWgirMuf7RDyxxBg8eBHwFuqSTupSdtgG3DRNpDd
Bj9kTWdPj2om5iAUUzv7Ti454qQBZGisDQJWY4xKER9h,1,TIPTOE:top92,487.52,487.59,https://gmgn.ai/sol/address/Bj9kTWdPj2om5iAUUzv7Ti454qQBZGisDQJWY4xKER9h
GyYkr9dnj8tCF7mypjtD6VfqGdhfRSjXRL2fVwU2ueDc,1,SIF:top67,486.95,918.43,https://gmgn.ai/sol/address/GyYkr9dnj8tCF7mypjtD6VfqGdhfRSjXRL2fVwU2ueDc
DXdbJ6SwQBhCv1ZbAVAyap7w3DsMnXKadyUBw3FRnuyf,1,TERMINAL:early31,482.27,482.27,https://gmgn.ai/sol/address/DXdbJ6SwQBhCv1ZbAVAyap7w3DsMnXKadyUBw3FRnuyf
BGpB41UXoxjb7Ce4ias8rqDMBt3fkBPfAa1JKd2d5tx3,1,Reelpad:top67,479.59,479.59,https://gmgn.ai/sol/address/BGpB41UXoxjb7Ce4ias8rqDMBt3fkBPfAa1JKd2d5tx3
2gGLbo4ybY6egm4qbBstp6juMPsiA4qZJy7cbek1EWi3,1,SIF:top81,478.62,583.83,https://gmgn.ai/sol/address/2gGLbo4ybY6egm4qbBstp6juMPsiA4qZJy7cbek1EWi3
HUJwUw7PkF8iyA5LFsbc8g1dJXBbB8gux292NeMvWvHb,1,CATGPT:top69,476.61,476.61,https://gmgn.ai/sol/address/HUJwUw7PkF8iyA5LFsbc8g1dJXBbB8gux292NeMvWvHb
31iRQFxAApGY6LAXm16QDXmPFHSeY2mP4dW96P22iTBV,1,CATGPT:top71,472.61,472.61,https://gmgn.ai/sol/address/31iRQFxAApGY6LAXm16QDXmPFHSeY2mP4dW96P22iTBV
3qTPaT7K8x57wqQroAiiXf193M42wh7HNk4nYX4fJMC3,1,CATGPT:top72,470.8,470.8,https://gmgn.ai/sol/address/3qTPaT7K8x57wqQroAiiXf193M42wh7HNk4nYX4fJMC3
5D65edJdGPLcTH3KFHgxmTc2H1pvKggbDGC1R5JAWgQB,1,AGENCY:top48,470.02,44600.96,https://gmgn.ai/sol/address/5D65edJdGPLcTH3KFHgxmTc2H1pvKggbDGC1R5JAWgQB
AxeaDGrmAhouoZ8d6X3n1U936yiECkL9x3sNy3ZfJw9c,1,Reelpad:top68,468.26,468.26,https://gmgn.ai/sol/address/AxeaDGrmAhouoZ8d6X3n1U936yiECkL9x3sNy3ZfJw9c
47a5vA2bMC98xnjqZiMa4s1KFTKD7Vj9NFwR3pkuXreb,1,TIPTOE:top95,467.62,467.62,https://gmgn.ai/sol/address/47a5vA2bMC98xnjqZiMa4s1KFTKD7Vj9NFwR3pkuXreb
5QQ5Xi9iyY29th4bt5q9GEA1QFSVprMDk6FRadupE7Aj,1,AGENCY:early54,466.41,466.41,https://gmgn.ai/sol/address/5QQ5Xi9iyY29th4bt5q9GEA1QFSVprMDk6FRadupE7Aj
716FYRY7UyuK4AYkktAUt2Vp1rTmCLxeN7AcpLDnMbnh,1,Reelpad:top70,464.05,464.05,https://gmgn.ai/sol/address/716FYRY7UyuK4AYkktAUt2Vp1rTmCLxeN7AcpLDnMbnh
7icdqFHiQsqf4Mccx58g8mZ3yMW1mrE4Px64t5LpYFrG,1,TERMINAL:early25,458.43,458.43,https://gmgn.ai/sol/address/7icdqFHiQsqf4Mccx58g8mZ3yMW1mrE4Px64t5LpYFrG
G6C4SacTRKB3gQiphAdLbEVQcSsuHTgcg9Wd3ftJaZmu,1,TIPTOE:top96,457.71,457.71,https://gmgn.ai/sol/address/G6C4SacTRKB3gQiphAdLbEVQcSsuHTgcg9Wd3ftJaZmu
2DjFVYk22chSB84S1C1kX6sZooKpXLJpWDSUGGuBBo6Z,1,Reelpad:top71,454.01,454.01,https://gmgn.ai/sol/address/2DjFVYk22chSB84S1C1kX6sZooKpXLJpWDSUGGuBBo6Z
F9EaavUGrHs17ZDQHXBfwxzR4L35zESEurABvqQ3kk1c,1,CATGPT:top28,452.51,1062.54,https://gmgn.ai/sol/address/F9EaavUGrHs17ZDQHXBfwxzR4L35zESEurABvqQ3kk1c
EcEeRSyjNvmFUiSsC38rZtV8bCZro4swWNf4mXapCPbA,1,TERMINAL:early46,450.8,450.8,https://gmgn.ai/sol/address/EcEeRSyjNvmFUiSsC38rZtV8bCZro4swWNf4mXapCPbA
hxpYDm8boP224CGnhmyJ9jxYU7T4QDTt3cxmiDCwpXc,1,AGENCY:early68,445.6,284.59,https://gmgn.ai/sol/address/hxpYDm8boP224CGnhmyJ9jxYU7T4QDTt3cxmiDCwpXc
GN3f1P31cGokwsbQHtbkopFMZRcCeUq7aPiC5vTPELwt,1,Reelpad:top76,438.48,438.48,https://gmgn.ai/sol/address/GN3f1P31cGokwsbQHtbkopFMZRcCeUq7aPiC5vTPELwt
3tpEYZ4zKmztqrK3ZN45qVBa9mXpGCeo4XAhGJwPTyGv,1,CATGPT:top77,438.43,438.43,https://gmgn.ai/sol/address/3tpEYZ4zKmztqrK3ZN45qVBa9mXpGCeo4XAhGJwPTyGv
37HY2xV1EBZGpqPjN35UR3U34qbVzcKjBRQYWiCSmmfX,1,Reelpad:top78,432.51,432.51,https://gmgn.ai/sol/address/37HY2xV1EBZGpqPjN35UR3U34qbVzcKjBRQYWiCSmmfX
D8s4amaRwZt8eMTnkK3h2AvGFnrf43xKsdQuDEnZ1nod,1,CATGPT:top78,431.77,431.77,https://gmgn.ai/sol/address/D8s4amaRwZt8eMTnkK3h2AvGFnrf43xKsdQuDEnZ1nod
9ez6kGXyi3aGkxcBXY1DMstUeYT3wdnXbvTv5Sv6frmA,1,SIF:top85,430.05,524.77,https://gmgn.ai/sol/address/9ez6kGXyi3aGkxcBXY1DMstUeYT3wdnXbvTv5Sv6frmA
HqzAr7JeNqToEsksJm2utgxfh8HmSRK77VDKqkho1wvu,1,SIF:early50,428.65,428.65,https://gmgn.ai/sol/address/HqzAr7JeNqToEsksJm2utgxfh8HmSRK77VDKqkho1wvu
8JLuixYnPo62f2H5C6HJWAmzzsaZ1hwVth8BCSFjiF3V,1,Reelpad:top79,423.02,423.02,https://gmgn.ai/sol/address/8JLuixYnPo62f2H5C6HJWAmzzsaZ1hwVth8BCSFjiF3V
CgXqjhv5DAzpX96HkA7wakCkTyDx1hb44TD77daXEUDZ,1,Reelpad:top91,421.88,139.91,https://gmgn.ai/sol/address/CgXqjhv5DAzpX96HkA7wakCkTyDx1hb44TD77daXEUDZ
B64hviyuCYbWdcYvYNyqcPVx4kYJeoPZgMCBG3VdGBn5,1,SIF:top90,420.32,242.06,https://gmgn.ai/sol/address/B64hviyuCYbWdcYvYNyqcPVx4kYJeoPZgMCBG3VdGBn5
63LCpYq9xG5c3FCm9qFnHRA3FRbT4VyPPytkPRCNjBLq,1,SIF:top82,419.76,546.26,https://gmgn.ai/sol/address/63LCpYq9xG5c3FCm9qFnHRA3FRbT4VyPPytkPRCNjBLq
DB1Wy9cepgw8u5hPWVYsx8r8noZRTytvdxaHpAiTk62Z,1,TERMINAL:early10,416.76,416.76,https://gmgn.ai/sol/address/DB1Wy9cepgw8u5hPWVYsx8r8noZRTytvdxaHpAiTk62Z
8CJtGEVaJRxMmRMfELfBEe2av5L2Bfg53wUawGu1T2Ma,1,Reelpad:top80,413.44,415.93,https://gmgn.ai/sol/address/8CJtGEVaJRxMmRMfELfBEe2av5L2Bfg53wUawGu1T2Ma
4wv7gGnyGai8ayKSEfpcd5tqqL9oa8S16cHzk4bxSyB,1,TERMINAL:early52,413.39,413.39,https://gmgn.ai/sol/address/4wv7gGnyGai8ayKSEfpcd5tqqL9oa8S16cHzk4bxSyB
Gt5h7Y4hjLWFdKNm5siqL43icbjnyBtKJEKJia8dX9SS,1,Reelpad:top81,413.33,413.33,https://gmgn.ai/sol/address/Gt5h7Y4hjLWFdKNm5siqL43icbjnyBtKJEKJia8dX9SS
9xjgWwLMsLfLp1WtteA238YxNN8P7aBVuseH9BGadnuP,1,Reelpad:top82,412.83,412.83,https://gmgn.ai/sol/address/9xjgWwLMsLfLp1WtteA238YxNN8P7aBVuseH9BGadnuP
GijFWw4oNyh9ko3FaZforNsi3jk6wDovARpkKahPD4o5,1,MICRO:early49,410.16,410.16,https://gmgn.ai/sol/address/GijFWw4oNyh9ko3FaZforNsi3jk6wDovARpkKahPD4o5
8UZU6jcjviksAatCUhhbqAGmzCi8tSCo82U5a6hEbP43,1,SIF:early12,409.69,409.69,https://gmgn.ai/sol/address/8UZU6jcjviksAatCUhhbqAGmzCi8tSCo82U5a6hEbP43
8VDnYGSGevz4n2a4VB31CX7xbL7Kqcu9ZPconz2ffJWe,1,CATGPT:top80,407.22,407.22,https://gmgn.ai/sol/address/8VDnYGSGevz4n2a4VB31CX7xbL7Kqcu9ZPconz2ffJWe
3YDRxbTA7gPwEWJbJRT85CSnugARDm9iT8s8HwpsFTXg,1,MICRO:early1,406.99,406.99,https://gmgn.ai/sol/address/3YDRxbTA7gPwEWJbJRT85CSnugARDm9iT8s8HwpsFTXg
A53bGWbTo38kKXWGXpmE7eH7BNbNeuBzQprtCHsSBr3i,1,TERMINAL:early33,406.61,406.61,https://gmgn.ai/sol/address/A53bGWbTo38kKXWGXpmE7eH7BNbNeuBzQprtCHsSBr3i
2A2DzDfJTQdg5XQz2vcK8FmvHQyxEC8J79EiWP6DpzvS,1,CATGPT:top81,405.33,405.33,https://gmgn.ai/sol/address/2A2DzDfJTQdg5XQz2vcK8FmvHQyxEC8J79EiWP6DpzvS
5v5kGSJScFLqqjqdZ98fR9NnbJTkAM5QKoMoTmzC3tFN,1,Reelpad:early100,405.22,405.22,https://gmgn.ai/sol/address/5v5kGSJScFLqqjqdZ98fR9NnbJTkAM5QKoMoTmzC3tFN
HTbmNcdJZeMxfRdzw7BGYAC5FbeCapxqyPrRWkEFVpFX,1,DUVE:top34,404.9,404.9,https://gmgn.ai/sol/address/HTbmNcdJZeMxfRdzw7BGYAC5FbeCapxqyPrRWkEFVpFX
9Gkg7kGaUxnNnWHKpBNcE3PbHiD37tW4HtjPa9W8Xzmk,1,SIF:top84,404.16,527.96,https://gmgn.ai/sol/address/9Gkg7kGaUxnNnWHKpBNcE3PbHiD37tW4HtjPa9W8Xzmk
7PH9VKYTHt2MTDEZimxLJHBMLjv3hNK6mkQVqpSg5ety,1,ABU:top72,400.87,844.64,https://gmgn.ai/sol/address/7PH9VKYTHt2MTDEZimxLJHBMLjv3hNK6mkQVqpSg5ety
5Y3ba56FRyZNjiNy1ENRjykzXz7MrD5efMeVwwujZdig,1,DUVE:top35,400.65,400.65,https://gmgn.ai/sol/address/5Y3ba56FRyZNjiNy1ENRjykzXz7MrD5efMeVwwujZdig
DvHZiDrMcFmYSc3mSc1QWJT6E8i6R6uJL5nrP5UJxVuN,1,AGENCY:early52,400.55,400.55,https://gmgn.ai/sol/address/DvHZiDrMcFmYSc3mSc1QWJT6E8i6R6uJL5nrP5UJxVuN
AU9aovbbuQgxpFp5DXynU95SrtKy4GTGrZrvJkZLrzj5,1,Reelpad:top99,399.55,-941.93,https://gmgn.ai/sol/address/AU9aovbbuQgxpFp5DXynU95SrtKy4GTGrZrvJkZLrzj5
5PQJBEKLguACzZEj6YcgaEcbWXZJzHzwGnMpKM3kcVWv,1,SIF:early65,398.07,398.07,https://gmgn.ai/sol/address/5PQJBEKLguACzZEj6YcgaEcbWXZJzHzwGnMpKM3kcVWv
GNinezGzFFbrJAgWQrvUsanoUcHdhgk3Jap3g2iBkRG5,1,CATGPT:top82,397.24,397.24,https://gmgn.ai/sol/address/GNinezGzFFbrJAgWQrvUsanoUcHdhgk3Jap3g2iBkRG5
FZU56d9iPqohXM5XBrYYBZLi2UoUnZT4V5Qf2631tEzb,1,MICRO:early7,396.25,396.25,https://gmgn.ai/sol/address/FZU56d9iPqohXM5XBrYYBZLi2UoUnZT4V5Qf2631tEzb
FEQQYZdDm5No9GPQk43gwjwsmUD6XjMHAHZE6TEerAqt,1,CATGPT:top83,395.38,395.38,https://gmgn.ai/sol/address/FEQQYZdDm5No9GPQk43gwjwsmUD6XjMHAHZE6TEerAqt
omegoMAe1AMY5MFKQQr3JwXVy8F4eCvmBAfcpo8XAfq,1,TIPTOE:early24,394.03,394.03,https://gmgn.ai/sol/address/omegoMAe1AMY5MFKQQr3JwXVy8F4eCvmBAfcpo8XAfq
AinuuzwUfyDn6a4JgvMUNprvUE3rEKebxaut8Uq8rZuw,1,CATGPT:top86,390.58,390.58,https://gmgn.ai/sol/address/AinuuzwUfyDn6a4JgvMUNprvUE3rEKebxaut8Uq8rZuw
ER6CFVBzUP6HEyTR1584a7EDMxuFUcXEqeecLXjZkFHQ,1,DUVE:top53,385.59,228.96,https://gmgn.ai/sol/address/ER6CFVBzUP6HEyTR1584a7EDMxuFUcXEqeecLXjZkFHQ
EAEj6nVPeR79z4QYoFuWALUZtN9TYGuiNgCRVDYxhS76,1,SIF:early57,385.31,385.31,https://gmgn.ai/sol/address/EAEj6nVPeR79z4QYoFuWALUZtN9TYGuiNgCRVDYxhS76
6byytWSuRCMfgsjJV32vVHQPCEqnfrqkQYHT2H1MUSD,1,DUVE:top36,380.08,380.08,https://gmgn.ai/sol/address/6byytWSuRCMfgsjJV32vVHQPCEqnfrqkQYHT2H1MUSD
6n36kSQwq9qpj4RyuyvQQEJ9zeFgP4er6Avb6aiMXEMi,1,CATGPT:top32,379.33,1007.9,https://gmgn.ai/sol/address/6n36kSQwq9qpj4RyuyvQQEJ9zeFgP4er6Avb6aiMXEMi
7Pgwc2SCWSGRvFyHg2f85hKexQ7MLamP6iYD4XyE6dh5,1,CATGPT:top90,372.74,372.74,https://gmgn.ai/sol/address/7Pgwc2SCWSGRvFyHg2f85hKexQ7MLamP6iYD4XyE6dh5
G5R5XYkF3HLfbqFCbVQSLwDbcn5QmJAbogWTd5htyZCM,1,CATGPT:top91,368.68,368.68,https://gmgn.ai/sol/address/G5R5XYkF3HLfbqFCbVQSLwDbcn5QmJAbogWTd5htyZCM
6mL2J2PS75hSGJfXp12SVLFGeDBSga1vUwAeNTPsxucX,1,SIF:top71,366.1,794.0,https://gmgn.ai/sol/address/6mL2J2PS75hSGJfXp12SVLFGeDBSga1vUwAeNTPsxucX
2FckyTDe4rXT4tCk8jhiosqbrRczBmtTyJpGT2zmQ8DT,1,CATGPT:top94,359.6,364.5,https://gmgn.ai/sol/address/2FckyTDe4rXT4tCk8jhiosqbrRczBmtTyJpGT2zmQ8DT
4Xxe9cqSRUfmLdDJsVxGKGmEHf32tPpnm98Q8FDoFHzw,1,CATGPT:top98,357.17,357.17,https://gmgn.ai/sol/address/4Xxe9cqSRUfmLdDJsVxGKGmEHf32tPpnm98Q8FDoFHzw
36jZrioTkK8VVjzipfwxxtqmKbu7KkbJvhxsYM1QtgsU,1,TERMINAL:early26,351.83,351.83,https://gmgn.ai/sol/address/36jZrioTkK8VVjzipfwxxtqmKbu7KkbJvhxsYM1QtgsU
AMbbcbo3rxjkheJTxhRvJb6Xd7zU5B9Kqjvuy7Efgcnk,1,CATGPT:top100,346.52,346.52,https://gmgn.ai/sol/address/AMbbcbo3rxjkheJTxhRvJb6Xd7zU5B9Kqjvuy7Efgcnk
DqpcgSNsTUBZiiop7dNxjtBaeAnfAro5a8R1TJZg3wmL,1,DUVE:top37,346.29,346.29,https://gmgn.ai/sol/address/DqpcgSNsTUBZiiop7dNxjtBaeAnfAro5a8R1TJZg3wmL
g5HcBNwSo2GyeKwdsgLzCrmqeB3KeihLd87nS79kDaG,1,Reelpad:top85,339.45,332.85,https://gmgn.ai/sol/address/g5HcBNwSo2GyeKwdsgLzCrmqeB3KeihLd87nS79kDaG
34dBfZBfjLjVvDzF3B6UmBEBZrBsz6XBBn2oLAoE5vtQ,1,CATGPT:top92,339.22,366.08,https://gmgn.ai/sol/address/34dBfZBfjLjVvDzF3B6UmBEBZrBsz6XBBn2oLAoE5vtQ
G7Zh6S4J26SZZ8YbVxG5yXm7nzMygQAFrYWKyFVCcZY8,1,TERMINAL:early32,335.83,335.83,https://gmgn.ai/sol/address/G7Zh6S4J26SZZ8YbVxG5yXm7nzMygQAFrYWKyFVCcZY8
2NyybuFLZmucS8GWfw4zjjjXaPdk7T6NfsrpZbsGrztR,1,TERMINAL:early40,335.02,335.02,https://gmgn.ai/sol/address/2NyybuFLZmucS8GWfw4zjjjXaPdk7T6NfsrpZbsGrztR
EgT7cDtnkLGvWgXEMfCd5rCXsWzSPRWS2iasBdVnNBWJ,1,DUVE:top38,334.7,334.7,https://gmgn.ai/sol/address/EgT7cDtnkLGvWgXEMfCd5rCXsWzSPRWS2iasBdVnNBWJ
9qX51X22wDmhBo5ydSF52P5uW57CV7mSLtyBDcAmU6Qj,1,DUVE:top39,333.28,333.28,https://gmgn.ai/sol/address/9qX51X22wDmhBo5ydSF52P5uW57CV7mSLtyBDcAmU6Qj
67TZ6QBdRc8UPfmyeTTH26ze8BtCQ8kbsgXXLw8vcYC6,1,DUVE:top40,332.98,332.98,https://gmgn.ai/sol/address/67TZ6QBdRc8UPfmyeTTH26ze8BtCQ8kbsgXXLw8vcYC6
2xMtZc2D7qb2Y7UcGFhmKXwtgeSNTLTZjzxZY4Wi4qgG,1,Reelpad:top90,326.99,187.2,https://gmgn.ai/sol/address/2xMtZc2D7qb2Y7UcGFhmKXwtgeSNTLTZjzxZY4Wi4qgG
5ZzbtzTERf15DvMUEhTsVJmMoByP5Tz2CYbUkWjisvt3,1,CATGPT:early4,326.91,326.91,https://gmgn.ai/sol/address/5ZzbtzTERf15DvMUEhTsVJmMoByP5Tz2CYbUkWjisvt3
CfvdTvDubKRxRwebXbq1XSU2Kj14Tap31wRT2CH7Fs9D,1,ABU:top94,326.38,686.29,https://gmgn.ai/sol/address/CfvdTvDubKRxRwebXbq1XSU2Kj14Tap31wRT2CH7Fs9D
FHds7tJXCFAK2q9ExSAam4ow3PCRec5gV5BggMA4UFvk,1,SIF:early84,322.32,322.32,https://gmgn.ai/sol/address/FHds7tJXCFAK2q9ExSAam4ow3PCRec5gV5BggMA4UFvk
6KsuesQQGfqZcqEPBKXgT5iwvZHhUgf6uvtuzQNigxgK,1,MICRO:early87,317.52,317.52,https://gmgn.ai/sol/address/6KsuesQQGfqZcqEPBKXgT5iwvZHhUgf6uvtuzQNigxgK
GBRTACAzyCBY1ifYmAP63QuEn8dX6odk6EkjD4h3HJsz,1,TERMINAL:early76,316.89,316.89,https://gmgn.ai/sol/address/GBRTACAzyCBY1ifYmAP63QuEn8dX6odk6EkjD4h3HJsz
3VEwBw16VQxcnc1dpPMBR6ddTp58CCdUvRw6odB4uzU4,1,DUVE:top41,316.74,316.74,https://gmgn.ai/sol/address/3VEwBw16VQxcnc1dpPMBR6ddTp58CCdUvRw6odB4uzU4
3PhVQs4expTDHRSsURN2F1RVNYxaCpN4BuWM6LYREgPe,1,SIF:top57,312.45,1225.67,https://gmgn.ai/sol/address/3PhVQs4expTDHRSsURN2F1RVNYxaCpN4BuWM6LYREgPe
Lw9JSenuyN9vvP2cf94xRatVd6rqmqpa4zYWqDseJwB,1,SIF:top89,310.72,293.72,https://gmgn.ai/sol/address/Lw9JSenuyN9vvP2cf94xRatVd6rqmqpa4zYWqDseJwB
9yBY7TshXtTiBAbYkdtXkLDB4YFbJCJXnetL4g1C4Htm,1,TERMINAL:early41,308.76,308.76,https://gmgn.ai/sol/address/9yBY7TshXtTiBAbYkdtXkLDB4YFbJCJXnetL4g1C4Htm
9bfwuANwuEEaxuhY49Mk7hn8dr6sHPzbPKF7k3dhmVZB,1,ABU:top48,304.92,1289.68,https://gmgn.ai/sol/address/9bfwuANwuEEaxuhY49Mk7hn8dr6sHPzbPKF7k3dhmVZB
FG9msEnr4pgGHGyTEPRZcQ2ySpgZMEkNxjn6sEhN2MJS,1,TIPTOE:early34,297.04,297.04,https://gmgn.ai/sol/address/FG9msEnr4pgGHGyTEPRZcQ2ySpgZMEkNxjn6sEhN2MJS
6Keq4yDJeJncese614uyBYW8d2P9LRKDkYLVVd236CKQ,1,CATGPT:early82,297.03,297.03,https://gmgn.ai/sol/address/6Keq4yDJeJncese614uyBYW8d2P9LRKDkYLVVd236CKQ
D5YyKuNrKbHAY7xu8QRHCVgno8Zz1uXc8RLej6HMyohx,1,Reelpad:early52,296.58,296.58,https://gmgn.ai/sol/address/D5YyKuNrKbHAY7xu8QRHCVgno8Zz1uXc8RLej6HMyohx
5ZXxdQH2r2ex4qaUw5f4sPivopBXaYuniWFwQGuwqWUg,1,MICRO:early88,292.79,292.79,https://gmgn.ai/sol/address/5ZXxdQH2r2ex4qaUw5f4sPivopBXaYuniWFwQGuwqWUg
6uNYc3UTsbd2rsnmRtznBfGHZ7c3Khm2yNGUfsXNQcjj,1,DUVE:top42,292.42,292.42,https://gmgn.ai/sol/address/6uNYc3UTsbd2rsnmRtznBfGHZ7c3Khm2yNGUfsXNQcjj
qtMPaTvJrfU8yeg8TBSiDq7svPQJMcWJouXEzyhCiCR,1,MICRO:early34,291.84,291.84,https://gmgn.ai/sol/address/qtMPaTvJrfU8yeg8TBSiDq7svPQJMcWJouXEzyhCiCR
6ACyUAvLB2TSMkbSg3xmJgHiqAnyUK3ayzuweEALQYkw,1,TIPTOE:top66,291.18,831.0,https://gmgn.ai/sol/address/6ACyUAvLB2TSMkbSg3xmJgHiqAnyUK3ayzuweEALQYkw
AdRtCWmbPR3QEeUFMr14iVY7n1zZGyqiPcaLJ2yocvH,1,DUVE:top48,285.71,258.35,https://gmgn.ai/sol/address/AdRtCWmbPR3QEeUFMr14iVY7n1zZGyqiPcaLJ2yocvH
F1uqKNggBgHX3D7fE55HpuTNTZTPh1Fm6T4UzyzmtshF,1,Reelpad:early67,284.93,284.93,https://gmgn.ai/sol/address/F1uqKNggBgHX3D7fE55HpuTNTZTPh1Fm6T4UzyzmtshF
H6msq8jFZrb62FHnupqj1FXMMvrnRoJ86BpseAR7etYh,1,DUVE:top44,279.18,282.38,https://gmgn.ai/sol/address/H6msq8jFZrb62FHnupqj1FXMMvrnRoJ86BpseAR7etYh
7dmgrfEYLX6GNJjKULcXpGFtnT3FHLfPthWMDBHzHHZF,1,"TIPTOE:early48,top12",278.02,10432.37,https://gmgn.ai/sol/address/7dmgrfEYLX6GNJjKULcXpGFtnT3FHLfPthWMDBHzHHZF
8qSooGyifxZj7VU1wqqtwLpo8EJ4UmNXNTpxqp9sxvi,1,DUVE:top46,275.82,275.82,https://gmgn.ai/sol/address/8qSooGyifxZj7VU1wqqtwLpo8EJ4UmNXNTpxqp9sxvi
AgJWqfHy2HdQFefs5j8SBfbGFxuvTP7p9ikYmX5nVry,1,DUVE:top47,275.19,275.19,https://gmgn.ai/sol/address/AgJWqfHy2HdQFefs5j8SBfbGFxuvTP7p9ikYmX5nVry
8DnRvwiCM1Hz8iPwjmj34CxhxTwEdyiybxdhsK4gssoA,1,"DUVE:early23,top91",268.64,268.64,https://gmgn.ai/sol/address/8DnRvwiCM1Hz8iPwjmj34CxhxTwEdyiybxdhsK4gssoA
HmzxkYKjXRmQQ5aQ8prU42Aup2VQrtTkaUEixuWe9AsA,1,TIPTOE:early5,265.62,265.62,https://gmgn.ai/sol/address/HmzxkYKjXRmQQ5aQ8prU42Aup2VQrtTkaUEixuWe9AsA
BaT2Po8kkjNjMnm6NbR3QgMgBLLjgxKGE8JioR6yRbKF,1,CATGPT:top20,262.82,1290.37,https://gmgn.ai/sol/address/BaT2Po8kkjNjMnm6NbR3QgMgBLLjgxKGE8JioR6yRbKF
AsepJbrfxEpymog4DsSdAEkccEtCyAZEE1aWS1tUrcvs,1,MICRO:early95,261.16,261.16,https://gmgn.ai/sol/address/AsepJbrfxEpymog4DsSdAEkccEtCyAZEE1aWS1tUrcvs
FviZMbhD6qTbHevQ5Hmpd1iD7tNtzL3DDWzx3rkWtnsu,1,ABU:early97,260.19,260.19,https://gmgn.ai/sol/address/FviZMbhD6qTbHevQ5Hmpd1iD7tNtzL3DDWzx3rkWtnsu
6muw8MHDCGczKq93ieKq7JjzU2gwat4pRFfmn7cUimLV,1,TIPTOE:top93,259.03,479.53,https://gmgn.ai/sol/address/6muw8MHDCGczKq93ieKq7JjzU2gwat4pRFfmn7cUimLV
2YhCKmjGP4AKFmh9K5axhXTKqchNfNtfbCfiUbgs3kMF,1,Reelpad:top95,258.02,-148.46,https://gmgn.ai/sol/address/2YhCKmjGP4AKFmh9K5axhXTKqchNfNtfbCfiUbgs3kMF
7EpRVxFbY7mB5PMPpzCVuRyJXQTVtTokDmw8X9LYPtFi,1,DUVE:top49,253.29,253.29,https://gmgn.ai/sol/address/7EpRVxFbY7mB5PMPpzCVuRyJXQTVtTokDmw8X9LYPtFi
AxVJ46GZmeA4gcbBP7AyNgS2PADgYbpqA2P4EfBf32Y6,1,AGENCY:early4,252.05,252.05,https://gmgn.ai/sol/address/AxVJ46GZmeA4gcbBP7AyNgS2PADgYbpqA2P4EfBf32Y6
5f5w7xwaNgnvAfWhqnDYxG7Rp9obVkkoaNoq4w1qHUQp,1,SIF:top65,250.12,998.92,https://gmgn.ai/sol/address/5f5w7xwaNgnvAfWhqnDYxG7Rp9obVkkoaNoq4w1qHUQp
3Xy5YjSCte28GadeDcadWVhaoLDgBsXoGaWrcLGRgxMa,1,DUVE:top50,249.53,249.53,https://gmgn.ai/sol/address/3Xy5YjSCte28GadeDcadWVhaoLDgBsXoGaWrcLGRgxMa
GX1sFPAmtJaN7W4G2eoWTbZkZFoTis8LVjzgu7gdcch7,1,TIPTOE:early81,248.96,248.96,https://gmgn.ai/sol/address/GX1sFPAmtJaN7W4G2eoWTbZkZFoTis8LVjzgu7gdcch7
6rgDjd5oy5Wf91MxvEAnqKqyNX6johwZmatA4JNZDFNH,1,SIF:early11,245.01,245.01,https://gmgn.ai/sol/address/6rgDjd5oy5Wf91MxvEAnqKqyNX6johwZmatA4JNZDFNH
3SzND7NVrJmccg9Y3rq9RFCYw43gRRu62V12qwbMPgHZ,1,TIPTOE:top94,240.88,473.29,https://gmgn.ai/sol/address/3SzND7NVrJmccg9Y3rq9RFCYw43gRRu62V12qwbMPgHZ
BWEH65vUUmmfk9Fd85BRBrF7YApjKsv6rJhb7myGc16i,1,CATGPT:early31,231.94,231.94,https://gmgn.ai/sol/address/BWEH65vUUmmfk9Fd85BRBrF7YApjKsv6rJhb7myGc16i
tonTAWCXWDB7vtxbQTXjjKezwUxFV4TLkiZr2zMNLki,1,DUVE:top52,231.16,231.16,https://gmgn.ai/sol/address/tonTAWCXWDB7vtxbQTXjjKezwUxFV4TLkiZr2zMNLki
ARduGABga9ksyBV6RKeaXTs8bP4M2REPKcvjBqVmxFY3,1,MICRO:early76,229.84,229.84,https://gmgn.ai/sol/address/ARduGABga9ksyBV6RKeaXTs8bP4M2REPKcvjBqVmxFY3
6CD3xsUKYGRSAxxUfeKskpG1iRrUHFzwzHbpNTYeyY3g,1,SIF:early31,226.67,226.67,https://gmgn.ai/sol/address/6CD3xsUKYGRSAxxUfeKskpG1iRrUHFzwzHbpNTYeyY3g
4w7HzF73v6mhd4Jf4Cx6VVNDPJn3aVCiJDV7SfqqaWEk,1,AGENCY:early61,226.0,226.0,https://gmgn.ai/sol/address/4w7HzF73v6mhd4Jf4Cx6VVNDPJn3aVCiJDV7SfqqaWEk
G1GLZj111Mc1jJKxBfN2s9g16V1XjX1cpYB5Q72CNVWm,1,DUVE:top54,224.89,224.89,https://gmgn.ai/sol/address/G1GLZj111Mc1jJKxBfN2s9g16V1XjX1cpYB5Q72CNVWm
9zsBYvEevwsEaeQ5VFRAG9u1YQ3ibnT6TWkes8ieQjFp,1,SIF:early58,223.69,300.99,https://gmgn.ai/sol/address/9zsBYvEevwsEaeQ5VFRAG9u1YQ3ibnT6TWkes8ieQjFp
Eo4m2LUBiERYgRtYXLpbpA64o8pJna4MLtmg5TWLHbD5,1,DUVE:top55,220.83,220.83,https://gmgn.ai/sol/address/Eo4m2LUBiERYgRtYXLpbpA64o8pJna4MLtmg5TWLHbD5
CcY2pfp56XeAjZVDEFTGENnaxwHYAhCKHo8whKsjp4DF,1,DUVE:top56,217.86,217.86,https://gmgn.ai/sol/address/CcY2pfp56XeAjZVDEFTGENnaxwHYAhCKHo8whKsjp4DF
CceHupc51kvYdF2nST7B9CxF6kwG6XJ8shwYJZnCrAod,1,TIPTOE:early44,217.0,217.0,https://gmgn.ai/sol/address/CceHupc51kvYdF2nST7B9CxF6kwG6XJ8shwYJZnCrAod
8oG3w616cVk9eXyRHUszzBa1QNLHmcQFPdLY2QctnVJK,1,DUVE:top57,216.65,216.65,https://gmgn.ai/sol/address/8oG3w616cVk9eXyRHUszzBa1QNLHmcQFPdLY2QctnVJK
BpUmaApJSG4mSaYeU2XSMMPgW4WiGmtiQxZYGepXrEhn,1,SIF:early48,214.47,214.47,https://gmgn.ai/sol/address/BpUmaApJSG4mSaYeU2XSMMPgW4WiGmtiQxZYGepXrEhn
6ZZL4QxHeyrLMEQzCcssfo2p25nS66xPi1MkxtQf2nR6,1,TERMINAL:early42,210.94,210.94,https://gmgn.ai/sol/address/6ZZL4QxHeyrLMEQzCcssfo2p25nS66xPi1MkxtQf2nR6
CWruN6rPzFyH1tzPZW3VjnDeTL4oJGbVz2PgWQKxTaj5,1,DUVE:top59,209.43,209.43,https://gmgn.ai/sol/address/CWruN6rPzFyH1tzPZW3VjnDeTL4oJGbVz2PgWQKxTaj5
AWrhXo6LfbjaeDZFhc4zmX8oUsVc8t1Pau2FPyd6GDD1,1,ABU:top77,208.84,817.63,https://gmgn.ai/sol/address/AWrhXo6LfbjaeDZFhc4zmX8oUsVc8t1Pau2FPyd6GDD1
N1ggawBRPAUQaUoUc9P5Cfd7Fbg7rijddbFxzwh3CHe,1,DUVE:top60,206.8,206.8,https://gmgn.ai/sol/address/N1ggawBRPAUQaUoUc9P5Cfd7Fbg7rijddbFxzwh3CHe
22MHNub2rUp3XtUpgubQGicSjPkauUgmbebDQcspyu18,1,TIPTOE:top85,206.68,551.51,https://gmgn.ai/sol/address/22MHNub2rUp3XtUpgubQGicSjPkauUgmbebDQcspyu18
CMPBz4k6wqKyujafU4zQLEaCfx2rXFyGHTGgYb8xKJBf,1,Reelpad:early83,206.19,206.19,https://gmgn.ai/sol/address/CMPBz4k6wqKyujafU4zQLEaCfx2rXFyGHTGgYb8xKJBf
7assS3qpASUJgmXQXbnS7Ctm6uNJcCpCkywD5jYecVSP,1,AGENCY:early16,205.3,205.3,https://gmgn.ai/sol/address/7assS3qpASUJgmXQXbnS7Ctm6uNJcCpCkywD5jYecVSP
JBnHAoZeQopR5pgPJ77RCzbqZBX4MjC12Qcu9VYTmFa8,1,DUVE:top65,204.5,195.93,https://gmgn.ai/sol/address/JBnHAoZeQopR5pgPJ77RCzbqZBX4MjC12Qcu9VYTmFa8
5vTp5tSx2C1TZV2qsSGzzaKi2bxteegUhfeEdnB2JeVz,1,SIF:early91,204.05,204.05,https://gmgn.ai/sol/address/5vTp5tSx2C1TZV2qsSGzzaKi2bxteegUhfeEdnB2JeVz
DdQFCnyVHwLED7FMuncA6XJ1HDgUbSCx2GS7qFrP8Wr6,1,DUVE:top62,203.56,203.56,https://gmgn.ai/sol/address/DdQFCnyVHwLED7FMuncA6XJ1HDgUbSCx2GS7qFrP8Wr6
BM9tLTv5dviTF8KGmDZPd2BkNs2sbWsooVr2RE4mb7F3,1,TIPTOE:early92,200.36,200.36,https://gmgn.ai/sol/address/BM9tLTv5dviTF8KGmDZPd2BkNs2sbWsooVr2RE4mb7F3
Gouc3dE9emSvoBE1JDAnED7RpMsPvz23vQuBKMDGzX9M,1,CATGPT:top42,200.36,886.67,https://gmgn.ai/sol/address/Gouc3dE9emSvoBE1JDAnED7RpMsPvz23vQuBKMDGzX9M
7xPDo97sb5Ueb7zuR1k4A7PBW5hLwhPGsPzj1nA8J7PQ,1,DUVE:top63,199.83,199.83,https://gmgn.ai/sol/address/7xPDo97sb5Ueb7zuR1k4A7PBW5hLwhPGsPzj1nA8J7PQ
DZ9WSnr3s26w8WWs3Ycj1JzSy5K6c9dcejSqvFEG7Zed,1,SIF:top83,199.39,533.83,https://gmgn.ai/sol/address/DZ9WSnr3s26w8WWs3Ycj1JzSy5K6c9dcejSqvFEG7Zed
BL8FgSiooiuuosRzmTZMPE293oqBnCNN4eX41zBP9Ru6,1,Reelpad:early85,198.94,198.94,https://gmgn.ai/sol/address/BL8FgSiooiuuosRzmTZMPE293oqBnCNN4eX41zBP9Ru6
9kfm1JwZddGvaA7rRrt95RQzePESkWYGGuR1om7Hgk8d,1,DUVE:top64,196.97,196.97,https://gmgn.ai/sol/address/9kfm1JwZddGvaA7rRrt95RQzePESkWYGGuR1om7Hgk8d
91NUJVBMkUugAnuQ3ZXY1g47MyXbeiWQqJZbMxPrTAL6,1,TIPTOE:early13,196.42,196.42,https://gmgn.ai/sol/address/91NUJVBMkUugAnuQ3ZXY1g47MyXbeiWQqJZbMxPrTAL6
3NztGXZtLkLKh4zZmHYMse7f92V7do7sQNC6cPQEEUbE,1,TIPTOE:early47,194.54,194.54,https://gmgn.ai/sol/address/3NztGXZtLkLKh4zZmHYMse7f92V7do7sQNC6cPQEEUbE
JDfDbGk5URwedAacvsQRK1y8ud3ppumpFi6J18M8UpL,1,DUVE:top66,194.21,194.21,https://gmgn.ai/sol/address/JDfDbGk5URwedAacvsQRK1y8ud3ppumpFi6J18M8UpL
GFcy6kS9ibVBFyjY9MvV44yAQYeKnqmxmg1EabAPS7nx,1,SIF:top59,193.25,1145.66,https://gmgn.ai/sol/address/GFcy6kS9ibVBFyjY9MvV44yAQYeKnqmxmg1EabAPS7nx
6BjeEQRJ26ETeLxEEAL6Ruo3oNbZ9VoaTdrts1XB7GD3,1,DUVE:top68,191.04,191.04,https://gmgn.ai/sol/address/6BjeEQRJ26ETeLxEEAL6Ruo3oNbZ9VoaTdrts1XB7GD3
CAvvAFNRfXDWTTDqwgxb9qSyYT8fTuTXWSFwL7Jsz8vT,1,AGENCY:early51,190.59,190.59,https://gmgn.ai/sol/address/CAvvAFNRfXDWTTDqwgxb9qSyYT8fTuTXWSFwL7Jsz8vT
3BWMcR7wW54UBmNVfcP8FrvTBQTW7Wc2ECCZm7dh7dXm,1,DUVE:top70,187.28,187.28,https://gmgn.ai/sol/address/3BWMcR7wW54UBmNVfcP8FrvTBQTW7Wc2ECCZm7dh7dXm
4sUYNtvmopwDqqrkisCV5fYFWaQuxsSMW6UTRm8jm1z8,1,TIPTOE:early66,187.19,187.19,https://gmgn.ai/sol/address/4sUYNtvmopwDqqrkisCV5fYFWaQuxsSMW6UTRm8jm1z8
EenBppMiaFkZPGerG14kD3XetBcpvGfFfAaNWwtQ73A5,1,ABU:top93,186.3,693.18,https://gmgn.ai/sol/address/EenBppMiaFkZPGerG14kD3XetBcpvGfFfAaNWwtQ73A5
FXZB6wnXmr15tEhojMiLoPZnmEc6fe7m8qv2uhWKUYSy,1,DUVE:top71,184.82,184.82,https://gmgn.ai/sol/address/FXZB6wnXmr15tEhojMiLoPZnmEc6fe7m8qv2uhWKUYSy
AbBDe1Yzx5sEKBttvg3UvYzsFEabkNkB7tG6EecmzSHp,1,DUVE:top72,184.23,184.23,https://gmgn.ai/sol/address/AbBDe1Yzx5sEKBttvg3UvYzsFEabkNkB7tG6EecmzSHp
4gG4V4iPrwfimbmG3ZzMLKJx8ursKxB8dkfW4PbiLjDa,1,DUVE:top74,183.67,183.67,https://gmgn.ai/sol/address/4gG4V4iPrwfimbmG3ZzMLKJx8ursKxB8dkfW4PbiLjDa
AKhiAuBULYXUVHmnW7c1TPLAr9qa2HMmUi1VCqnczjzN,1,ABU:top44,181.97,1355.63,https://gmgn.ai/sol/address/AKhiAuBULYXUVHmnW7c1TPLAr9qa2HMmUi1VCqnczjzN
EzfH6Hw5KpTBvqMpkpNvdhdhhvqvuvtNjp7ot2c3YVoM,1,AGENCY:early47,180.7,180.7,https://gmgn.ai/sol/address/EzfH6Hw5KpTBvqMpkpNvdhdhhvqvuvtNjp7ot2c3YVoM
5vvnfnc1bdzSfzvW9n9A4B4a6tsampj1G3iY4RFe3ncj,1,SIF:top87,180.69,471.73,https://gmgn.ai/sol/address/5vvnfnc1bdzSfzvW9n9A4B4a6tsampj1G3iY4RFe3ncj
3fiHdduse1ksUKM21puGJjbj1KrzActANB4ZcL4qSQiY,1,DUVE:top75,176.99,176.99,https://gmgn.ai/sol/address/3fiHdduse1ksUKM21puGJjbj1KrzActANB4ZcL4qSQiY
3XuL3MUzXdF16mMhuRggMTHNc4jxTwnyK5VvJAHxHLdJ,1,SIF:early5,176.83,176.83,https://gmgn.ai/sol/address/3XuL3MUzXdF16mMhuRggMTHNc4jxTwnyK5VvJAHxHLdJ
8efyTSCfMxqCFFmqrhsxrJsYVgetMi2cwywhmgug1ux2,1,ABU:early86,175.2,196.49,https://gmgn.ai/sol/address/8efyTSCfMxqCFFmqrhsxrJsYVgetMi2cwywhmgug1ux2
39H3DGBpHpffjTuwQDR9yv9AgbK4U4hesLdsVZ9yDDc9,1,MICRO:early2,174.48,174.48,https://gmgn.ai/sol/address/39H3DGBpHpffjTuwQDR9yv9AgbK4U4hesLdsVZ9yDDc9
E4at9hG4ckgzyQ5P1Cdd4zBdxLjmKZ4TXnY6gTUz5ie7,1,ABU:early41,174.38,174.38,https://gmgn.ai/sol/address/E4at9hG4ckgzyQ5P1Cdd4zBdxLjmKZ4TXnY6gTUz5ie7
8qsiM1R8U7HjVhgtY3MvN5wfQ93rtwpLkp65zYXAU7K5,1,DUVE:top77,170.7,170.7,https://gmgn.ai/sol/address/8qsiM1R8U7HjVhgtY3MvN5wfQ93rtwpLkp65zYXAU7K5
5r2Zh3fPUfdQjZqSZuf49CwDU346aMRrQzJ3k5nnxCpF,1,ABU:top35,166.32,1592.06,https://gmgn.ai/sol/address/5r2Zh3fPUfdQjZqSZuf49CwDU346aMRrQzJ3k5nnxCpF
BAr5csYtpWoNpwhUjixX7ZPHXkUciFZzjBp9uNxZXJPh,1,DUVE:top79,165.22,165.22,https://gmgn.ai/sol/address/BAr5csYtpWoNpwhUjixX7ZPHXkUciFZzjBp9uNxZXJPh
2GXUUpTEHCZHZta2xj4K4cnebup9FTy2eKnLgQuXxbcY,1,DUVE:top80,164.47,164.47,https://gmgn.ai/sol/address/2GXUUpTEHCZHZta2xj4K4cnebup9FTy2eKnLgQuXxbcY
6iAqZVdGGWRvHj2sM2U1DzM32wrcygeqTm3Bg2XGTLj,1,TERMINAL:early78,163.79,163.79,https://gmgn.ai/sol/address/6iAqZVdGGWRvHj2sM2U1DzM32wrcygeqTm3Bg2XGTLj
EtvZCZ1upPXyveDFacyCARwgiMyWnaeRT6hpE63S3fez,1,SIF:early94,163.05,163.05,https://gmgn.ai/sol/address/EtvZCZ1upPXyveDFacyCARwgiMyWnaeRT6hpE63S3fez
J7t8758e7tx6Bq3pGbybycxq9wvJe5j7ai3bp9GVr1zq,1,SIF:early7,162.92,162.92,https://gmgn.ai/sol/address/J7t8758e7tx6Bq3pGbybycxq9wvJe5j7ai3bp9GVr1zq
EYDjJhT8tEQ2cgzNsLRp37EuMbr3iN9GUVn7475ZbCvw,1,DUVE:top81,161.55,161.55,https://gmgn.ai/sol/address/EYDjJhT8tEQ2cgzNsLRp37EuMbr3iN9GUVn7475ZbCvw
CKEzb9jRMNo5rYwJPfgKCg3vhx5RMLhSaZGHMzcmqzmZ,1,DUVE:top82,160.2,160.2,https://gmgn.ai/sol/address/CKEzb9jRMNo5rYwJPfgKCg3vhx5RMLhSaZGHMzcmqzmZ
AAJmY263ra3WBZ5GgPeZSXRxkHUL6tDW5jFpMQctVAZ4,1,MICRO:early62,157.42,157.42,https://gmgn.ai/sol/address/AAJmY263ra3WBZ5GgPeZSXRxkHUL6tDW5jFpMQctVAZ4
5nj4os9Ejyti5vsULHmR1yBPJTWrFkf9pxPeCgUzRkm6,1,SIF:early18,157.08,157.08,https://gmgn.ai/sol/address/5nj4os9Ejyti5vsULHmR1yBPJTWrFkf9pxPeCgUzRkm6
DMZeNvKR8wLfDFbagbUPTjU41maDUkugS5QfbnjLBKx6,1,ABU:early23,156.52,156.52,https://gmgn.ai/sol/address/DMZeNvKR8wLfDFbagbUPTjU41maDUkugS5QfbnjLBKx6
3cZQqQHiVG9Tn7Q6ztrYh2xWQJWJaCsrDcobkJVvk4fh,1,TERMINAL:early24,155.26,155.26,https://gmgn.ai/sol/address/3cZQqQHiVG9Tn7Q6ztrYh2xWQJWJaCsrDcobkJVvk4fh
4G9RznKvrtBWn2sRETcAsnSRkectXiDsFP5imBbSiFM2,1,TIPTOE:early26,155.1,155.1,https://gmgn.ai/sol/address/4G9RznKvrtBWn2sRETcAsnSRkectXiDsFP5imBbSiFM2
BHpjLrZcC1C6ipPyQpU9PdtWyQciHdcLr8Lp6tm9WCjt,1,DUVE:top86,154.67,154.67,https://gmgn.ai/sol/address/BHpjLrZcC1C6ipPyQpU9PdtWyQciHdcLr8Lp6tm9WCjt
C8Qv8Ho4fFvtpSgsXYY1KrscP6ueZp4HYjw39CwUk97a,1,DUVE:top87,151.85,151.85,https://gmgn.ai/sol/address/C8Qv8Ho4fFvtpSgsXYY1KrscP6ueZp4HYjw39CwUk97a
8UYQugrGrnm1zNU9NEikkWeqTHP4WitWEraTE45MzeAM,1,TIPTOE:early9,150.87,150.87,https://gmgn.ai/sol/address/8UYQugrGrnm1zNU9NEikkWeqTHP4WitWEraTE45MzeAM
BS2bxkPPsQJ3xivvu94XPxV3ULBwi6YGcuxMXZE41y1y,1,DUVE:top88,150.35,150.35,https://gmgn.ai/sol/address/BS2bxkPPsQJ3xivvu94XPxV3ULBwi6YGcuxMXZE41y1y
DAasnDcMn4yqSVMYjxCPTk1JVYQ657bZxyG1NW2jwmqk,1,TIPTOE:top63,148.45,883.16,https://gmgn.ai/sol/address/DAasnDcMn4yqSVMYjxCPTk1JVYQ657bZxyG1NW2jwmqk
FE597q4kCJdya2cTGdrx3YagtuHLm7HSLUk3XbX2T8oz,1,ABU:top61,147.67,960.35,https://gmgn.ai/sol/address/FE597q4kCJdya2cTGdrx3YagtuHLm7HSLUk3XbX2T8oz
HuX94k8hMt7PAoGX6YRZW3pggs9vEGQs1kZCsUaE85BF,1,SIF:early8,145.29,145.29,https://gmgn.ai/sol/address/HuX94k8hMt7PAoGX6YRZW3pggs9vEGQs1kZCsUaE85BF
9goY9QSkNwLB2B2MHm1XTPBARaekhgQjCRCYJsftbkkX,1,CATGPT:top52,144.95,659.93,https://gmgn.ai/sol/address/9goY9QSkNwLB2B2MHm1XTPBARaekhgQjCRCYJsftbkkX
ECqewZ2SDsGQzVKfueN8a41EHnJaDJ9KwAP2JXg8oHWV,1,DUVE:top90,144.07,144.07,https://gmgn.ai/sol/address/ECqewZ2SDsGQzVKfueN8a41EHnJaDJ9KwAP2JXg8oHWV
CSbaVzNNsYhfs397srcavysXXbnLHpXcWYhcs8zmg2Cc,1,Reelpad:top83,142.29,396.86,https://gmgn.ai/sol/address/CSbaVzNNsYhfs397srcavysXXbnLHpXcWYhcs8zmg2Cc
HKQaokVzPij6yvAj1z134fjwMrVicR2eD39LurXCzrw2,1,TERMINAL:early83,138.47,138.47,https://gmgn.ai/sol/address/HKQaokVzPij6yvAj1z134fjwMrVicR2eD39LurXCzrw2
4nCqbawmhjKMR18GaQqXFMNTxZg3GaFVEXx8RNp4TUJy,1,DUVE:top92,134.03,134.03,https://gmgn.ai/sol/address/4nCqbawmhjKMR18GaQqXFMNTxZg3GaFVEXx8RNp4TUJy
6Eegkyd2qNzxSzZz3PH3jiDyqL5HFcHdcsb9zfMzWHKB,1,DUVE:top93,133.86,133.86,https://gmgn.ai/sol/address/6Eegkyd2qNzxSzZz3PH3jiDyqL5HFcHdcsb9zfMzWHKB
3PRhVNtmthetrxwUq9ccWe9FCEwqSnJ7fTjj3M8kaAG3,1,SIF:early26,133.45,133.45,https://gmgn.ai/sol/address/3PRhVNtmthetrxwUq9ccWe9FCEwqSnJ7fTjj3M8kaAG3
BWXLKEWWSjddgqocchNnZHtoxdSetY5Hy9CazLeWADMF,1,DUVE:top94,132.97,132.97,https://gmgn.ai/sol/address/BWXLKEWWSjddgqocchNnZHtoxdSetY5Hy9CazLeWADMF
74kZLhcAWKJxsSqbWNr2V8Sap1LNJ47PsfYGJhnB3vNP,1,DUVE:top95,131.98,131.98,https://gmgn.ai/sol/address/74kZLhcAWKJxsSqbWNr2V8Sap1LNJ47PsfYGJhnB3vNP
6QbjsMqLVzpssK6ijwC3YMe7qGLco4L6d6ozkmJaZPEh,1,SIF:early23,131.31,131.31,https://gmgn.ai/sol/address/6QbjsMqLVzpssK6ijwC3YMe7qGLco4L6d6ozkmJaZPEh
AFhTYEotESzgtix36CJK3wGbLj9HwHc1tVksbT4v6TUj,1,DUVE:top97,130.95,130.95,https://gmgn.ai/sol/address/AFhTYEotESzgtix36CJK3wGbLj9HwHc1tVksbT4v6TUj
DefYnFe5WfyzNTNmrJyz4qUrPV73bvBrEBvxTb7rLAe1,1,DUVE:top98,130.92,130.92,https://gmgn.ai/sol/address/DefYnFe5WfyzNTNmrJyz4qUrPV73bvBrEBvxTb7rLAe1
B617zsRLgbEQZeWMrCrBt4CtDUsgZ9n2gQzajTKAoSqX,1,SIF:early19,130.25,130.25,https://gmgn.ai/sol/address/B617zsRLgbEQZeWMrCrBt4CtDUsgZ9n2gQzajTKAoSqX
68BfHVpHPPwPZo9TBULNESuqCvy2sYbqBmxZwcPEtbp9,1,DUVE:top99,130.02,130.02,https://gmgn.ai/sol/address/68BfHVpHPPwPZo9TBULNESuqCvy2sYbqBmxZwcPEtbp9
8k9Eh6RTVyxbtaZJpNDfSUjAcwiLsCNRsm5bkd2KtAGN,1,MICRO:early84,129.93,129.93,https://gmgn.ai/sol/address/8k9Eh6RTVyxbtaZJpNDfSUjAcwiLsCNRsm5bkd2KtAGN
DSUKH546tvNQr24iYdPv8w3cP5V4P3AK9z9mJakVEm5A,1,Reelpad:early91,129.08,129.08,https://gmgn.ai/sol/address/DSUKH546tvNQr24iYdPv8w3cP5V4P3AK9z9mJakVEm5A
BU99XYHSueULuTN3V3GuTfmXXWgNCrQXWwNsw9Ku1MPk,1,DUVE:early91,127.53,127.53,https://gmgn.ai/sol/address/BU99XYHSueULuTN3V3GuTfmXXWgNCrQXWwNsw9Ku1MPk
9QDToGowGEx8mwXPBGP1p3MNqh4NFRidDdRNXxe5D5Nk,1,MICRO:early4,126.32,126.32,https://gmgn.ai/sol/address/9QDToGowGEx8mwXPBGP1p3MNqh4NFRidDdRNXxe5D5Nk
8ftXJiJKMSce9CfywYLTwsYrzbM8bn2kUbBtWQ2PvDg2,1,Reelpad:early86,126.11,126.11,https://gmgn.ai/sol/address/8ftXJiJKMSce9CfywYLTwsYrzbM8bn2kUbBtWQ2PvDg2
5q9dHThiNocaP1EyQA7nxpgPqMfPErS4yxuWmkjkBLGn,1,DUVE:early17,123.76,123.76,https://gmgn.ai/sol/address/5q9dHThiNocaP1EyQA7nxpgPqMfPErS4yxuWmkjkBLGn
8V9u4n6SpeyxvjjanAH7tXtC6dYbtWzbzkjHbjF53GDT,1,MICRO:early56,123.67,123.67,https://gmgn.ai/sol/address/8V9u4n6SpeyxvjjanAH7tXtC6dYbtWzbzkjHbjF53GDT
79jrnjoj3yXiKmuDgBF9goYnHNUUZpa4AtEY72HZ46Vc,1,AGENCY:early8,121.4,121.4,https://gmgn.ai/sol/address/79jrnjoj3yXiKmuDgBF9goYnHNUUZpa4AtEY72HZ46Vc
Af1cGi4fmjpwe93esGEyMwKjFLzodaWsux5N77gQAp8X,1,MICRO:early86,119.69,119.69,https://gmgn.ai/sol/address/Af1cGi4fmjpwe93esGEyMwKjFLzodaWsux5N77gQAp8X
Cr31qfhuwysHEvv9LmETb8dmT8bv6qULPQ9vP3c597jF,1,Reelpad:early92,116.74,116.74,https://gmgn.ai/sol/address/Cr31qfhuwysHEvv9LmETb8dmT8bv6qULPQ9vP3c597jF
8fSjPChLdG8Kt5wgRa8jpF3R47K2RGRCTqg8LgPKiHCB,1,SIF:early100,112.91,112.91,https://gmgn.ai/sol/address/8fSjPChLdG8Kt5wgRa8jpF3R47K2RGRCTqg8LgPKiHCB
Am7UuCwuFTbR4JXZDzqkAT9QqSB7uwkwrEUMLs7CcaFn,1,AGENCY:top97,111.57,12079.88,https://gmgn.ai/sol/address/Am7UuCwuFTbR4JXZDzqkAT9QqSB7uwkwrEUMLs7CcaFn
9PR2TPDAzmddk82RiTphgMFSyruC1d1jd895YEURJLHo,1,SIF:early60,108.01,108.01,https://gmgn.ai/sol/address/9PR2TPDAzmddk82RiTphgMFSyruC1d1jd895YEURJLHo
Kyk6bx9CReCeR1zDmZ4osWbXEHWtbjioV3TPZ29fhF4,1,SIF:early21,105.46,3563.67,https://gmgn.ai/sol/address/Kyk6bx9CReCeR1zDmZ4osWbXEHWtbjioV3TPZ29fhF4
DiwH5biL5keUEFgmxCuTkFoHHFicpQGeoW4QbhkU2WFs,1,TIPTOE:early98,105.17,105.17,https://gmgn.ai/sol/address/DiwH5biL5keUEFgmxCuTkFoHHFicpQGeoW4QbhkU2WFs
7DMKtZJ1jQJeDipeVQ9UZ72e9qkymeNMt4ZZMWjtrzm1,1,Reelpad:early39,104.52,104.52,https://gmgn.ai/sol/address/7DMKtZJ1jQJeDipeVQ9UZ72e9qkymeNMt4ZZMWjtrzm1
JEBy7VuMsCqZDdprhmUNjB1MHTmt5dUFDeMXytbhTLdR,1,CATGPT:early71,102.24,102.24,https://gmgn.ai/sol/address/JEBy7VuMsCqZDdprhmUNjB1MHTmt5dUFDeMXytbhTLdR
7DbM4ZtmE4zkdu4mbw7r9Efs5m7tygXowtWSy3P8vKTK,1,SIF:early90,100.83,143.9,https://gmgn.ai/sol/address/7DbM4ZtmE4zkdu4mbw7r9Efs5m7tygXowtWSy3P8vKTK
EYsRG78XJ8YEHpZB5Knu9xRKrjDsrAXx8BgkreWxZAaX,1,ABU:top57,100.79,988.7,https://gmgn.ai/sol/address/EYsRG78XJ8YEHpZB5Knu9xRKrjDsrAXx8BgkreWxZAaX
CW6XezzEftYw4aALKo96x6oudqBZ3sfVXrfF23hAezdX,1,MICRO:early24,100.24,100.24,https://gmgn.ai/sol/address/CW6XezzEftYw4aALKo96x6oudqBZ3sfVXrfF23hAezdX
ooooKa4Ruz1gjSmgsAfJEm96gno53x8FaUWGj4NqedA,1,MICRO:early3,99.31,99.31,https://gmgn.ai/sol/address/ooooKa4Ruz1gjSmgsAfJEm96gno53x8FaUWGj4NqedA
C8jc5nUaPWA9P23QUXUYg3Gyd4pbXPo8v8r6PA1bJwP2,1,CATGPT:early97,96.92,96.92,https://gmgn.ai/sol/address/C8jc5nUaPWA9P23QUXUYg3Gyd4pbXPo8v8r6PA1bJwP2
5RT3pEAJgn15osD4whsVWfH9UEyMcgAA2TYETiTMv3jM,1,SIF:early22,96.77,3486.76,https://gmgn.ai/sol/address/5RT3pEAJgn15osD4whsVWfH9UEyMcgAA2TYETiTMv3jM
5XHspoCivFbHLUZrdoHPkN4FwP5u4zDLvCF1NqNAnVby,1,MICRO:early31,96.37,96.37,https://gmgn.ai/sol/address/5XHspoCivFbHLUZrdoHPkN4FwP5u4zDLvCF1NqNAnVby
DLyiGw251APc3TThQQcHR4KdKYVn5RUuti43DMnvdtfP,1,MICRO:early21,96.16,96.16,https://gmgn.ai/sol/address/DLyiGw251APc3TThQQcHR4KdKYVn5RUuti43DMnvdtfP
76wgTV1pGpvCcGYLZ7ZN7pYFxpSAg5tGWe1SQzr5LBaJ,1,MICRO:early73,95.87,95.87,https://gmgn.ai/sol/address/76wgTV1pGpvCcGYLZ7ZN7pYFxpSAg5tGWe1SQzr5LBaJ
7PChGtX1KUTMSLKWvd1tJo4ZJDZbEVScU1x7FDUrQMCw,1,MICRO:early42,94.67,94.67,https://gmgn.ai/sol/address/7PChGtX1KUTMSLKWvd1tJo4ZJDZbEVScU1x7FDUrQMCw
CMTJ38oaEemHKairiwLtsyWbcrXYgzwS6y88Z5kVGWgp,1,MICRO:early93,93.81,93.81,https://gmgn.ai/sol/address/CMTJ38oaEemHKairiwLtsyWbcrXYgzwS6y88Z5kVGWgp
9keCU8mgA23XV8LCgSCJEo4Lspmo9fRBA3MyxJmZKQSp,1,Reelpad:early58,93.67,93.67,https://gmgn.ai/sol/address/9keCU8mgA23XV8LCgSCJEo4Lspmo9fRBA3MyxJmZKQSp
5SSLSKkb1fn4s4Vte3somqLxYvDLgmqvBegFtAFBoqnd,1,SIF:early70,90.2,90.2,https://gmgn.ai/sol/address/5SSLSKkb1fn4s4Vte3somqLxYvDLgmqvBegFtAFBoqnd
J5JzzcytYk1bpqAsZtQseWeyFS1rpg8hfY1uVkaXqRm5,1,DUVE:early19,90.15,90.15,https://gmgn.ai/sol/address/J5JzzcytYk1bpqAsZtQseWeyFS1rpg8hfY1uVkaXqRm5
8AxGF7t8fUVjSJp4hW2GMXCjDuQrP9w1GqmeGf728iUr,1,MICRO:early5,89.0,89.0,https://gmgn.ai/sol/address/8AxGF7t8fUVjSJp4hW2GMXCjDuQrP9w1GqmeGf728iUr
GCS8shMYn8iodLVdRCivLPtK2XqtfvtYHwmvsmUcQSoq,1,SIF:early40,87.58,87.58,https://gmgn.ai/sol/address/GCS8shMYn8iodLVdRCivLPtK2XqtfvtYHwmvsmUcQSoq
G86u5mVBKePu7dkkbtxmJXSD7ri6MYSpGUTwvbMo8QPD,1,MICRO:early41,87.15,87.15,https://gmgn.ai/sol/address/G86u5mVBKePu7dkkbtxmJXSD7ri6MYSpGUTwvbMo8QPD
BMTBDRo4tja5tRaGwZdi4niizzZT2RKn8vc2YNAxqp8j,1,DUVE:early77,84.92,85.05,https://gmgn.ai/sol/address/BMTBDRo4tja5tRaGwZdi4niizzZT2RKn8vc2YNAxqp8j
AMDEmVocLtN5ji2gBY7BrmSHEyM5vt6TGszBbg4crMXg,1,ABU:early5,84.76,84.76,https://gmgn.ai/sol/address/AMDEmVocLtN5ji2gBY7BrmSHEyM5vt6TGszBbg4crMXg
E8q49qGakJYWDc1L23EXDrzXGGtzDNumbprdEQFenv8h,1,AGENCY:early32,84.3,84.3,https://gmgn.ai/sol/address/E8q49qGakJYWDc1L23EXDrzXGGtzDNumbprdEQFenv8h
7v5DjF6d2qUrETMRjr8UuzabKjtypLnG6bdERsCv3Avc,1,DUVE:early18,84.14,84.14,https://gmgn.ai/sol/address/7v5DjF6d2qUrETMRjr8UuzabKjtypLnG6bdERsCv3Avc
4QUv3ujJ7V6SCizezPn6Rn6S9yPpPmxkDLSoBNWT32t8,1,MICRO:early20,83.76,83.76,https://gmgn.ai/sol/address/4QUv3ujJ7V6SCizezPn6Rn6S9yPpPmxkDLSoBNWT32t8
CsPaZ2hN1ZGbBXk1CRnuUVJ6S6ipFHp5FSLHKUPNZ6WF,1,TIPTOE:top68,82.48,808.58,https://gmgn.ai/sol/address/CsPaZ2hN1ZGbBXk1CRnuUVJ6S6ipFHp5FSLHKUPNZ6WF
t611Bf4JeNm1c5KVxt9dLpfNARqyrsZrGMJhqNmdXUg,1,TIPTOE:early87,82.03,82.03,https://gmgn.ai/sol/address/t611Bf4JeNm1c5KVxt9dLpfNARqyrsZrGMJhqNmdXUg
twixMpLrse2Kknq8RD6crF5qD1XgNfHg3g1QMebuDgo,1,SIF:early71,81.77,81.77,https://gmgn.ai/sol/address/twixMpLrse2Kknq8RD6crF5qD1XgNfHg3g1QMebuDgo
9d2qFFwfjFVN2AdSfzC5MtrMni22RcPV3J8pcvQgQve8,1,SIF:early74,81.07,81.07,https://gmgn.ai/sol/address/9d2qFFwfjFVN2AdSfzC5MtrMni22RcPV3J8pcvQgQve8
72NWWbchKdRJKvhG6U4f9363psUttkeEkE4yk15imy8u,1,TIPTOE:early52,79.74,79.74,https://gmgn.ai/sol/address/72NWWbchKdRJKvhG6U4f9363psUttkeEkE4yk15imy8u
NiggaW2cZhzrmhjZKCwQ4kBDPwH4PKSnsHgK1xknvtr,1,MICRO:early6,79.3,79.3,https://gmgn.ai/sol/address/NiggaW2cZhzrmhjZKCwQ4kBDPwH4PKSnsHgK1xknvtr
Gvd4xg9dP2qzzmHmTH8jQ5i4XwyWXkocHdpmva5iu5Yq,1,TERMINAL:early48,79.26,79.26,https://gmgn.ai/sol/address/Gvd4xg9dP2qzzmHmTH8jQ5i4XwyWXkocHdpmva5iu5Yq
GVVP8N7jnxgr3QdtR461bsuCNNQmuNu4DBW2Ab4tzKVp,1,CATGPT:early49,77.39,77.39,https://gmgn.ai/sol/address/GVVP8N7jnxgr3QdtR461bsuCNNQmuNu4DBW2Ab4tzKVp
BDW8Bjoe9fgfRPAkSf3Kpnphdd4ugWwsLitSxvqo4gg4,1,DUVE:early85,76.78,76.78,https://gmgn.ai/sol/address/BDW8Bjoe9fgfRPAkSf3Kpnphdd4ugWwsLitSxvqo4gg4
DnJkduRZyVBPnU6HfiXmNcVNfEDvQNEM4CcGQdUFvLMx,1,TERMINAL:early47,75.86,75.86,https://gmgn.ai/sol/address/DnJkduRZyVBPnU6HfiXmNcVNfEDvQNEM4CcGQdUFvLMx
7Ut1gh36seBkUiYuPx3rNQbuLE7QLT53YJRo3wsGAZRZ,1,TIPTOE:early16,75.06,75.06,https://gmgn.ai/sol/address/7Ut1gh36seBkUiYuPx3rNQbuLE7QLT53YJRo3wsGAZRZ
HQ2RLfv9wvJemGwQHJsJ9BRRJPgJ1KHjXza2KqndYk1X,1,ABU:top78,74.69,799.23,https://gmgn.ai/sol/address/HQ2RLfv9wvJemGwQHJsJ9BRRJPgJ1KHjXza2KqndYk1X
6s1H4NEejNCfd7AkgW6S2r9nGadE4q7AXQDCWKXM36Jg,1,AGENCY:top10,74.08,172991.67,https://gmgn.ai/sol/address/6s1H4NEejNCfd7AkgW6S2r9nGadE4q7AXQDCWKXM36Jg
HLKSiDhJAq8NZW39xd43sVZi168y8HUjo3dYMsNKsLEr,1,Reelpad:early93,73.2,73.2,https://gmgn.ai/sol/address/HLKSiDhJAq8NZW39xd43sVZi168y8HUjo3dYMsNKsLEr
AUv3oZJrVn8Z1MZ4VBREVQQa51PKx1Axq4CmM5kjkezx,1,ABU:early81,73.0,73.0,https://gmgn.ai/sol/address/AUv3oZJrVn8Z1MZ4VBREVQQa51PKx1Axq4CmM5kjkezx
oUBc6bGGc24oVXhn17JtdCdrr8WiaP5vRAcWeNg8UjY,1,MICRO:early25,72.48,72.48,https://gmgn.ai/sol/address/oUBc6bGGc24oVXhn17JtdCdrr8WiaP5vRAcWeNg8UjY
CWSGcdD1p8r8Ck6tFfN7Q6gANtzeqCmeQdEKpyULhody,1,SIF:early73,71.81,71.81,https://gmgn.ai/sol/address/CWSGcdD1p8r8Ck6tFfN7Q6gANtzeqCmeQdEKpyULhody
3e5L7xmaykz8an9NnoJ1aFZvTDZHuhxH57t2yw2FMa8V,1,SIF:early44,71.27,71.27,https://gmgn.ai/sol/address/3e5L7xmaykz8an9NnoJ1aFZvTDZHuhxH57t2yw2FMa8V
8v9PMcJ2vdUdCheVXGnrUcA4Z2nQyYU4CjMy2dXa6VCF,1,SIF:early61,70.87,70.87,https://gmgn.ai/sol/address/8v9PMcJ2vdUdCheVXGnrUcA4Z2nQyYU4CjMy2dXa6VCF
9Z6vEbwbWCd18zS9LkRUQyD2CHRRbANTcWSyKSP9xR6V,1,SIF:early72,70.75,70.75,https://gmgn.ai/sol/address/9Z6vEbwbWCd18zS9LkRUQyD2CHRRbANTcWSyKSP9xR6V
5dZQvx2q6JvaDMu3duPvwodnf4undhHcuFrWpat1agjS,1,ABU:top65,68.12,935.42,https://gmgn.ai/sol/address/5dZQvx2q6JvaDMu3duPvwodnf4undhHcuFrWpat1agjS
3wDBpY1vSbzzGoZUo2613m52TmWMhPxsSU7XftsCaPUd,1,TIPTOE:early54,67.76,67.76,https://gmgn.ai/sol/address/3wDBpY1vSbzzGoZUo2613m52TmWMhPxsSU7XftsCaPUd
7JA3z8e3NYyBgr2j4TB39QxWzCJ2247UQHJwzZyn8En8,1,SIF:early59,65.43,65.43,https://gmgn.ai/sol/address/7JA3z8e3NYyBgr2j4TB39QxWzCJ2247UQHJwzZyn8En8
Fk1js5wXZLCASFBBRiSd7h872dvA7FieLpfSid12bCXr,1,CATGPT:early63,65.2,65.2,https://gmgn.ai/sol/address/Fk1js5wXZLCASFBBRiSd7h872dvA7FieLpfSid12bCXr
68QkMrCyVYVtdGPvZj6qqhobprGeCLyyGrJrgkXrDoxZ,1,TERMINAL:early17,64.68,64.68,https://gmgn.ai/sol/address/68QkMrCyVYVtdGPvZj6qqhobprGeCLyyGrJrgkXrDoxZ
CDkq9zJ8gtEWutZCHhkYd618wSbnxtM8Zv4HskMrj8JU,1,CATGPT:early18,64.3,64.3,https://gmgn.ai/sol/address/CDkq9zJ8gtEWutZCHhkYd618wSbnxtM8Zv4HskMrj8JU
HkCaPKwLXQwop6WXAXqh91R8aYwsf25n5VNpY4fMt72y,1,SIF:early16,62.48,62.48,https://gmgn.ai/sol/address/HkCaPKwLXQwop6WXAXqh91R8aYwsf25n5VNpY4fMt72y
7HPNt48xjVK1SSJKa42oN5oCrPiMZipJZE87ob8kCNoX,1,CATGPT:early48,62.25,62.25,https://gmgn.ai/sol/address/7HPNt48xjVK1SSJKa42oN5oCrPiMZipJZE87ob8kCNoX
E83AvoFVWPbVx6m5TvCQytifvBts7p1YF6f4bbNVoydU,1,AGENCY:early29,62.1,62.1,https://gmgn.ai/sol/address/E83AvoFVWPbVx6m5TvCQytifvBts7p1YF6f4bbNVoydU
CBmUr62XUaR8H26PAynB9TkzeZtuURSqYqTXmUfFNuzt,1,Reelpad:early44,60.47,60.47,https://gmgn.ai/sol/address/CBmUr62XUaR8H26PAynB9TkzeZtuURSqYqTXmUfFNuzt
Finr5rgQ4B4oZxAfjpA61Cpw77ZJG73FHv9X8mqdZiL6,1,TIPTOE:early43,60.34,60.34,https://gmgn.ai/sol/address/Finr5rgQ4B4oZxAfjpA61Cpw77ZJG73FHv9X8mqdZiL6
4yNsayG4UkEf8oxU5wjPgNnLScLwSWbxcQ32gFyuXN4f,1,ABU:top98,60.25,637.98,https://gmgn.ai/sol/address/4yNsayG4UkEf8oxU5wjPgNnLScLwSWbxcQ32gFyuXN4f
46Upn7JwmiyFJCRybjcavmLRZ5gQEhrvE2jWgaqxgK18,1,CATGPT:early96,59.4,59.4,https://gmgn.ai/sol/address/46Upn7JwmiyFJCRybjcavmLRZ5gQEhrvE2jWgaqxgK18
2hUrPiABeQQBJEYnhS1ARA7MAJN99TqqBP7Cc3uWTtfu,1,Reelpad:early29,58.57,58.57,https://gmgn.ai/sol/address/2hUrPiABeQQBJEYnhS1ARA7MAJN99TqqBP7Cc3uWTtfu
2MUeejSxwzAFFUk13zE2xxRNJhDHQdTTjUUftndAN6PT,1,SIF:top64,57.01,1015.18,https://gmgn.ai/sol/address/2MUeejSxwzAFFUk13zE2xxRNJhDHQdTTjUUftndAN6PT
D2ax7LUeKon7HGb16u7e7iTx7uzxcw7pPxBoRrCNTWWC,1,CATGPT:early58,56.53,56.53,https://gmgn.ai/sol/address/D2ax7LUeKon7HGb16u7e7iTx7uzxcw7pPxBoRrCNTWWC
2EHc2w1qfNgLWsHodXwEhfsDA5pkQBWrFPizJyr8Cad4,1,AGENCY:early13,56.36,56.36,https://gmgn.ai/sol/address/2EHc2w1qfNgLWsHodXwEhfsDA5pkQBWrFPizJyr8Cad4
4q5A5VPm18ggh3iay9gyAgsLRQua5dW6B5YJvvAomxna,1,SIF:early63,54.32,54.32,https://gmgn.ai/sol/address/4q5A5VPm18ggh3iay9gyAgsLRQua5dW6B5YJvvAomxna
AQdmrWxVph26KL4brdFscqyoZToLye7Buvw6zhfk9hWG,1,TIPTOE:early95,54.29,54.29,https://gmgn.ai/sol/address/AQdmrWxVph26KL4brdFscqyoZToLye7Buvw6zhfk9hWG
2hR452XW3b1Gm6xpjMmWo6ca9KscsbCPdw5YC3uQ543F,1,MICRO:early8,53.58,53.58,https://gmgn.ai/sol/address/2hR452XW3b1Gm6xpjMmWo6ca9KscsbCPdw5YC3uQ543F
ARwohmTZ3aFB4yWRKsd6DT7rBPgL9AaLXPxGz6QVbNpU,1,TERMINAL:early71,53.44,53.44,https://gmgn.ai/sol/address/ARwohmTZ3aFB4yWRKsd6DT7rBPgL9AaLXPxGz6QVbNpU
mg2pJZohrBPzMDwjCyRoxbo7JXayi4rJTnwDcPNaPME,1,SIF:early29,52.38,80.19,https://gmgn.ai/sol/address/mg2pJZohrBPzMDwjCyRoxbo7JXayi4rJTnwDcPNaPME
CNAR5sciTe4rydAvL2PEeRCxm8UyhxRpUvCGwNkckiyf,1,SIF:early25,51.08,423.49,https://gmgn.ai/sol/address/CNAR5sciTe4rydAvL2PEeRCxm8UyhxRpUvCGwNkckiyf
2pcL7kT6wK1Qh8Kp3HAkaDDQzhu4PHrnWmspqs1oqXmb,1,ABU:early4,50.73,50.73,https://gmgn.ai/sol/address/2pcL7kT6wK1Qh8Kp3HAkaDDQzhu4PHrnWmspqs1oqXmb
HFZewLn5q2BU3grQvRb6ZNWiiNCrEQNUorsFtkv1auw1,1,SIF:early53,50.29,50.29,https://gmgn.ai/sol/address/HFZewLn5q2BU3grQvRb6ZNWiiNCrEQNUorsFtkv1auw1
6ppXWg9aTMSkxTaDGLEcVmXJA6v3gyPE9iwKrT3cdxM4,1,AGENCY:early69,49.08,49.08,https://gmgn.ai/sol/address/6ppXWg9aTMSkxTaDGLEcVmXJA6v3gyPE9iwKrT3cdxM4
FVgmiVn15DYrqsdPYJSrdLXj5Cv9V2rFXziHT2NwETby,1,Reelpad:early56,48.97,48.97,https://gmgn.ai/sol/address/FVgmiVn15DYrqsdPYJSrdLXj5Cv9V2rFXziHT2NwETby
2iL1eDUWvAiyxdjkU8ZTR6CAF4xA2TsMPhAJcUeHV1Pw,1,AGENCY:early55,48.95,48.95,https://gmgn.ai/sol/address/2iL1eDUWvAiyxdjkU8ZTR6CAF4xA2TsMPhAJcUeHV1Pw
8jiqSr6KMCYaWBqzCWcg4QUnmK8LMaUgPWTLdBU2D4gH,1,Reelpad:early47,48.77,48.77,https://gmgn.ai/sol/address/8jiqSr6KMCYaWBqzCWcg4QUnmK8LMaUgPWTLdBU2D4gH
6Jvnqw91xCgHHoYHobrsa3rZYznyFUA8ng1v7G6ncoAL,1,CATGPT:early59,47.11,47.11,https://gmgn.ai/sol/address/6Jvnqw91xCgHHoYHobrsa3rZYznyFUA8ng1v7G6ncoAL
7j87rHWoMGc3c4ciBhzn4FXDwih1gzHCShzUXc6PHx8w,1,SIF:early43,46.72,46.72,https://gmgn.ai/sol/address/7j87rHWoMGc3c4ciBhzn4FXDwih1gzHCShzUXc6PHx8w
91wULyZopNPavFKX81izcgr3zumMAFYZvSvpjqhzihmX,1,CATGPT:early43,46.13,46.13,https://gmgn.ai/sol/address/91wULyZopNPavFKX81izcgr3zumMAFYZvSvpjqhzihmX
Cimru76wtHmHbnHWPrDYvt51UqNNnX9GaDGUK4aoinzX,1,CATGPT:early60,43.78,43.78,https://gmgn.ai/sol/address/Cimru76wtHmHbnHWPrDYvt51UqNNnX9GaDGUK4aoinzX
GYHzkgYny4KhcHw16TcRP8bwXKycomm21JvctSTqH9ri,1,Reelpad:early59,43.38,43.38,https://gmgn.ai/sol/address/GYHzkgYny4KhcHw16TcRP8bwXKycomm21JvctSTqH9ri
9Q69otKULpLrMXfGbs7fyuRdxD21CtfGVVxh9weo694m,1,Reelpad:early1,42.61,42.61,https://gmgn.ai/sol/address/9Q69otKULpLrMXfGbs7fyuRdxD21CtfGVVxh9weo694m
3TdtiYRGk5Cz5U4MoTeyV4HJwv24em35as7r4HiwgN3M,1,MICRO:early52,42.26,42.26,https://gmgn.ai/sol/address/3TdtiYRGk5Cz5U4MoTeyV4HJwv24em35as7r4HiwgN3M
7B8E7tMmkPe9WmA3fVUHcNFK5rRvfbkRNc9nn2RziWFT,1,TIPTOE:early89,41.46,41.46,https://gmgn.ai/sol/address/7B8E7tMmkPe9WmA3fVUHcNFK5rRvfbkRNc9nn2RziWFT
dsegg9CXSkMxMCzPz9YEYQ3PKrsonoAZoc5Sguk4BFn,1,DUVE:early33,40.1,40.1,https://gmgn.ai/sol/address/dsegg9CXSkMxMCzPz9YEYQ3PKrsonoAZoc5Sguk4BFn
914Rvrr5eyiHvbprRiXx98vSiiVRkqq9bQk65webNqLm,1,ABU:early98,39.24,39.24,https://gmgn.ai/sol/address/914Rvrr5eyiHvbprRiXx98vSiiVRkqq9bQk65webNqLm
He1bV7axBhCFhLAoJpZFYVwq6qKr2rkvUXTK2mQkwpZV,1,TIPTOE:early18,38.13,38.13,https://gmgn.ai/sol/address/He1bV7axBhCFhLAoJpZFYVwq6qKr2rkvUXTK2mQkwpZV
2QWqdM5hGD36a3JzpErojVCf4kjZbqKKajc9B3rNwjmh,1,ABU:early45,37.77,37.77,https://gmgn.ai/sol/address/2QWqdM5hGD36a3JzpErojVCf4kjZbqKKajc9B3rNwjmh
GjKjTmzuoAMdxmKHJpQp9PTJLNuvN1SBXAEARr4GEB1c,1,TIPTOE:early63,37.09,37.09,https://gmgn.ai/sol/address/GjKjTmzuoAMdxmKHJpQp9PTJLNuvN1SBXAEARr4GEB1c
7e3AGetTSTvDD8ADBxuPqq2fKpUeXaLpPQYHouoYJQpm,1,MICRO:early40,37.08,37.08,https://gmgn.ai/sol/address/7e3AGetTSTvDD8ADBxuPqq2fKpUeXaLpPQYHouoYJQpm
GQMtQKDTfKEoBcgMndWKSo3sY2yH3H2Bs4Tz8GKVuzbr,1,SIF:early15,35.94,35.94,https://gmgn.ai/sol/address/GQMtQKDTfKEoBcgMndWKSo3sY2yH3H2Bs4Tz8GKVuzbr
CYzXMtqJghnhaC3tNeypxRweuh4JkZqRqGP8MVs8HL85,1,CATGPT:early76,35.71,35.71,https://gmgn.ai/sol/address/CYzXMtqJghnhaC3tNeypxRweuh4JkZqRqGP8MVs8HL85
93z3ZDFqoJxTpTyxSKPLVXngDUNLawFFWfNfmtjvgrHc,1,SIF:early92,35.44,35.44,https://gmgn.ai/sol/address/93z3ZDFqoJxTpTyxSKPLVXngDUNLawFFWfNfmtjvgrHc
2Ld2J8XaM44iWS19yusxBg1tcsPPCyHptNVPpWP3CfqD,1,ABU:early80,34.77,34.77,https://gmgn.ai/sol/address/2Ld2J8XaM44iWS19yusxBg1tcsPPCyHptNVPpWP3CfqD
2Z8Qq6FsfvC3aEaTiBA2zn8di176MSTPuxajQqTHz4ZS,1,TERMINAL:early94,34.44,34.44,https://gmgn.ai/sol/address/2Z8Qq6FsfvC3aEaTiBA2zn8di176MSTPuxajQqTHz4ZS
BDtn2DDATxp6GAZet4N8W111UnGw3x6cPKEE5HsZTJpx,1,TIPTOE:early86,34.35,95.83,https://gmgn.ai/sol/address/BDtn2DDATxp6GAZet4N8W111UnGw3x6cPKEE5HsZTJpx
CqothkNHn5MxiUNbMEb6eM9iwkMd3LZQdDUK4m2GXSwj,1,AGENCY:early48,33.37,53942.81,https://gmgn.ai/sol/address/CqothkNHn5MxiUNbMEb6eM9iwkMd3LZQdDUK4m2GXSwj
31rbjsSxemqwu8KwrjrBLrxNfFiv8kyBArwv5mMtrXfP,1,Reelpad:early66,33.2,33.2,https://gmgn.ai/sol/address/31rbjsSxemqwu8KwrjrBLrxNfFiv8kyBArwv5mMtrXfP
Hu3gxAnaG56AUk7zHiVvttPpkB1Q7GgsnVCWuuf61b94,1,TERMINAL:early35,31.97,30.25,https://gmgn.ai/sol/address/Hu3gxAnaG56AUk7zHiVvttPpkB1Q7GgsnVCWuuf61b94
8q9vkzB8N8WDeLfwQ7Zw8N4kYbip31dNeCrk8xzFxKBq,1,TERMINAL:early95,31.24,31.24,https://gmgn.ai/sol/address/8q9vkzB8N8WDeLfwQ7Zw8N4kYbip31dNeCrk8xzFxKBq
3dQGieRNujYhVyXHvVGxqyRGbSnbJnoouW4zV9XKkkUN,1,Reelpad:early55,29.95,29.95,https://gmgn.ai/sol/address/3dQGieRNujYhVyXHvVGxqyRGbSnbJnoouW4zV9XKkkUN
3TZkRoVa8inezaasnMe7rWCPZJztT4P4EyD21ST4rSRg,1,AGENCY:early31,29.38,29.38,https://gmgn.ai/sol/address/3TZkRoVa8inezaasnMe7rWCPZJztT4P4EyD21ST4rSRg
8BFpk9ve8QWNugGa5Ec2uVoQF6bJQRsGKdSxwboFNGDi,1,SIF:early54,28.8,28.8,https://gmgn.ai/sol/address/8BFpk9ve8QWNugGa5Ec2uVoQF6bJQRsGKdSxwboFNGDi
AENtndeiK8uWfn8AXLPHreBguoiBGT32o4NniN7LvCLm,1,SIF:early46,28.48,28.48,https://gmgn.ai/sol/address/AENtndeiK8uWfn8AXLPHreBguoiBGT32o4NniN7LvCLm
BBBByrLHua2oYFKviRze4N9n7ay7FcXqy2NzQXfXYEMm,1,MICRO:early16,28.46,28.46,https://gmgn.ai/sol/address/BBBByrLHua2oYFKviRze4N9n7ay7FcXqy2NzQXfXYEMm
DfBhD6H1CcjKm5J9V2CAYmXqdQ2Nj1U9thqqPf9qkRUX,1,TERMINAL:early92,28.39,28.39,https://gmgn.ai/sol/address/DfBhD6H1CcjKm5J9V2CAYmXqdQ2Nj1U9thqqPf9qkRUX
8aMbq8GZyGv5QoujAosx6BDCBYi6cGg69fTUxo5F3Cca,1,Reelpad:early34,28.04,28.04,https://gmgn.ai/sol/address/8aMbq8GZyGv5QoujAosx6BDCBYi6cGg69fTUxo5F3Cca
5kMW2GuyLCHtxUj6tTzZmh8YQ81wyituKkPUsXXNkcE4,1,SIF:early76,27.99,27.99,https://gmgn.ai/sol/address/5kMW2GuyLCHtxUj6tTzZmh8YQ81wyituKkPUsXXNkcE4
Ceof7bUR3Nd1NHf3gSrX2WXN25kav7STDZEvaMeZZY5s,1,MICRO:early60,26.97,26.97,https://gmgn.ai/sol/address/Ceof7bUR3Nd1NHf3gSrX2WXN25kav7STDZEvaMeZZY5s
DL11CHBXbMMAfB3WEc1MaXqNBbVnWjuPVCzUjEwsPLv4,1,DUVE:early3,26.64,26.64,https://gmgn.ai/sol/address/DL11CHBXbMMAfB3WEc1MaXqNBbVnWjuPVCzUjEwsPLv4
DLdesdhCVmGBLFYJATy21MHEauGXvbpvziWeesDzGJkv,1,AGENCY:early60,26.63,26.63,https://gmgn.ai/sol/address/DLdesdhCVmGBLFYJATy21MHEauGXvbpvziWeesDzGJkv
24vHo5E26NYVTCdr9W8n6GoLrrBS7SzGRA92iAKzn3Af,1,ABU:early62,25.6,25.6,https://gmgn.ai/sol/address/24vHo5E26NYVTCdr9W8n6GoLrrBS7SzGRA92iAKzn3Af
3muXPnnDLxL1m4fXyKJCx9tA1W1RaqVERsgcxKHVWvbH,1,TERMINAL:early67,25.42,25.42,https://gmgn.ai/sol/address/3muXPnnDLxL1m4fXyKJCx9tA1W1RaqVERsgcxKHVWvbH
3Y6HbbMqN4qmXvybQjnMm2QGock1wLWLEW43YVkK5Uoi,1,ABU:early94,24.96,24.96,https://gmgn.ai/sol/address/3Y6HbbMqN4qmXvybQjnMm2QGock1wLWLEW43YVkK5Uoi
EKbcDKSD3fwPmi34auaZRTjupF9nKWVHa24et9hr8rLW,1,ABU:top88,24.86,737.93,https://gmgn.ai/sol/address/EKbcDKSD3fwPmi34auaZRTjupF9nKWVHa24et9hr8rLW
4nDJMtnz35oWDF4EZJ8bxEeuQAFsAit8kTMKsi9BtZ4s,1,Reelpad:early79,24.72,24.72,https://gmgn.ai/sol/address/4nDJMtnz35oWDF4EZJ8bxEeuQAFsAit8kTMKsi9BtZ4s
DDDD2zvzaPMLuZiC2Vos2i6TLFjJJ3bi1pN7kXQc3R5R,1,MICRO:early18,24.72,24.72,https://gmgn.ai/sol/address/DDDD2zvzaPMLuZiC2Vos2i6TLFjJJ3bi1pN7kXQc3R5R
BWN8ZtXPdNqGaMeHvwV2puRwTHHrkfLJfUXp2Q8BAJAz,1,MICRO:early36,23.74,23.74,https://gmgn.ai/sol/address/BWN8ZtXPdNqGaMeHvwV2puRwTHHrkfLJfUXp2Q8BAJAz
Yipsin6x2NHBpYZuVEdv5fNMxmqE45YccExkMYK95iN,1,SIF:early86,23.63,23.63,https://gmgn.ai/sol/address/Yipsin6x2NHBpYZuVEdv5fNMxmqE45YccExkMYK95iN
1411K8uz43Mp3bv5TShPX4PsZPD7iwidruzo4gLBNnBT,1,TIPTOE:early7,23.13,23.13,https://gmgn.ai/sol/address/1411K8uz43Mp3bv5TShPX4PsZPD7iwidruzo4gLBNnBT
E51DjyFSUen5ZWdAQ6jAvqNDPq1taFmeoxctNddQ7LU9,1,Reelpad:early87,23.0,23.0,https://gmgn.ai/sol/address/E51DjyFSUen5ZWdAQ6jAvqNDPq1taFmeoxctNddQ7LU9
CqiFdGzuWz7amaYfiypySmvrb8CowiYj8oBsTD327cpZ,1,SIF:early45,22.67,22.67,https://gmgn.ai/sol/address/CqiFdGzuWz7amaYfiypySmvrb8CowiYj8oBsTD327cpZ
AULJbju82VQMTwoL9taiLjDrjDehgf5mZxmfKCQdx6r8,1,SIF:early38,22.27,22.27,https://gmgn.ai/sol/address/AULJbju82VQMTwoL9taiLjDrjDehgf5mZxmfKCQdx6r8
7XtQ459wAuiHWF7yHkxV338L8A4zWHDgykYnpHhmMCS4,1,SIF:early30,22.13,22.13,https://gmgn.ai/sol/address/7XtQ459wAuiHWF7yHkxV338L8A4zWHDgykYnpHhmMCS4
F4FoYzbdeqJ8tkzS1mkjwP36M6SvxD2z8T3pEcY9d1YK,1,CATGPT:early55,22.05,22.05,https://gmgn.ai/sol/address/F4FoYzbdeqJ8tkzS1mkjwP36M6SvxD2z8T3pEcY9d1YK
77wS9zZHJ57AXR2QvkX8Fu8iqUPBbYvUnJ2irb36QyTG,1,ABU:early17,21.81,21.81,https://gmgn.ai/sol/address/77wS9zZHJ57AXR2QvkX8Fu8iqUPBbYvUnJ2irb36QyTG
BUpH19kf66LTkccpod5nwqesdpF6X5z8g3FvBqrcrjTB,1,CATGPT:early24,21.68,38.98,https://gmgn.ai/sol/address/BUpH19kf66LTkccpod5nwqesdpF6X5z8g3FvBqrcrjTB
3tSLgVMQgRNnzqjdCZNB2KiweYe65DD3Htz6dQEx1a98,1,SIF:early10,21.33,21.33,https://gmgn.ai/sol/address/3tSLgVMQgRNnzqjdCZNB2KiweYe65DD3Htz6dQEx1a98
DJdQGg3bvvwRMx8Kt4uTxD14iwonf1HcPT2tLzgsmgn7,1,MICRO:early53,21.18,21.18,https://gmgn.ai/sol/address/DJdQGg3bvvwRMx8Kt4uTxD14iwonf1HcPT2tLzgsmgn7
D5sMpXpcYVC8DSSdaUGNpcKv694v8k9BghKhT3j5R3Qp,1,TIPTOE:early1,20.97,20.97,https://gmgn.ai/sol/address/D5sMpXpcYVC8DSSdaUGNpcKv694v8k9BghKhT3j5R3Qp
Fm5CWGZ871HDnGvGY7HH6DdtbvcCyADNQiFBfWpWBRG4,1,CATGPT:early51,19.8,19.8,https://gmgn.ai/sol/address/Fm5CWGZ871HDnGvGY7HH6DdtbvcCyADNQiFBfWpWBRG4
AeGPvH12ntzcQ6co89MTDahVTDLACTZUcXjfUT7wG45v,1,SIF:early52,19.11,19.11,https://gmgn.ai/sol/address/AeGPvH12ntzcQ6co89MTDahVTDLACTZUcXjfUT7wG45v
4Ep39bmf1k4A8rSejhMqkifUf8e874mLERfrTUNcTnzA,1,TIPTOE:early35,19.06,19.06,https://gmgn.ai/sol/address/4Ep39bmf1k4A8rSejhMqkifUf8e874mLERfrTUNcTnzA
FFFargve5zcvZJLXaE3HxAwNtjYnX8dvZy7RhmYRkgj2,1,Reelpad:early82,18.83,18.83,https://gmgn.ai/sol/address/FFFargve5zcvZJLXaE3HxAwNtjYnX8dvZy7RhmYRkgj2
9XyZ2xR58XFcBxh2fPYAmnHsc71Kv12YhVF9Luhffync,1,ABU:early77,17.83,17.83,https://gmgn.ai/sol/address/9XyZ2xR58XFcBxh2fPYAmnHsc71Kv12YhVF9Luhffync
8Wj1JoryvHB9ahqdQnuYbhZdGYQiXhjJt5QWPFktXa8b,1,AGENCY:early74,17.59,17.59,https://gmgn.ai/sol/address/8Wj1JoryvHB9ahqdQnuYbhZdGYQiXhjJt5QWPFktXa8b
6cMpYUirZdgxMgWknzt4YtdvfuqgRYRoQLSRnQh1MNK1,1,MICRO:early57,17.34,17.34,https://gmgn.ai/sol/address/6cMpYUirZdgxMgWknzt4YtdvfuqgRYRoQLSRnQh1MNK1
G928RVjwxp3xenLAvamyirbcQajRV15f4w2MdSTaJnx5,1,SIF:early37,16.65,16.65,https://gmgn.ai/sol/address/G928RVjwxp3xenLAvamyirbcQajRV15f4w2MdSTaJnx5
BV66b15pZ8vUJV86MVopcDW5uY26mnvnkFnQ8XyUpiHv,1,CATGPT:early21,15.81,15.81,https://gmgn.ai/sol/address/BV66b15pZ8vUJV86MVopcDW5uY26mnvnkFnQ8XyUpiHv
7sHtg3EDFqmebA9cPQ6MSDp7ebbwzQyTDkXhkFJLuXGA,1,SIF:early99,15.76,15.76,https://gmgn.ai/sol/address/7sHtg3EDFqmebA9cPQ6MSDp7ebbwzQyTDkXhkFJLuXGA
E72C7u1yqbm7NZao2PswSK6CGE6FBosXFDcNHDb7nTUY,1,SIF:early87,15.5,15.5,https://gmgn.ai/sol/address/E72C7u1yqbm7NZao2PswSK6CGE6FBosXFDcNHDb7nTUY
H9goiZ7dahdunwerDQL4q9UdcPMgC2UVjje9okpfk4tZ,1,TERMINAL:early74,15.28,15.28,https://gmgn.ai/sol/address/H9goiZ7dahdunwerDQL4q9UdcPMgC2UVjje9okpfk4tZ
J58moqEUmYqStYaud87Zx9crNo3jBy2RZkJse2kUqP3c,1,SIF:early35,15.22,15.22,https://gmgn.ai/sol/address/J58moqEUmYqStYaud87Zx9crNo3jBy2RZkJse2kUqP3c
Du82T7Br9jcnuTmJkkXuXCQCynWT7tS3vVWyMtURTQEL,1,AGENCY:early83,14.93,14.93,https://gmgn.ai/sol/address/Du82T7Br9jcnuTmJkkXuXCQCynWT7tS3vVWyMtURTQEL
HksksBw4zfKnh7pW6VAeYsdMRSSABUf3waQbnM4iFnvv,1,MICRO:early100,14.64,14.64,https://gmgn.ai/sol/address/HksksBw4zfKnh7pW6VAeYsdMRSSABUf3waQbnM4iFnvv
6iDTRg5Jfj3YC77XiiZjGjwkpvPvKuFUgphUEd5GgsJH,1,Reelpad:early20,14.33,14.33,https://gmgn.ai/sol/address/6iDTRg5Jfj3YC77XiiZjGjwkpvPvKuFUgphUEd5GgsJH
6YC4BiqyxYku1g6VE33Me2b8ZuXdcArkt1RAYsLz6erL,1,DUVE:early8,14.33,14.33,https://gmgn.ai/sol/address/6YC4BiqyxYku1g6VE33Me2b8ZuXdcArkt1RAYsLz6erL
CYPtPvvggb8jguVYvvSe1BmWPFaCjM5hDVV4GMnxBMZw,1,MICRO:early19,14.18,14.18,https://gmgn.ai/sol/address/CYPtPvvggb8jguVYvvSe1BmWPFaCjM5hDVV4GMnxBMZw
GFHEoi2Ku3qdvZqyGTGGjtdPefruXpMmozydNJDpRQeU,1,AGENCY:early56,14.17,14.17,https://gmgn.ai/sol/address/GFHEoi2Ku3qdvZqyGTGGjtdPefruXpMmozydNJDpRQeU
5F5cB7mTgy1rqvP1yw1PPNAyBnbFPUcZdMQqnpBHooC4,1,TIPTOE:early85,14.04,14.04,https://gmgn.ai/sol/address/5F5cB7mTgy1rqvP1yw1PPNAyBnbFPUcZdMQqnpBHooC4
AU3sGcAEmZT3yLde5AqrSuWfcEzPEwobpsRt8rij91gd,1,AGENCY:early89,13.93,13.93,https://gmgn.ai/sol/address/AU3sGcAEmZT3yLde5AqrSuWfcEzPEwobpsRt8rij91gd
CATSquzhQJ4zuFUh5wJxkfyQjGsVCir1kK2aXxMADF2a,1,Reelpad:early88,13.9,13.9,https://gmgn.ai/sol/address/CATSquzhQJ4zuFUh5wJxkfyQjGsVCir1kK2aXxMADF2a
7HwyrQcXd6wStFdaDxAtqToTRqFodDtsLTzLRfdKhmHL,1,TERMINAL:early82,13.88,13.88,https://gmgn.ai/sol/address/7HwyrQcXd6wStFdaDxAtqToTRqFodDtsLTzLRfdKhmHL
ECyFcxXeFKm4WCMNMcuLDfMAZQW5XLre12bzMmi2L8Bk,1,MICRO:early89,13.77,13.77,https://gmgn.ai/sol/address/ECyFcxXeFKm4WCMNMcuLDfMAZQW5XLre12bzMmi2L8Bk
FnGxGqayxB2VDnu5g98vKXDPiTeey4pGDcMvQGdJ8LJq,1,TIPTOE:early64,13.64,13.64,https://gmgn.ai/sol/address/FnGxGqayxB2VDnu5g98vKXDPiTeey4pGDcMvQGdJ8LJq
537P6LQbqLvfEBcoMgc7d9w5mh9FZeR1voTP5ZTNPY67,1,CATGPT:early52,13.43,13.43,https://gmgn.ai/sol/address/537P6LQbqLvfEBcoMgc7d9w5mh9FZeR1voTP5ZTNPY67
GpFgPBsbCJ2g9ZQXBK86py6ap6jATMeV9LdUoi2PAUYD,1,TERMINAL:early98,13.36,13.36,https://gmgn.ai/sol/address/GpFgPBsbCJ2g9ZQXBK86py6ap6jATMeV9LdUoi2PAUYD
4xd3Y2qvX43wwfLupdQVsE5ZTpnhXmpn8Dmf4Hufkj9n,1,AGENCY:early91,13.0,13.0,https://gmgn.ai/sol/address/4xd3Y2qvX43wwfLupdQVsE5ZTpnhXmpn8Dmf4Hufkj9n
DbUg4Z5UdDBXgbDiyKT3R3Pj3RTiiPWfqLBxDK6PE8pF,1,SIF:early51,12.93,12.93,https://gmgn.ai/sol/address/DbUg4Z5UdDBXgbDiyKT3R3Pj3RTiiPWfqLBxDK6PE8pF
EXz89ZCThWpFNEqcQyWtKD4qq3YZvzMivk2nb5zC9xUw,1,MICRO:early80,12.92,12.92,https://gmgn.ai/sol/address/EXz89ZCThWpFNEqcQyWtKD4qq3YZvzMivk2nb5zC9xUw
G3gKCu8XkjXK3zT1CEzFCsBjbuVwXa9pkjmTH5TK34uQ,1,AGENCY:early58,12.56,12.56,https://gmgn.ai/sol/address/G3gKCu8XkjXK3zT1CEzFCsBjbuVwXa9pkjmTH5TK34uQ
3BCfpXrtYCSzMg5UMMHWET5KXTRjwNnobi1oznnbPrs7,1,ABU:early92,12.31,12.31,https://gmgn.ai/sol/address/3BCfpXrtYCSzMg5UMMHWET5KXTRjwNnobi1oznnbPrs7
A2AUbaACDTAHBDVSvE3JY1Uak4Y8EXVu2YWWtSVmHspb,1,MICRO:early38,12.11,12.11,https://gmgn.ai/sol/address/A2AUbaACDTAHBDVSvE3JY1Uak4Y8EXVu2YWWtSVmHspb
2kXKfoZwGoqZkucpdfkZs4xo2tgsJK1R2xwdjsjAaHV6,1,SIF:early28,11.4,11.4,https://gmgn.ai/sol/address/2kXKfoZwGoqZkucpdfkZs4xo2tgsJK1R2xwdjsjAaHV6
8fStGV461vNqwhmQkvYvTFEYkxT4dKqNsyepgtFFDcud,1,TIPTOE:early55,10.88,10.88,https://gmgn.ai/sol/address/8fStGV461vNqwhmQkvYvTFEYkxT4dKqNsyepgtFFDcud
5vLWhTBcvXXPvzmAjGXjjbawAEbsrMTJAuvSXAA5ePbG,1,TIPTOE:early27,10.85,10.85,https://gmgn.ai/sol/address/5vLWhTBcvXXPvzmAjGXjjbawAEbsrMTJAuvSXAA5ePbG
GqTnx1YEhcv1oijH7HUAFUNHZsW6aqQfNFUGt38KY9L5,1,Reelpad:early98,10.69,10.69,https://gmgn.ai/sol/address/GqTnx1YEhcv1oijH7HUAFUNHZsW6aqQfNFUGt38KY9L5
oss8BaCSYnguPj3DBYKMn9GYpi2k8puh49JhVUPub6W,1,MICRO:early39,10.61,10.61,https://gmgn.ai/sol/address/oss8BaCSYnguPj3DBYKMn9GYpi2k8puh49JhVUPub6W
A4BzUv3tkdPpGzL8NPjd3SAt8QANEvAmavEP6ySNbAqy,1,Reelpad:early99,10.56,10.56,https://gmgn.ai/sol/address/A4BzUv3tkdPpGzL8NPjd3SAt8QANEvAmavEP6ySNbAqy
7joekvHb87cHXYMjLbfHRprihZakkVLRxijGRbpVA5wU,1,TIPTOE:early22,10.4,10.4,https://gmgn.ai/sol/address/7joekvHb87cHXYMjLbfHRprihZakkVLRxijGRbpVA5wU
5PiZrsgx8dSkhtPmhuwXuGPxv33y5NJU6PuVX62MEkGC,1,AGENCY:early30,9.94,9.94,https://gmgn.ai/sol/address/5PiZrsgx8dSkhtPmhuwXuGPxv33y5NJU6PuVX62MEkGC
53DnQU1dJZNHfKBpv2Lhsd4EBGNpwsF4tS13Egc1m6Tv,1,DUVE:early6,9.91,9.91,https://gmgn.ai/sol/address/53DnQU1dJZNHfKBpv2Lhsd4EBGNpwsF4tS13Egc1m6Tv
9WNH8y7ofSiZVFgNWFuPRNYJtqpDdDzEvsmEzGxayNUo,1,CATGPT:early66,9.79,9.79,https://gmgn.ai/sol/address/9WNH8y7ofSiZVFgNWFuPRNYJtqpDdDzEvsmEzGxayNUo
FkRiUyWjcAm2rrqkEco2dPGgCVrHuZ42WyhoAmc3WdD,1,Reelpad:early37,9.27,9.27,https://gmgn.ai/sol/address/FkRiUyWjcAm2rrqkEco2dPGgCVrHuZ42WyhoAmc3WdD
TstAgjJGTbbVbpSFqE1inHaQqnSWiw4JHNzDaedFUqY,1,TERMINAL:early96,9.15,9.15,https://gmgn.ai/sol/address/TstAgjJGTbbVbpSFqE1inHaQqnSWiw4JHNzDaedFUqY
9h4ZhNbYMYdBwkMEMgphcn4jz3ugmksjXUJvwPQvG3d4,1,AGENCY:early3,9.02,9.02,https://gmgn.ai/sol/address/9h4ZhNbYMYdBwkMEMgphcn4jz3ugmksjXUJvwPQvG3d4
GAsf9wyyVd3kdihTdgk2kwog8qe7yN4oJMZSXLvxzWsU,1,MICRO:early81,8.97,9.76,https://gmgn.ai/sol/address/GAsf9wyyVd3kdihTdgk2kwog8qe7yN4oJMZSXLvxzWsU
9KNSLQjoMKh2JEe59uVG6cT44KedvJ3BkBhndGC2NWRi,1,CATGPT:early79,8.9,8.9,https://gmgn.ai/sol/address/9KNSLQjoMKh2JEe59uVG6cT44KedvJ3BkBhndGC2NWRi
B2RXaQ7cbopmK89bkcCAKnz3ebbgE8tAa4Xw57Z8o9tS,1,MICRO:early35,8.76,8.76,https://gmgn.ai/sol/address/B2RXaQ7cbopmK89bkcCAKnz3ebbgE8tAa4Xw57Z8o9tS
5cm8Hamf1XL5seRGgDCatPJTZQjpmKEDibjeRtWo8qwN,1,TERMINAL:early2,8.45,8.45,https://gmgn.ai/sol/address/5cm8Hamf1XL5seRGgDCatPJTZQjpmKEDibjeRtWo8qwN
HX29pYSb7BKaPfEk3HDmmuHwikmQrnCg33uEhezVzQMm,1,TERMINAL:early43,8.36,8.36,https://gmgn.ai/sol/address/HX29pYSb7BKaPfEk3HDmmuHwikmQrnCg33uEhezVzQMm
BHVZfUYNFUomz8mWxFBcPrRyLUmraoPqbfsQSp4mn9Ej,1,AGENCY:early53,8.32,8.32,https://gmgn.ai/sol/address/BHVZfUYNFUomz8mWxFBcPrRyLUmraoPqbfsQSp4mn9Ej
2qhpUBWLcsQ7JfZbrmdScfcuFb931b4kFrqKNYfKtcVv,1,Reelpad:early30,7.7,7.7,https://gmgn.ai/sol/address/2qhpUBWLcsQ7JfZbrmdScfcuFb931b4kFrqKNYfKtcVv
2FdJD3EVx4yv13157M9awWTxiU1ShtMMbwNZhyD3UySs,1,TIPTOE:early32,7.64,7.64,https://gmgn.ai/sol/address/2FdJD3EVx4yv13157M9awWTxiU1ShtMMbwNZhyD3UySs
8niXXbwUoLk78HGvz21iSHtAqZCxY4qJ1fw4HyYBVNT,1,Reelpad:early80,7.48,7.48,https://gmgn.ai/sol/address/8niXXbwUoLk78HGvz21iSHtAqZCxY4qJ1fw4HyYBVNT
2MpoGFWBfnkMn6pa9q2zus3uTTaMwMA9QHdZnZGow5wQ,1,Reelpad:early60,7.43,7.43,https://gmgn.ai/sol/address/2MpoGFWBfnkMn6pa9q2zus3uTTaMwMA9QHdZnZGow5wQ
HbVrrWLBQmwspBrXU6Urof1VcX6L5ry9X51WbNFeMiRx,1,TERMINAL:early29,7.36,7.36,https://gmgn.ai/sol/address/HbVrrWLBQmwspBrXU6Urof1VcX6L5ry9X51WbNFeMiRx
2z7JzqiuSLGE9iaCiACpDz4sM134mBnmex16MYrkkpRg,1,Reelpad:early94,7.31,7.31,https://gmgn.ai/sol/address/2z7JzqiuSLGE9iaCiACpDz4sM134mBnmex16MYrkkpRg
3PPcSduPGrffHnBW7TCU3sk8gcm1EeHNuXMstiB3Ebqj,1,TERMINAL:early20,7.11,7.11,https://gmgn.ai/sol/address/3PPcSduPGrffHnBW7TCU3sk8gcm1EeHNuXMstiB3Ebqj
2dYeJ1aoHrzy6XodKFpuUdbMfb2suz2TwTGrBBcKZhXu,1,SIF:early64,7.06,7.06,https://gmgn.ai/sol/address/2dYeJ1aoHrzy6XodKFpuUdbMfb2suz2TwTGrBBcKZhXu
DDga9aQqwZPLssUzKWF4N5nyzLit8hj7y1N7k5e6xuGG,1,SIF:early9,6.97,6.97,https://gmgn.ai/sol/address/DDga9aQqwZPLssUzKWF4N5nyzLit8hj7y1N7k5e6xuGG
3wuJpdpqdFoiYiiomC2LvKtzctN7mheSoAZGzoNgHSfj,1,SIF:early41,6.89,6.89,https://gmgn.ai/sol/address/3wuJpdpqdFoiYiiomC2LvKtzctN7mheSoAZGzoNgHSfj
EkfSWDLENqpv5BRsy8vNeq9LmhRdTjpARBR7Ts7X7mcQ,1,SIF:early62,6.87,6.87,https://gmgn.ai/sol/address/EkfSWDLENqpv5BRsy8vNeq9LmhRdTjpARBR7Ts7X7mcQ
89QLejq7EzMoSdM6aGFJxvL6NQ6Jk4e4aZYpNteRxBCs,1,TIPTOE:early41,6.59,6.59,https://gmgn.ai/sol/address/89QLejq7EzMoSdM6aGFJxvL6NQ6Jk4e4aZYpNteRxBCs
HwLUyAPykbPgkotArMazDsNUn7uMyCSBMjm3drDHSBfw,1,CATGPT:early38,6.58,6.58,https://gmgn.ai/sol/address/HwLUyAPykbPgkotArMazDsNUn7uMyCSBMjm3drDHSBfw
7BHiUXijAC6mAntwuJSmkksyu9BD6Zk3wkr4gvCKMtgX,1,CATGPT:early37,6.49,6.49,https://gmgn.ai/sol/address/7BHiUXijAC6mAntwuJSmkksyu9BD6Zk3wkr4gvCKMtgX
Dnk6cWwBvJSwyRA8m6YHUFg9e18Lx3aCWU2yfDgNybgg,1,ABU:early13,6.45,6.45,https://gmgn.ai/sol/address/Dnk6cWwBvJSwyRA8m6YHUFg9e18Lx3aCWU2yfDgNybgg
97jv9pjCf5D7VUZEyj6XnXBC5JF23Vsagc3bvSF6GRmL,1,TERMINAL:early6,6.39,6.39,https://gmgn.ai/sol/address/97jv9pjCf5D7VUZEyj6XnXBC5JF23Vsagc3bvSF6GRmL
sagiiWi9RADqXxHtEwTjFxQNA7CeFyDtgu9iWj3zAPH,1,Reelpad:early7,5.94,5.94,https://gmgn.ai/sol/address/sagiiWi9RADqXxHtEwTjFxQNA7CeFyDtgu9iWj3zAPH
DhRSasQVac7sxPD2SrggThEoQDH25BVYM4yaMASQweZm,1,MICRO:early58,5.93,5.93,https://gmgn.ai/sol/address/DhRSasQVac7sxPD2SrggThEoQDH25BVYM4yaMASQweZm
7GVQmoLUPZczTf4woZwbV9Er75jUQqQ4YqQ39NX4ah1N,1,CATGPT:early90,5.92,5.92,https://gmgn.ai/sol/address/7GVQmoLUPZczTf4woZwbV9Er75jUQqQ4YqQ39NX4ah1N
5gNe6tJRCTboCqHYdqHTNsFk2mtQQP4EKrBZQE9apv5i,1,AGENCY:early65,5.78,5.78,https://gmgn.ai/sol/address/5gNe6tJRCTboCqHYdqHTNsFk2mtQQP4EKrBZQE9apv5i
J9XNxVdkKXRWfnunc6PfrX6bSq8Hd2YZN6DnWgchNbfw,1,SIF:early47,5.61,5.61,https://gmgn.ai/sol/address/J9XNxVdkKXRWfnunc6PfrX6bSq8Hd2YZN6DnWgchNbfw
4nSJeMq7z7RgVVs4Xr6b6pwvjtbMh7eZpAzVX9eRbU7a,1,CATGPT:early68,5.43,5.43,https://gmgn.ai/sol/address/4nSJeMq7z7RgVVs4Xr6b6pwvjtbMh7eZpAzVX9eRbU7a
DQDXzPu3Sh9tpYQgDKboZKfFvw7HBnaur6p6Eo7FrJ1u,1,CATGPT:early57,5.36,5.36,https://gmgn.ai/sol/address/DQDXzPu3Sh9tpYQgDKboZKfFvw7HBnaur6p6Eo7FrJ1u
HH33rmAmvvZdHKHgRgh9GHAieA7Fmihp7ckZ2KewRVaz,1,DUVE:early20,5.35,5.35,https://gmgn.ai/sol/address/HH33rmAmvvZdHKHgRgh9GHAieA7Fmihp7ckZ2KewRVaz
A7caPxQ1oTZWeXaGQDXb1AFRfp7eZ5qFgjS1pCEXyuPv,1,CATGPT:early87,5.14,5.14,https://gmgn.ai/sol/address/A7caPxQ1oTZWeXaGQDXb1AFRfp7eZ5qFgjS1pCEXyuPv
2nGVHFw7Eya59GLCGbGgQKpkHFsbpXCPyArjCCNUvfWs,1,Reelpad:early25,5.13,5.13,https://gmgn.ai/sol/address/2nGVHFw7Eya59GLCGbGgQKpkHFsbpXCPyArjCCNUvfWs
D4xxjPAKhShxU2y52h3M4RUnTDwFftcDVPDAohf6UWYT,1,SIF:early39,5.08,5.08,https://gmgn.ai/sol/address/D4xxjPAKhShxU2y52h3M4RUnTDwFftcDVPDAohf6UWYT
d4uZpXsNtK7TR9BjysQPdkjMPVftoDS1DguZnBDfk3E,1,CATGPT:early8,4.99,4.99,https://gmgn.ai/sol/address/d4uZpXsNtK7TR9BjysQPdkjMPVftoDS1DguZnBDfk3E
2yWo7rR8z7aqUBDurGLHeppWujJNaW7xEe6LVch85qEp,1,CATGPT:early95,4.97,4.97,https://gmgn.ai/sol/address/2yWo7rR8z7aqUBDurGLHeppWujJNaW7xEe6LVch85qEp
FxnkHJyW5znfmW5Wj7PTYKY5wedBf8kVVeqVdTeMvggF,1,ABU:early46,4.9,4.9,https://gmgn.ai/sol/address/FxnkHJyW5znfmW5Wj7PTYKY5wedBf8kVVeqVdTeMvggF
3xoqqCpqVnHZg2ShTtyAjq8Uu8DoMkDigoKE1JKM8onJ,1,DUVE:early69,4.83,4.83,https://gmgn.ai/sol/address/3xoqqCpqVnHZg2ShTtyAjq8Uu8DoMkDigoKE1JKM8onJ
8GSDbEhMy3LbuLnqyb1ehQr1wwX3yiMN5pL98NnEM32a,1,DUVE:early37,4.75,4.75,https://gmgn.ai/sol/address/8GSDbEhMy3LbuLnqyb1ehQr1wwX3yiMN5pL98NnEM32a
4HWwgAKnDCdthpUNbPWWrbRYF88DWEdYGvT4KKyYVHAT,1,SIF:early88,4.73,4.73,https://gmgn.ai/sol/address/4HWwgAKnDCdthpUNbPWWrbRYF88DWEdYGvT4KKyYVHAT
B2utpxLwUFRhzKMBe1cnsHraas4jiLzcj3ZhJVWvytY7,1,MICRO:early12,4.72,4.72,https://gmgn.ai/sol/address/B2utpxLwUFRhzKMBe1cnsHraas4jiLzcj3ZhJVWvytY7
F2irstm6r9BRM6u8nKdm8b25HZjypPb8mZbc2Z2xwzPm,1,TIPTOE:early37,4.57,4.57,https://gmgn.ai/sol/address/F2irstm6r9BRM6u8nKdm8b25HZjypPb8mZbc2Z2xwzPm
Gh4g1kyni2JGXEEMSwPdPRiKyF5D4aS4VGDgk73Euw4o,1,TIPTOE:early57,4.52,4.52,https://gmgn.ai/sol/address/Gh4g1kyni2JGXEEMSwPdPRiKyF5D4aS4VGDgk73Euw4o
5WSGi1Z5H3BS4uPwBFCt2g1E9bvbxG1Jbi7bsP5Jr3wz,1,TIPTOE:early59,4.49,4.49,https://gmgn.ai/sol/address/5WSGi1Z5H3BS4uPwBFCt2g1E9bvbxG1Jbi7bsP5Jr3wz
A5dhUPy3uJbVdFWNVdsUDp7tvK81NwkFbs6Jk2Rx4cHw,1,MICRO:early98,4.37,4.37,https://gmgn.ai/sol/address/A5dhUPy3uJbVdFWNVdsUDp7tvK81NwkFbs6Jk2Rx4cHw
2mRNRi7HsfhionmoEhAbg2kqruJZJsi5pXnCwLeNyqow,1,TERMINAL:early80,4.36,4.36,https://gmgn.ai/sol/address/2mRNRi7HsfhionmoEhAbg2kqruJZJsi5pXnCwLeNyqow
4hEe2c742fEGhpp3Pk1mFfGfwteKBgHfCbyPN5wTPwvC,1,TERMINAL:early63,4.24,4.24,https://gmgn.ai/sol/address/4hEe2c742fEGhpp3Pk1mFfGfwteKBgHfCbyPN5wTPwvC
4L818KaDRGQQXov9Z4ov26y9bSspZctFTEr8SdjXAnL8,1,MICRO:early75,4.19,4.19,https://gmgn.ai/sol/address/4L818KaDRGQQXov9Z4ov26y9bSspZctFTEr8SdjXAnL8
599K7K7294bTerTebDB5VJvLU4VtAf7T42Zvdi2iMPVg,1,SIF:early78,3.84,3.84,https://gmgn.ai/sol/address/599K7K7294bTerTebDB5VJvLU4VtAf7T42Zvdi2iMPVg
Da1Erpm3FoS2f3Sto7FfVVnd8S2acvQyxY52VDmpH2iQ,1,Reelpad:early84,3.79,3.79,https://gmgn.ai/sol/address/Da1Erpm3FoS2f3Sto7FfVVnd8S2acvQyxY52VDmpH2iQ
C5CWoRNQCTUYfnaQLdXtRDCPcvSiHNiwgR6Egwn1mCXy,1,TERMINAL:early58,3.77,3.77,https://gmgn.ai/sol/address/C5CWoRNQCTUYfnaQLdXtRDCPcvSiHNiwgR6Egwn1mCXy
cGbAe7KbYtpQpS2cDjA68A9ZPUeG1Tg6jraoVwLbK5j,1,CATGPT:early89,3.53,3.53,https://gmgn.ai/sol/address/cGbAe7KbYtpQpS2cDjA68A9ZPUeG1Tg6jraoVwLbK5j
8ptvshQRZPRaRQBSCRxhHwbJFr6ktyUQ1SATDCLijkBW,1,DUVE:early4,3.5,3.5,https://gmgn.ai/sol/address/8ptvshQRZPRaRQBSCRxhHwbJFr6ktyUQ1SATDCLijkBW
FirDbp9P9AVDrXJXda4jLmxqtFuHHkXWj8EvTn14m5SC,1,SIF:early67,3.27,3.27,https://gmgn.ai/sol/address/FirDbp9P9AVDrXJXda4jLmxqtFuHHkXWj8EvTn14m5SC
GBRTiNiiRexYESkgfadjrQEwiKdx8SkzThojCQYT4u5i,1,ABU:early12,3.03,3.03,https://gmgn.ai/sol/address/GBRTiNiiRexYESkgfadjrQEwiKdx8SkzThojCQYT4u5i
2n7xnKrKxioeegS9A317SSkeDpipFDNhYCRE8bgyFrpK,1,AGENCY:early73,3.0,3.0,https://gmgn.ai/sol/address/2n7xnKrKxioeegS9A317SSkeDpipFDNhYCRE8bgyFrpK
8fXqYCGQ4j6JVDbcnfMKc3SSAGbdTrNGMdd5bvvFmooc,1,TIPTOE:early58,2.86,2.86,https://gmgn.ai/sol/address/8fXqYCGQ4j6JVDbcnfMKc3SSAGbdTrNGMdd5bvvFmooc
FdZKacLuipW2WYMDd1pFxup2c8qQa167kkaXP3peJxSr,1,TERMINAL:early16,2.83,2.83,https://gmgn.ai/sol/address/FdZKacLuipW2WYMDd1pFxup2c8qQa167kkaXP3peJxSr
26x4UGNyPWUCdkznm3YQ4WYouvxE3ZcHP6WjWx5bLiFw,1,Reelpad:early38,2.81,2.81,https://gmgn.ai/sol/address/26x4UGNyPWUCdkznm3YQ4WYouvxE3ZcHP6WjWx5bLiFw
FJWpe1TUBVEAXvFTsh53QYGaGxaWUCnu18WAw1ddKQto,1,SIF:early80,2.6,2.6,https://gmgn.ai/sol/address/FJWpe1TUBVEAXvFTsh53QYGaGxaWUCnu18WAw1ddKQto
B5aVNy88ZZ3bfRkfRhfCbx34CZJ9jJ7tfxnKssJUFdcN,1,MICRO:early23,2.5,2.5,https://gmgn.ai/sol/address/B5aVNy88ZZ3bfRkfRhfCbx34CZJ9jJ7tfxnKssJUFdcN
CQKjucRSme9YmuhSm7o1eS7hiKNNZYoFb5hjsu4BAtQG,1,SIF:early24,2.44,2.44,https://gmgn.ai/sol/address/CQKjucRSme9YmuhSm7o1eS7hiKNNZYoFb5hjsu4BAtQG
3aq2SD8bwmY4swExMNjQHxvBkuLgTiy4q5agW4zibRz5,1,CATGPT:early45,2.39,2.39,https://gmgn.ai/sol/address/3aq2SD8bwmY4swExMNjQHxvBkuLgTiy4q5agW4zibRz5
6gzhX4M9Si9EaiX7R8vsfoNFFJad2i9ZnrunyRbE2FmQ,1,SIF:early89,2.29,2.29,https://gmgn.ai/sol/address/6gzhX4M9Si9EaiX7R8vsfoNFFJad2i9ZnrunyRbE2FmQ
51NJ5HMWM1f4s3JDkcoLSRoHz8DmnYREV9zSFZcXhjGS,1,CATGPT:early74,2.21,2.21,https://gmgn.ai/sol/address/51NJ5HMWM1f4s3JDkcoLSRoHz8DmnYREV9zSFZcXhjGS
G9sQPg9Eimkwe72w1xH1tPUc9RFNuK6Ufw5AyWy6j7ob,1,DUVE:early5,2.14,2.14,https://gmgn.ai/sol/address/G9sQPg9Eimkwe72w1xH1tPUc9RFNuK6Ufw5AyWy6j7ob
8eftoRDpRcjkrT6VZ1HPSB1mJfE9SdgkNKqid58F5XKi,1,Reelpad:early8,2.12,2.12,https://gmgn.ai/sol/address/8eftoRDpRcjkrT6VZ1HPSB1mJfE9SdgkNKqid58F5XKi
DoaXqAUxKzQdDbrHxZ9QweyMawqvG4WxnxB3kaAayWi,1,DUVE:early40,2.1,2.1,https://gmgn.ai/sol/address/DoaXqAUxKzQdDbrHxZ9QweyMawqvG4WxnxB3kaAayWi
9n8rq1N9iaqKj1FZzWigibJrSDe5BgetuEPwJptwikKT,1,MICRO:early85,2.03,2.03,https://gmgn.ai/sol/address/9n8rq1N9iaqKj1FZzWigibJrSDe5BgetuEPwJptwikKT
8xEZEvwrbmddJs5p8sRtNEhX9VKPVHTQZJhHVvJS6XED,1,MICRO:early79,2.02,2.02,https://gmgn.ai/sol/address/8xEZEvwrbmddJs5p8sRtNEhX9VKPVHTQZJhHVvJS6XED
Fxn5P5eKtkrWT2nwjKJL9FhsnRrrEzhnSy9ZNMWzZxQv,1,TIPTOE:early94,2.01,2.01,https://gmgn.ai/sol/address/Fxn5P5eKtkrWT2nwjKJL9FhsnRrrEzhnSy9ZNMWzZxQv
6xvnmsabyezKzCm1fRXpapcGjsDG26Twk6EpT3YdK6mY,1,TIPTOE:early50,1.98,1.98,https://gmgn.ai/sol/address/6xvnmsabyezKzCm1fRXpapcGjsDG26Twk6EpT3YdK6mY
siUnnE4sm7kgBS8vwh4naipEknTUR2sLasMWg1LyvKn,1,Reelpad:early90,1.98,1.98,https://gmgn.ai/sol/address/siUnnE4sm7kgBS8vwh4naipEknTUR2sLasMWg1LyvKn
HCsVftaMsjHf88jDM26hdg5NrXT42pvpETUhzbYj5MfW,1,AGENCY:early26,1.9,1.9,https://gmgn.ai/sol/address/HCsVftaMsjHf88jDM26hdg5NrXT42pvpETUhzbYj5MfW
5aGuLApcHJw9ixp7xW2pr3CHSqi8aGtq1FQSfHVJzx22,1,DUVE:early39,1.87,1.87,https://gmgn.ai/sol/address/5aGuLApcHJw9ixp7xW2pr3CHSqi8aGtq1FQSfHVJzx22
4dnTYQE62UMXeyRTwqK8EnRr5S1YDcsY3j2Rx6yC5UNf,1,Reelpad:early32,1.82,1.82,https://gmgn.ai/sol/address/4dnTYQE62UMXeyRTwqK8EnRr5S1YDcsY3j2Rx6yC5UNf
NBTktAUh7CPyCKZ6nTLbUiXSVv3ztgGXjibLk2Rpw6Q,1,TERMINAL:early5,1.81,1.81,https://gmgn.ai/sol/address/NBTktAUh7CPyCKZ6nTLbUiXSVv3ztgGXjibLk2Rpw6Q
WFfNqe2ZCAaksBKqSjFjBjXkEovGQ8QgqQD9QKsToTF,1,ABU:early24,1.8,1.8,https://gmgn.ai/sol/address/WFfNqe2ZCAaksBKqSjFjBjXkEovGQ8QgqQD9QKsToTF
9K47ECMRFkFDtHHzdskJWtb454oLQGMNgXmUS1Zc3hwT,1,Reelpad:early17,1.68,1.68,https://gmgn.ai/sol/address/9K47ECMRFkFDtHHzdskJWtb454oLQGMNgXmUS1Zc3hwT
DxtNhEwG7zHUHWo6Ax1AyDh39iZ6AfwP74JpYfcUWUHs,1,SIF:early81,1.64,1.64,https://gmgn.ai/sol/address/DxtNhEwG7zHUHWo6Ax1AyDh39iZ6AfwP74JpYfcUWUHs
8mJcRfiQAxKMhZBn8iCxWaFB1VzPmbzuUMGNxGp5oS49,1,AGENCY:early77,1.6,1.6,https://gmgn.ai/sol/address/8mJcRfiQAxKMhZBn8iCxWaFB1VzPmbzuUMGNxGp5oS49
8onxzPhFeCTkwELU1d4Y3qaT4VXVNZ1zrTYtevqkPKse,1,ABU:early25,1.58,1.58,https://gmgn.ai/sol/address/8onxzPhFeCTkwELU1d4Y3qaT4VXVNZ1zrTYtevqkPKse
EPV7hfU7ZZBawEVaRdyBcHS1kSdtXutFtLkHoCms5Dk,1,MICRO:early37,1.52,1.52,https://gmgn.ai/sol/address/EPV7hfU7ZZBawEVaRdyBcHS1kSdtXutFtLkHoCms5Dk
BXxu4zombPL6rtFto8xPYSvHKNwjt6zMhp8mJwvPVfqs,1,TIPTOE:early96,1.51,1.51,https://gmgn.ai/sol/address/BXxu4zombPL6rtFto8xPYSvHKNwjt6zMhp8mJwvPVfqs
DfhHVtu3Z9Jfk9U1N4oZSWvwVYjtAdfvModWgDw2Skzj,1,MICRO:early65,1.43,1.43,https://gmgn.ai/sol/address/DfhHVtu3Z9Jfk9U1N4oZSWvwVYjtAdfvModWgDw2Skzj
55mX9tbeNC6UDo6KLknzgBq7kNVpH4SWKxsAcw6c3emR,1,AGENCY:early28,1.36,1.36,https://gmgn.ai/sol/address/55mX9tbeNC6UDo6KLknzgBq7kNVpH4SWKxsAcw6c3emR
2kLYmEaGypnCuJ67HWR4nxwgmUsEn71RQJppHiiZ6Szk,1,TERMINAL:early68,1.33,1.33,https://gmgn.ai/sol/address/2kLYmEaGypnCuJ67HWR4nxwgmUsEn71RQJppHiiZ6Szk
BpegTnFHz3UVbZjw5bNQkUDnKfyKwQtxgAXWZGfU3zFZ,1,MICRO:early46,1.33,1.33,https://gmgn.ai/sol/address/BpegTnFHz3UVbZjw5bNQkUDnKfyKwQtxgAXWZGfU3zFZ
3pxMgSf2nkppqDg7CL8o24oVXeGJ97LXgpLE2nGWinTZ,1,SIF:early77,1.29,1.29,https://gmgn.ai/sol/address/3pxMgSf2nkppqDg7CL8o24oVXeGJ97LXgpLE2nGWinTZ
EBQk5HswoT1Xya1dv2B4Z8T4THDgxdciD64qpo9m3sT6,1,MICRO:early43,1.24,1.24,https://gmgn.ai/sol/address/EBQk5HswoT1Xya1dv2B4Z8T4THDgxdciD64qpo9m3sT6
9r6c8gxj7eijZgkpPW7x7DfygTnv7SDBMQPx42ohmfZC,1,MICRO:early83,1.23,1.23,https://gmgn.ai/sol/address/9r6c8gxj7eijZgkpPW7x7DfygTnv7SDBMQPx42ohmfZC
3TB4EwTwSrkWgjubYYbd6JNmVcTSJ44EgMMwKm8HZABQ,1,Reelpad:early22,1.21,1.21,https://gmgn.ai/sol/address/3TB4EwTwSrkWgjubYYbd6JNmVcTSJ44EgMMwKm8HZABQ
4z42GRjgvSPncBBRh4jkfSMrREHinW3NCHt1emnWdnrM,1,ABU:early100,1.08,1.08,https://gmgn.ai/sol/address/4z42GRjgvSPncBBRh4jkfSMrREHinW3NCHt1emnWdnrM
BUBBLEtr8BEJZ9PyC2DFYxG58r8tu5PiyAKMVm14hCg9,1,TIPTOE:early30,1.08,1.08,https://gmgn.ai/sol/address/BUBBLEtr8BEJZ9PyC2DFYxG58r8tu5PiyAKMVm14hCg9
9pfbu485QDTzoMsJUSqsaVMXRGN6CtLYnVcTt3YT2SMh,1,DUVE:early64,1.04,1.04,https://gmgn.ai/sol/address/9pfbu485QDTzoMsJUSqsaVMXRGN6CtLYnVcTt3YT2SMh
7FzLxHiVaVG9NUEkvL1voKkSnYdPtUDL87xogdRGh9P7,1,ABU:early99,0.95,0.95,https://gmgn.ai/sol/address/7FzLxHiVaVG9NUEkvL1voKkSnYdPtUDL87xogdRGh9P7
ERdhAfVxrXbnAkFF1EvtcBQc4hxhxZxnfbdW28EDkXk4,1,MICRO:early90,0.91,0.91,https://gmgn.ai/sol/address/ERdhAfVxrXbnAkFF1EvtcBQc4hxhxZxnfbdW28EDkXk4
BzouY2xxXQqhuYsGJcGhredbHMCosn6Vf6oqjqMnE7k8,1,MICRO:early96,0.91,0.91,https://gmgn.ai/sol/address/BzouY2xxXQqhuYsGJcGhredbHMCosn6Vf6oqjqMnE7k8
ExkWwyRV7zaRwhBttjeYavWoBkrZebAi9MXj27wPFQSx,1,MICRO:early59,0.9,0.9,https://gmgn.ai/sol/address/ExkWwyRV7zaRwhBttjeYavWoBkrZebAi9MXj27wPFQSx
9scUvUmPjbwZEAMxuRmyPkWJpmfywrWiczuDzTq6QrM,1,MICRO:early64,0.87,0.87,https://gmgn.ai/sol/address/9scUvUmPjbwZEAMxuRmyPkWJpmfywrWiczuDzTq6QrM
Hm7mS6Q414drzvhMPrm5oG8xvMTvLjFmqNp4Tc2RMYEB,1,Reelpad:early49,0.86,0.86,https://gmgn.ai/sol/address/Hm7mS6Q414drzvhMPrm5oG8xvMTvLjFmqNp4Tc2RMYEB
7CV6kL7mSzUMM524dSeFXKs6GfUqCUCQQ3BUSgKvgF3m,1,SIF:early75,0.86,0.86,https://gmgn.ai/sol/address/7CV6kL7mSzUMM524dSeFXKs6GfUqCUCQQ3BUSgKvgF3m
8KgGu6y7QBbZbynvZjqmSXmWSHbVPQRzVsbqPi5Woa73,1,ABU:early68,0.83,0.83,https://gmgn.ai/sol/address/8KgGu6y7QBbZbynvZjqmSXmWSHbVPQRzVsbqPi5Woa73
9A7EsQ7KBvP48Aixmfi3L5XeG7z9WUzGsopyp1UfYqsi,1,MICRO:early30,0.72,0.72,https://gmgn.ai/sol/address/9A7EsQ7KBvP48Aixmfi3L5XeG7z9WUzGsopyp1UfYqsi
HpT6biM73LdXC33d8Zh36xFaTwdFigbvAgG2GVW6Z6Fg,1,DUVE:early42,0.71,0.71,https://gmgn.ai/sol/address/HpT6biM73LdXC33d8Zh36xFaTwdFigbvAgG2GVW6Z6Fg
gHrm97g9ioVHbjnpezN9nGS7RCGw7jsPHSAzZNKSzb8,1,MICRO:early48,0.68,0.68,https://gmgn.ai/sol/address/gHrm97g9ioVHbjnpezN9nGS7RCGw7jsPHSAzZNKSzb8
GWsSdAUTRNTU3ZRoFwKnzhqYvVZsY3CPGqKKB4Xx2Ybv,1,TIPTOE:early67,0.65,0.65,https://gmgn.ai/sol/address/GWsSdAUTRNTU3ZRoFwKnzhqYvVZsY3CPGqKKB4Xx2Ybv
C3B4rm6xjgugRcsDyCSRL7Dvsy4DMrgFSuQifkXjWE5Y,1,ABU:early91,0.64,0.64,https://gmgn.ai/sol/address/C3B4rm6xjgugRcsDyCSRL7Dvsy4DMrgFSuQifkXjWE5Y
3JAdatvmpBo9nz68ZRzd8QovuEKaLZ83gUnj99SjBqEg,1,DUVE:early54,0.63,0.63,https://gmgn.ai/sol/address/3JAdatvmpBo9nz68ZRzd8QovuEKaLZ83gUnj99SjBqEg
24d8B6WKzKKuBgBmQy2GNf2hYcwPWDVac1gbGNgXjXU6,1,TIPTOE:early76,0.61,0.61,https://gmgn.ai/sol/address/24d8B6WKzKKuBgBmQy2GNf2hYcwPWDVac1gbGNgXjXU6
Dvb56WQuFHrmdcdqexuDVEm32tnJtJzwcKQkQERcxZLp,1,TIPTOE:early65,0.53,0.53,https://gmgn.ai/sol/address/Dvb56WQuFHrmdcdqexuDVEm32tnJtJzwcKQkQERcxZLp
69mqMvpdo7FAFfRF934KHGWM1sdsFCFRkUhRtoSiGxuP,1,TIPTOE:early70,0.53,0.53,https://gmgn.ai/sol/address/69mqMvpdo7FAFfRF934KHGWM1sdsFCFRkUhRtoSiGxuP
Fi9pCFnVgUYfU4WAyV4ky6BGpG2m8L7i4H8D72Ku5Y1C,1,CATGPT:early46,0.52,0.52,https://gmgn.ai/sol/address/Fi9pCFnVgUYfU4WAyV4ky6BGpG2m8L7i4H8D72Ku5Y1C
Eg6aitvnfZZEzf81HrjYgcdfhPv6z4SWBKPM7XZM27sQ,1,TIPTOE:early77,0.5,0.5,https://gmgn.ai/sol/address/Eg6aitvnfZZEzf81HrjYgcdfhPv6z4SWBKPM7XZM27sQ
AngKsUb5wN1Vj1nveFoX1RaVSmhAKamFRouACZWj42dA,1,TIPTOE:early73,0.48,0.48,https://gmgn.ai/sol/address/AngKsUb5wN1Vj1nveFoX1RaVSmhAKamFRouACZWj42dA
D16qYKZ7m22aW3gzdmyftC1f99ZUoEFPDjMTUK6GeqeS,1,Reelpad:early28,0.45,0.45,https://gmgn.ai/sol/address/D16qYKZ7m22aW3gzdmyftC1f99ZUoEFPDjMTUK6GeqeS
4UPvSdt1ki7x4cwFuNxjhxPCnQ4AXnCSTKLxYV1vXK1t,1,AGENCY:early63,0.45,0.45,https://gmgn.ai/sol/address/4UPvSdt1ki7x4cwFuNxjhxPCnQ4AXnCSTKLxYV1vXK1t
8dtx2tr4TuJsYpri2suggFu1pg3DVjFLBBVmhtDy1MEF,1,TIPTOE:early19,0.42,0.42,https://gmgn.ai/sol/address/8dtx2tr4TuJsYpri2suggFu1pg3DVjFLBBVmhtDy1MEF
ECa6q9uC9LaYYBekJ7ApD2EoKy3VKy7WZv863cg5pqM8,1,SIF:early66,0.42,0.42,https://gmgn.ai/sol/address/ECa6q9uC9LaYYBekJ7ApD2EoKy3VKy7WZv863cg5pqM8
3fRRrQx4Ai4rbDPnStgqgzAg2bDKcrdMftBYYHs326zx,1,TIPTOE:early75,0.41,0.41,https://gmgn.ai/sol/address/3fRRrQx4Ai4rbDPnStgqgzAg2bDKcrdMftBYYHs326zx
BGcGhjbPqYmUZT9vPEd9jhM1984xtBMcmNSfoL1biE4W,1,TIPTOE:early71,0.4,0.4,https://gmgn.ai/sol/address/BGcGhjbPqYmUZT9vPEd9jhM1984xtBMcmNSfoL1biE4W
Hj39mVkkeoHk52au2VQVZxwzfr8ScFw7WW2hrnfLyxer,1,TIPTOE:early74,0.37,0.37,https://gmgn.ai/sol/address/Hj39mVkkeoHk52au2VQVZxwzfr8ScFw7WW2hrnfLyxer
2VN8VPbkv7fokPy9gLLBtJQyQz9xVyzWtJXwLHzZRxoh,1,SIF:early27,0.37,0.37,https://gmgn.ai/sol/address/2VN8VPbkv7fokPy9gLLBtJQyQz9xVyzWtJXwLHzZRxoh
F77VT11caUHg945MLkZ7KBULhYyxbruuFrBCK5wRthZ6,1,DUVE:early84,0.35,0.35,https://gmgn.ai/sol/address/F77VT11caUHg945MLkZ7KBULhYyxbruuFrBCK5wRthZ6
AN83UxaKxa6MrqXqkUqYYqeJi1a3Tw5EHnnHHa81NXXi,1,Reelpad:early2,0.33,0.33,https://gmgn.ai/sol/address/AN83UxaKxa6MrqXqkUqYYqeJi1a3Tw5EHnnHHa81NXXi
98SF52KKhsofmQ3gztfj9qM3Y6szw8ADTvvyTt83ZPBo,1,TIPTOE:early25,0.29,0.29,https://gmgn.ai/sol/address/98SF52KKhsofmQ3gztfj9qM3Y6szw8ADTvvyTt83ZPBo
EjgJWsFGbC3GP7iBbhErXAkHa1rfbyQYGPXrDkZDptvW,1,CATGPT:early1,0.29,0.29,https://gmgn.ai/sol/address/EjgJWsFGbC3GP7iBbhErXAkHa1rfbyQYGPXrDkZDptvW
2bZ3S93y4DxdQd6CsygQJcQdYCrrfyYVBwwwwy1nuGS7,1,ABU:early74,0.24,0.24,https://gmgn.ai/sol/address/2bZ3S93y4DxdQd6CsygQJcQdYCrrfyYVBwwwwy1nuGS7
8B2Pn9gHay9JmcsH14obNsdjwHo4X5d53sWPYFVzCjna,1,Reelpad:early31,0.23,0.23,https://gmgn.ai/sol/address/8B2Pn9gHay9JmcsH14obNsdjwHo4X5d53sWPYFVzCjna
EkC65ZopPbmuygTxMrPve5ZCK92B7tp3iXXz8RcLWnkj,1,TERMINAL:early23,0.23,0.23,https://gmgn.ai/sol/address/EkC65ZopPbmuygTxMrPve5ZCK92B7tp3iXXz8RcLWnkj
HNi1H4Noi7g6WtTXTK7Y1jauCYHvyrx5AegSzqZFRn7N,1,DUVE:early65,0.23,0.23,https://gmgn.ai/sol/address/HNi1H4Noi7g6WtTXTK7Y1jauCYHvyrx5AegSzqZFRn7N
FTrngCL72S8ypL9MQEQVPKKSGdVi8EyReEYnMR2bEAhS,1,TIPTOE:early72,0.22,0.22,https://gmgn.ai/sol/address/FTrngCL72S8ypL9MQEQVPKKSGdVi8EyReEYnMR2bEAhS
FmJZxKBtkXMjqwN1n8djAWXBPXGQ1VWdJ5M22LmeoJu2,1,DUVE:early47,0.19,0.19,https://gmgn.ai/sol/address/FmJZxKBtkXMjqwN1n8djAWXBPXGQ1VWdJ5M22LmeoJu2
D85nE2E7kJ9QyZpe5Ywp8Zuf91HCLeuZD1CbanfvvosL,1,MICRO:early45,0.19,0.19,https://gmgn.ai/sol/address/D85nE2E7kJ9QyZpe5Ywp8Zuf91HCLeuZD1CbanfvvosL
2wTujDnrS2JhVaaVfqhoKFRCyV1LhGr1TqjeFsgQnUbd,1,TIPTOE:early69,0.18,0.18,https://gmgn.ai/sol/address/2wTujDnrS2JhVaaVfqhoKFRCyV1LhGr1TqjeFsgQnUbd
5dcHmDFvG98afV76Bwre3WPgXHdHuhaASGhya6yyKHmm,1,DUVE:early99,0.18,0.18,https://gmgn.ai/sol/address/5dcHmDFvG98afV76Bwre3WPgXHdHuhaASGhya6yyKHmm
769hGKqrc5FSDTuTVFoJ4jZ5AoN1tz34PFjr2dcpNKyY,1,TERMINAL:early69,0.16,0.16,https://gmgn.ai/sol/address/769hGKqrc5FSDTuTVFoJ4jZ5AoN1tz34PFjr2dcpNKyY
HL9rRBGSQRaeCqCXtFcraHBkx2mLBHnGEQpNqiPpuk3b,1,Reelpad:early45,0.14,0.14,https://gmgn.ai/sol/address/HL9rRBGSQRaeCqCXtFcraHBkx2mLBHnGEQpNqiPpuk3b
Eh9YEFiyS4FE264JstU7XJjt6ZFoV1BFWEYZGLXCqzP3,1,TERMINAL:early66,0.14,0.14,https://gmgn.ai/sol/address/Eh9YEFiyS4FE264JstU7XJjt6ZFoV1BFWEYZGLXCqzP3
4WrxxsNG3NxpDCWqi9AgawbxuakvwawvCpXQ3r7QSmFa,1,ABU:early76,0.11,0.11,https://gmgn.ai/sol/address/4WrxxsNG3NxpDCWqi9AgawbxuakvwawvCpXQ3r7QSmFa
AEFm9XoXAbGkyJmZQVpbzpwVf8Hd8EhaJ9oHzbsgYnXU,1,TERMINAL:early75,0.09,0.09,https://gmgn.ai/sol/address/AEFm9XoXAbGkyJmZQVpbzpwVf8Hd8EhaJ9oHzbsgYnXU
E8s9tiRtxzRKVrwbVEfjYn4c9fdhfhvG5aUnEah88MBp,1,CATGPT:early2,0.07,0.07,https://gmgn.ai/sol/address/E8s9tiRtxzRKVrwbVEfjYn4c9fdhfhvG5aUnEah88MBp
GRcAsAnvZc6cX2Jx2yYFzWV62yqCoU74eV4Nfq36vqxQ,1,CATGPT:early15,0.07,0.07,https://gmgn.ai/sol/address/GRcAsAnvZc6cX2Jx2yYFzWV62yqCoU74eV4Nfq36vqxQ
GHMbYNvLAYFQCJ2X1fBiwojjaMGmGVZw1jK6pmaiYiTY,1,MICRO:early29,0.07,0.07,https://gmgn.ai/sol/address/GHMbYNvLAYFQCJ2X1fBiwojjaMGmGVZw1jK6pmaiYiTY
8g2wumSJirL5D8mPDbvbgA16Q4zmEL7nRiQL6SfnWiMb,1,MICRO:early22,0.06,0.06,https://gmgn.ai/sol/address/8g2wumSJirL5D8mPDbvbgA16Q4zmEL7nRiQL6SfnWiMb
3WSmnK9BcE6TBo3AwcYh8gAq6Jp7eNUbQ573P1PJEypn,1,MICRO:early26,0.06,0.06,https://gmgn.ai/sol/address/3WSmnK9BcE6TBo3AwcYh8gAq6Jp7eNUbQ573P1PJEypn
DqHmuHLMmMnDohgo9QvTgWDeRrnEw3u8DNyDwbCxdhxq,1,MICRO:early27,0.06,0.06,https://gmgn.ai/sol/address/DqHmuHLMmMnDohgo9QvTgWDeRrnEw3u8DNyDwbCxdhxq
AthACNGMSzi2Kbiv8SKxCSBypezNjKvR2gJAYT7UWqpn,1,MICRO:early28,0.06,0.06,https://gmgn.ai/sol/address/AthACNGMSzi2Kbiv8SKxCSBypezNjKvR2gJAYT7UWqpn
HbKKvzaW426sN85hPj2UZaYuNYKkNGqa5CkJt8eWAY23,1,MICRO:early32,0.06,0.06,https://gmgn.ai/sol/address/HbKKvzaW426sN85hPj2UZaYuNYKkNGqa5CkJt8eWAY23
JBUEhjXG5wQ2Q63G1szjpeKPgHgULQY1VspCTuvHBpdQ,1,MICRO:early33,0.06,0.06,https://gmgn.ai/sol/address/JBUEhjXG5wQ2Q63G1szjpeKPgHgULQY1VspCTuvHBpdQ
7A4qiny2RkixPU9TpE3CWPSahTBdLGe1Tjhe7UeKXLKZ,1,Reelpad:early33,0.05,0.05,https://gmgn.ai/sol/address/7A4qiny2RkixPU9TpE3CWPSahTBdLGe1Tjhe7UeKXLKZ
6FK9xLpAaPq44NM6yRgCh4ngLscDXdqJuapJvJ9ykZ8g,1,MICRO:early97,0.02,0.02,https://gmgn.ai/sol/address/6FK9xLpAaPq44NM6yRgCh4ngLscDXdqJuapJvJ9ykZ8g
6ENbJb5PpoAkZTg1yEa1QeHVwXn2UvVTTqW1V64C4jx2,1,CATGPT:early69,0.01,0.01,https://gmgn.ai/sol/address/6ENbJb5PpoAkZTg1yEa1QeHVwXn2UvVTTqW1V64C4jx2
81EdcQ2ocKm4AcF6vz9RCR53c2GVEd8TsJaQAU92JwAm,1,AGENCY:early50,0.01,0.01,https://gmgn.ai/sol/address/81EdcQ2ocKm4AcF6vz9RCR53c2GVEd8TsJaQAU92JwAm
3cpnHAk8hkUtXCeXyFAkfXLt9GL5vKgEj3VDE5GpwvPP,1,SIF:early95,0.01,0.01,https://gmgn.ai/sol/address/3cpnHAk8hkUtXCeXyFAkfXLt9GL5vKgEj3VDE5GpwvPP
3MTTBGi8SCUfAVVcYDJRCJTgkFLj7CqaLEA3nHFq7TqT,1,"ABU:early1,top1",0.0,89624.64,https://gmgn.ai/sol/address/3MTTBGi8SCUfAVVcYDJRCJTgkFLj7CqaLEA3nHFq7TqT
5pcTjZxMDfFkzuiztKWMfNs746ixvAiUbpc7PzjphJgL,1,"ABU:early2,top2",0.0,58571.34,https://gmgn.ai/sol/address/5pcTjZxMDfFkzuiztKWMfNs746ixvAiUbpc7PzjphJgL
89i6PfXzDLRi3k3pe1TP9cVABtrJ4gTHPJTLTrjgRYF6,1,"ABU:early3,top4",0.0,23451.97,https://gmgn.ai/sol/address/89i6PfXzDLRi3k3pe1TP9cVABtrJ4gTHPJTLTrjgRYF6
5UJ1GttWLd1JBq4pPLVhXHAfTLpeYMJSfmdRSTbg9Sry,1,ABU:early7,0.0,0.0,https://gmgn.ai/sol/address/5UJ1GttWLd1JBq4pPLVhXHAfTLpeYMJSfmdRSTbg9Sry
4Ms3EoEDLbpXKucjrCGeZPXkQjCqjukJ7Zzejf8sPHvu,1,ABU:early8,0.0,0.0,https://gmgn.ai/sol/address/4Ms3EoEDLbpXKucjrCGeZPXkQjCqjukJ7Zzejf8sPHvu
5bb5kQKhp4zT3MYuFp7QSpkvJkghfLp6yjQbvTDLK2vy,1,ABU:early9,0.0,0.0,https://gmgn.ai/sol/address/5bb5kQKhp4zT3MYuFp7QSpkvJkghfLp6yjQbvTDLK2vy
894GkByxrSMTUuEw1Mcgu7DesWih5HcQ2AHYZ3EMjEv6,1,ABU:early11,0.0,0.0,https://gmgn.ai/sol/address/894GkByxrSMTUuEw1Mcgu7DesWih5HcQ2AHYZ3EMjEv6
GxGLaExiwu4v5xSioLcEQnsFdNrVF6ArweLLuYPkqVqP,1,ABU:early40,0.0,0.0,https://gmgn.ai/sol/address/GxGLaExiwu4v5xSioLcEQnsFdNrVF6ArweLLuYPkqVqP
CkNuUfTRFdk4nqu6VMDweQeVT9os5SpMVRNPNRHzTQMw,1,"ABU:early51,top20",0.0,4435.71,https://gmgn.ai/sol/address/CkNuUfTRFdk4nqu6VMDweQeVT9os5SpMVRNPNRHzTQMw
2EJ5p5ds3xfKrxSMduGyVMsotGD3DPrDkcSxc7vFRQ4c,1,ABU:early58,0.0,351.25,https://gmgn.ai/sol/address/2EJ5p5ds3xfKrxSMduGyVMsotGD3DPrDkcSxc7vFRQ4c
BxUcbuUHubMRmu4auHJ38uounywYLeFoTt7Yki76gkF8,1,ABU:early60,0.0,0.0,https://gmgn.ai/sol/address/BxUcbuUHubMRmu4auHJ38uounywYLeFoTt7Yki76gkF8
9wdyJxgug5Nzjtp5FME8PL8W6FzgLuZ76Td6R29CKe4R,1,ABU:early61,0.0,0.0,https://gmgn.ai/sol/address/9wdyJxgug5Nzjtp5FME8PL8W6FzgLuZ76Td6R29CKe4R
Dn1qAaTc4p1vfz1XL4yivfgytmtz1CJeeVK3Netk27cW,1,ABU:early70,0.0,265.47,https://gmgn.ai/sol/address/Dn1qAaTc4p1vfz1XL4yivfgytmtz1CJeeVK3Netk27cW
BTsAPg26CrW64fKH9EmFDyDd3FxfrR6VCzXycuYKehtz,1,ABU:early71,0.0,0.0,https://gmgn.ai/sol/address/BTsAPg26CrW64fKH9EmFDyDd3FxfrR6VCzXycuYKehtz
DkgYcHq36GLHK4UDy6RjSWxKcNYSXmhEmd84BTQvXgZ5,1,ABU:early75,0.0,111.4,https://gmgn.ai/sol/address/DkgYcHq36GLHK4UDy6RjSWxKcNYSXmhEmd84BTQvXgZ5
CGCoajiw4zXhPvDpMBckCbSywixriBusscdnCbQPGMhy,1,ABU:early85,0.0,0.0,https://gmgn.ai/sol/address/CGCoajiw4zXhPvDpMBckCbSywixriBusscdnCbQPGMhy
6i7FrEBGEKx1okC6u7Hp66DepNm1Atc9qtwwYSwBvken,1,ABU:early93,0.0,0.0,https://gmgn.ai/sol/address/6i7FrEBGEKx1okC6u7Hp66DepNm1Atc9qtwwYSwBvken
GDysaDN5JZkbGiqoeiV5jhmzA6e2qhe2xvVVn51GWhR7,1,ABU:early95,0.0,0.0,https://gmgn.ai/sol/address/GDysaDN5JZkbGiqoeiV5jhmzA6e2qhe2xvVVn51GWhR7
7cZXH57y9EkDUnE5PH7XzGtW9196HSxj5hYxRsKq2SwS,1,ABU:top5,0.0,8746.42,https://gmgn.ai/sol/address/7cZXH57y9EkDUnE5PH7XzGtW9196HSxj5hYxRsKq2SwS
HLRAw55adZRYLR7YoiDxYLVu4NN92jQyzGt3zhdh3x3a,1,ABU:top9,0.0,3947.47,https://gmgn.ai/sol/address/HLRAw55adZRYLR7YoiDxYLVu4NN92jQyzGt3zhdh3x3a
71fThCPbX233LL42JbsfQy5A8uEHNe7M7GQGQVkwu4x2,1,ABU:top13,0.0,2752.83,https://gmgn.ai/sol/address/71fThCPbX233LL42JbsfQy5A8uEHNe7M7GQGQVkwu4x2
AYaQTZa8gaj3UevPtkoRCdk2ik6rT9ZLx5yoGTEpiF13,1,ABU:top23,0.0,2129.56,https://gmgn.ai/sol/address/AYaQTZa8gaj3UevPtkoRCdk2ik6rT9ZLx5yoGTEpiF13
GtrywKYZ2Pe6cgCoCpQaPV4WbuZezqYhRiEnC3cMYvm8,1,ABU:top30,0.0,1881.13,https://gmgn.ai/sol/address/GtrywKYZ2Pe6cgCoCpQaPV4WbuZezqYhRiEnC3cMYvm8
F92yRYQE82KaFM4ZLM7BGd3qPsGLaKDUU78CDgeNbADH,1,ABU:top34,0.0,1604.85,https://gmgn.ai/sol/address/F92yRYQE82KaFM4ZLM7BGd3qPsGLaKDUU78CDgeNbADH
DcKsPLR83siqxocGxDMGt6PD5QhD2NkEf4d73AhELWSg,1,ABU:top37,0.0,1497.0,https://gmgn.ai/sol/address/DcKsPLR83siqxocGxDMGt6PD5QhD2NkEf4d73AhELWSg
gb5KCyVrjcuzZGxnp8KsoyE5b8WZ27FfBxRVF22iA6i,1,ABU:top43,0.0,1369.81,https://gmgn.ai/sol/address/gb5KCyVrjcuzZGxnp8KsoyE5b8WZ27FfBxRVF22iA6i
3JmcLa1fAZff89QryjQALyDezcyW18vJqcqjV5nBSYbj,1,ABU:top47,0.0,1313.22,https://gmgn.ai/sol/address/3JmcLa1fAZff89QryjQALyDezcyW18vJqcqjV5nBSYbj
8sgs74aN3rSvaXrdpHhRbZkY1HSZvf8G2neqynPz1PtT,1,ABU:top54,0.0,1060.07,https://gmgn.ai/sol/address/8sgs74aN3rSvaXrdpHhRbZkY1HSZvf8G2neqynPz1PtT
AtgT5D2VrujkeFGnZMTuU3nfxrbJVRqVaL6WY5rg1iF5,1,ABU:top60,0.0,965.06,https://gmgn.ai/sol/address/AtgT5D2VrujkeFGnZMTuU3nfxrbJVRqVaL6WY5rg1iF5
8NXqXZ6bQxNa1W4t4sSs1Z1AtwdSofta5nJ36NmD2gz7,1,ABU:top69,0.0,872.0,https://gmgn.ai/sol/address/8NXqXZ6bQxNa1W4t4sSs1Z1AtwdSofta5nJ36NmD2gz7
A1LW9XebDoAvvhR7AR9SqFvP1iDji7RahBbMWmoELFME,1,ABU:top71,0.0,851.08,https://gmgn.ai/sol/address/A1LW9XebDoAvvhR7AR9SqFvP1iDji7RahBbMWmoELFME
FDsL6tyy6A9pyyasx88KQcrqmg9qvaEHggyn9qRXrusu,1,ABU:top75,0.0,825.18,https://gmgn.ai/sol/address/FDsL6tyy6A9pyyasx88KQcrqmg9qvaEHggyn9qRXrusu
BxUd4HkPRbAD2VX6TnomUhCbm5qJLh9UySW8v3ccWWHg,1,ABU:top80,0.0,773.94,https://gmgn.ai/sol/address/BxUd4HkPRbAD2VX6TnomUhCbm5qJLh9UySW8v3ccWWHg
CJYnhxVq3miopeGPVWZYLdQpwqiBquP7aNqcNuMxzct2,1,ABU:top84,0.0,761.98,https://gmgn.ai/sol/address/CJYnhxVq3miopeGPVWZYLdQpwqiBquP7aNqcNuMxzct2
Dt3QCrwPaQKsGeP5h4hs3QaCimsBdsRrupaKo5X5oQzj,1,ABU:top97,0.0,647.88,https://gmgn.ai/sol/address/Dt3QCrwPaQKsGeP5h4hs3QaCimsBdsRrupaKo5X5oQzj
FuDHw4MWUW6gkCnXLdbJmGyuC4XkspoiZnLTYriitSjx,1,ABU:top99,0.0,622.19,https://gmgn.ai/sol/address/FuDHw4MWUW6gkCnXLdbJmGyuC4XkspoiZnLTYriitSjx
3rNzr5RjdPeBbu9JXrftQxPAeViH4ywwW8Nunu4S3wkR,1,ABU:top100,0.0,536.68,https://gmgn.ai/sol/address/3rNzr5RjdPeBbu9JXrftQxPAeViH4ywwW8Nunu4S3wkR
CRe8B9xFxw4VAjddnH6p4HfKpdQj1Wageyv9AcP1J39K,1,TIPTOE:early2,-0.0,-0.0,https://gmgn.ai/sol/address/CRe8B9xFxw4VAjddnH6p4HfKpdQj1Wageyv9AcP1J39K
C9nUBXomUT9HZksfdFtG23krkB4zftuqBj1boKHYkbmX,1,TIPTOE:early15,0.0,0.0,https://gmgn.ai/sol/address/C9nUBXomUT9HZksfdFtG23krkB4zftuqBj1boKHYkbmX
3WyJEFsxtsyZ9ugqbRPyEqzKDFGf4LTtosYfBh2Lch7X,1,TIPTOE:early20,0.0,0.0,https://gmgn.ai/sol/address/3WyJEFsxtsyZ9ugqbRPyEqzKDFGf4LTtosYfBh2Lch7X
FyXbAbdiYEbaSd8JHt1uBzBvZUc2cJChjjWa9f5t85Tj,1,TIPTOE:early23,0.0,0.0,https://gmgn.ai/sol/address/FyXbAbdiYEbaSd8JHt1uBzBvZUc2cJChjjWa9f5t85Tj
SCAMGLV3QU7adj3RzNPLJ5pZ91G5j2HoHdNYbjJgojy,1,TIPTOE:early40,0.0,0.0,https://gmgn.ai/sol/address/SCAMGLV3QU7adj3RzNPLJ5pZ91G5j2HoHdNYbjJgojy
Rug5gNy9F2iw4x2eiWMhVAaqjpv8w2toekSB5BSERTD,1,TIPTOE:early42,0.0,0.0,https://gmgn.ai/sol/address/Rug5gNy9F2iw4x2eiWMhVAaqjpv8w2toekSB5BSERTD
2nfsM2b4VMAE3FytYcH6gAHmYhzT3jCwMxgpJ81hXQZy,1,TIPTOE:early46,0.0,0.0,https://gmgn.ai/sol/address/2nfsM2b4VMAE3FytYcH6gAHmYhzT3jCwMxgpJ81hXQZy
3xVW7Lq8Eqpx738C1QVFv6cRruxRETEikcAtwJtLvQXc,1,TIPTOE:early62,0.0,0.0,https://gmgn.ai/sol/address/3xVW7Lq8Eqpx738C1QVFv6cRruxRETEikcAtwJtLvQXc
C72p2rvMywLVrETufwH7xytQQscSLS8ponLiktfncUEj,1,"TIPTOE:early80,top3",0.0,16416.66,https://gmgn.ai/sol/address/C72p2rvMywLVrETufwH7xytQQscSLS8ponLiktfncUEj
9g4FbdWjg6ETdb67Zo7p8FoXxrDjcGL253WT1QYPxFWJ,1,TIPTOE:early84,0.0,-3.44,https://gmgn.ai/sol/address/9g4FbdWjg6ETdb67Zo7p8FoXxrDjcGL253WT1QYPxFWJ
Rs28T2qioRvK3TWZyt5LNf1yDc2L3RUWfkBJrunHLd6,1,TIPTOE:top7,0.0,6961.42,https://gmgn.ai/sol/address/Rs28T2qioRvK3TWZyt5LNf1yDc2L3RUWfkBJrunHLd6
F29wRUXkDpB3ahkaxCgE5JmoieDhkeAPRSC2wea56AjJ,1,TIPTOE:top19,0.0,3607.35,https://gmgn.ai/sol/address/F29wRUXkDpB3ahkaxCgE5JmoieDhkeAPRSC2wea56AjJ
Ho4DzwDqpS7XG51WtyFxudRV3hFtHtV2SvYDuUNDFJDx,1,TIPTOE:top27,0.0,2574.99,https://gmgn.ai/sol/address/Ho4DzwDqpS7XG51WtyFxudRV3hFtHtV2SvYDuUNDFJDx
ALdJnijWUmmyUxXotMJ5JF81ijpX8VCKnwukUsGmPRUH,1,TIPTOE:top48,0.0,1247.27,https://gmgn.ai/sol/address/ALdJnijWUmmyUxXotMJ5JF81ijpX8VCKnwukUsGmPRUH
BqWmJgHQNPM76vBrr4n5qJvfVge1TXcdAo5rrUN7DcSK,1,TIPTOE:top53,0.0,1134.32,https://gmgn.ai/sol/address/BqWmJgHQNPM76vBrr4n5qJvfVge1TXcdAo5rrUN7DcSK
96vmqWAeeR5c3jutdSS2rcb6pQEUtUwE4n1uVgWz5TQy,1,TIPTOE:top74,0.0,708.17,https://gmgn.ai/sol/address/96vmqWAeeR5c3jutdSS2rcb6pQEUtUwE4n1uVgWz5TQy
G7W6QqHqi6cEY7AaQgzXvegcjdeYh1SeofekRywqo9eC,1,TIPTOE:top80,0.0,604.21,https://gmgn.ai/sol/address/G7W6QqHqi6cEY7AaQgzXvegcjdeYh1SeofekRywqo9eC
4xctfcF5psvaRK8TwiXXGfXAPwY1vCEYDybYgX8z1mH4,1,TIPTOE:top81,0.0,597.09,https://gmgn.ai/sol/address/4xctfcF5psvaRK8TwiXXGfXAPwY1vCEYDybYgX8z1mH4
ET4URtrKNP7G3Uua6CweGLJVDcNBs3EQjbi99LxoonRy,1,TIPTOE:top82,0.0,584.8,https://gmgn.ai/sol/address/ET4URtrKNP7G3Uua6CweGLJVDcNBs3EQjbi99LxoonRy
FKFXbJ9YycXBCgSV6xEzmfkikFrrVzJogFLLGt6WFKai,1,TIPTOE:top98,0.0,418.61,https://gmgn.ai/sol/address/FKFXbJ9YycXBCgSV6xEzmfkikFrrVzJogFLLGt6WFKai
FYjSUVZ2yNzXf7YESe2eZH4F2vanFs7nvjiNeGWXgarp,1,TIPTOE:top99,0.0,411.54,https://gmgn.ai/sol/address/FYjSUVZ2yNzXf7YESe2eZH4F2vanFs7nvjiNeGWXgarp
FqmqSGSZqAWbHw6d6NNcvbWWAbSvRw6GaK24AFsvBDLq,1,TIPTOE:top100,0.0,399.81,https://gmgn.ai/sol/address/FqmqSGSZqAWbHw6d6NNcvbWWAbSvRw6GaK24AFsvBDLq
FaHvzFA7qJzZQ2kc3wA6gM6TyKKakGSfdqSy1vZ5hXB,1,Reelpad:early4,0.0,0.0,https://gmgn.ai/sol/address/FaHvzFA7qJzZQ2kc3wA6gM6TyKKakGSfdqSy1vZ5hXB
5DC3tMyFSXeujJn9KWnh1MkM8QCgXXm2tDEGpjhcwFck,1,Reelpad:early5,0.0,0.0,https://gmgn.ai/sol/address/5DC3tMyFSXeujJn9KWnh1MkM8QCgXXm2tDEGpjhcwFck
5xFhXswZ7ncwEoKfhRYuoajJ6YYmFAvuL5pumo9FAxJm,1,Reelpad:early9,0.0,0.0,https://gmgn.ai/sol/address/5xFhXswZ7ncwEoKfhRYuoajJ6YYmFAvuL5pumo9FAxJm
8BD2S9YeZxmNUNe6W7nudsLv7fGTArmke5xwMxHYY4tF,1,Reelpad:early19,0.0,0.0,https://gmgn.ai/sol/address/8BD2S9YeZxmNUNe6W7nudsLv7fGTArmke5xwMxHYY4tF
9frvgfuY5jpmq9oy8ZXmcXNokupN2QaFu4sWGpFzhp7d,1,Reelpad:early24,0.0,0.0,https://gmgn.ai/sol/address/9frvgfuY5jpmq9oy8ZXmcXNokupN2QaFu4sWGpFzhp7d
6AWShYRx6eJhRweXUwUDhEMNfCa69ivqTNCLvmLQhNkz,1,Reelpad:early27,0.0,0.0,https://gmgn.ai/sol/address/6AWShYRx6eJhRweXUwUDhEMNfCa69ivqTNCLvmLQhNkz
Eat3hGiZM7BaubE3aeHW26Mkx4mVT4vgCkvmaFAgvTs3,1,Reelpad:early36,0.0,0.0,https://gmgn.ai/sol/address/Eat3hGiZM7BaubE3aeHW26Mkx4mVT4vgCkvmaFAgvTs3
6cuWu6QtiMaqy1Hwe95GcjPY6ZHg2VCdrcfUJAEytPES,1,Reelpad:early48,0.0,0.0,https://gmgn.ai/sol/address/6cuWu6QtiMaqy1Hwe95GcjPY6ZHg2VCdrcfUJAEytPES
663amLq7GeixYT14S5XXsNp1HWECjRY1624FjaKq9EvA,1,Reelpad:early50,0.0,0.0,https://gmgn.ai/sol/address/663amLq7GeixYT14S5XXsNp1HWECjRY1624FjaKq9EvA
HWkid7kWEh66YbYfkZT29Z59ASjL2RH659yDYdFZcBpu,1,Reelpad:early57,0.0,0.0,https://gmgn.ai/sol/address/HWkid7kWEh66YbYfkZT29Z59ASjL2RH659yDYdFZcBpu
GDRS2UQfxxzDtjSNFChFiUG4E3Eie8RNeb5dRHWTvBDN,1,Reelpad:early61,0.0,0.0,https://gmgn.ai/sol/address/GDRS2UQfxxzDtjSNFChFiUG4E3Eie8RNeb5dRHWTvBDN
8uK1ApB2sem2UbNfYkmrxefb3stZFGG7osUftgQeFzgb,1,Reelpad:early63,0.0,0.0,https://gmgn.ai/sol/address/8uK1ApB2sem2UbNfYkmrxefb3stZFGG7osUftgQeFzgb
2XmRfvBmhk2wsmm498zxcJX4hGdLrdCWYPwEkWGqBPcq,1,"Reelpad:early68,top86",0.0,659.65,https://gmgn.ai/sol/address/2XmRfvBmhk2wsmm498zxcJX4hGdLrdCWYPwEkWGqBPcq
F6XJTh93VGFcbnf2FJmyR6f3y2HZsav25EeEaZosYouk,1,Reelpad:early71,0.0,0.0,https://gmgn.ai/sol/address/F6XJTh93VGFcbnf2FJmyR6f3y2HZsav25EeEaZosYouk
5xpb4js5WjjT3NQaj3MFDZVy2k7VS5RHW1C1DA4PXJcQ,1,Reelpad:early73,0.0,0.0,https://gmgn.ai/sol/address/5xpb4js5WjjT3NQaj3MFDZVy2k7VS5RHW1C1DA4PXJcQ
57XcaxB6899CuudzHjuVGgvwSFtUQYVEsvUhWyjhBgqA,1,Reelpad:early75,0.0,0.0,https://gmgn.ai/sol/address/57XcaxB6899CuudzHjuVGgvwSFtUQYVEsvUhWyjhBgqA
C4ABfhXTY7h5BsoDqSgbTYZMbaDtPFRXSinN6b2YuPJy,1,Reelpad:early95,0.0,0.0,https://gmgn.ai/sol/address/C4ABfhXTY7h5BsoDqSgbTYZMbaDtPFRXSinN6b2YuPJy
5tZ4Z5TDFXmzRYgDJuKFgCcLxFzjDWjexGfoTxyZvqDr,1,Reelpad:top64,0.0,518.69,https://gmgn.ai/sol/address/5tZ4Z5TDFXmzRYgDJuKFgCcLxFzjDWjexGfoTxyZvqDr
6MwDnt6Dv4wRy8wvb7MCnp2Zwq8CDvBs3K6e4gmxHqF,1,Reelpad:top84,0.0,385.78,https://gmgn.ai/sol/address/6MwDnt6Dv4wRy8wvb7MCnp2Zwq8CDvBs3K6e4gmxHqF
EUFddAT7fNaUUpzHMHgjDCaPmZNoKmeSJrMgizgQHwpH,1,Reelpad:top87,0.0,325.73,https://gmgn.ai/sol/address/EUFddAT7fNaUUpzHMHgjDCaPmZNoKmeSJrMgizgQHwpH
3VR6qdiGnL658CUknDbXABfwsHcw6sYxS1Wk6wuG52K3,1,Reelpad:top92,0.0,133.51,https://gmgn.ai/sol/address/3VR6qdiGnL658CUknDbXABfwsHcw6sYxS1Wk6wuG52K3
AV4P6vzLPBbMDKgVfU65SzjcbM69TjFhYtiu4DH4BfjL,1,Reelpad:top93,0.0,133.39,https://gmgn.ai/sol/address/AV4P6vzLPBbMDKgVfU65SzjcbM69TjFhYtiu4DH4BfjL
Hu9XVbykGh2etiFYVWZ8F47yLzR8vos7SVmgHaPaSMqc,1,Reelpad:top94,0.0,-16.91,https://gmgn.ai/sol/address/Hu9XVbykGh2etiFYVWZ8F47yLzR8vos7SVmgHaPaSMqc
22QFGaubeMsrrs9b2iLL9ikaEbUY9EpBhDKbdvsqy94m,1,Reelpad:top97,0.0,-466.46,https://gmgn.ai/sol/address/22QFGaubeMsrrs9b2iLL9ikaEbUY9EpBhDKbdvsqy94m
5SLHQMSLk1atEzHQNg4AikCCN4h5HG2qrXP4LgKbfi23,1,Reelpad:top100,0.0,-4512.22,https://gmgn.ai/sol/address/5SLHQMSLk1atEzHQNg4AikCCN4h5HG2qrXP4LgKbfi23
ABasRXkpW6d6j1gFtkFYopMMBF2VU2AEP1LawyDX2h3X,1,TERMINAL:early9,0.0,0.0,https://gmgn.ai/sol/address/ABasRXkpW6d6j1gFtkFYopMMBF2VU2AEP1LawyDX2h3X
FbmomB2sZgwfR8ySKaUEY37XUjb9p3SUDQdBCvLqgEeg,1,TERMINAL:early12,0.0,0.0,https://gmgn.ai/sol/address/FbmomB2sZgwfR8ySKaUEY37XUjb9p3SUDQdBCvLqgEeg
9zR6dT3kP1sk6qKRPqCf8HSmwbuhkAsaDaFtKgMpPD8g,1,TERMINAL:early14,0.0,560.51,https://gmgn.ai/sol/address/9zR6dT3kP1sk6qKRPqCf8HSmwbuhkAsaDaFtKgMpPD8g
8TPkrBcRayR3EJzaxXb87XGmJs9k1U8tdc7wX3GJgw1z,1,TERMINAL:early21,0.0,0.0,https://gmgn.ai/sol/address/8TPkrBcRayR3EJzaxXb87XGmJs9k1U8tdc7wX3GJgw1z
DN9MC8NJHePDUej7RyAvNdZ3MVZTikbpzdw1MocYqDFL,1,TERMINAL:early22,0.0,0.0,https://gmgn.ai/sol/address/DN9MC8NJHePDUej7RyAvNdZ3MVZTikbpzdw1MocYqDFL
7eKqKYMdVdCWmRa47Hhn4bmnhFZC6yoCuRYk2GS1ggzd,1,TERMINAL:early27,0.0,0.0,https://gmgn.ai/sol/address/7eKqKYMdVdCWmRa47Hhn4bmnhFZC6yoCuRYk2GS1ggzd
HfHFg1JyJHVFYnd4AM8v9fSJz6ZykEpwt2HPue8brUja,1,TERMINAL:early28,0.0,0.0,https://gmgn.ai/sol/address/HfHFg1JyJHVFYnd4AM8v9fSJz6ZykEpwt2HPue8brUja
ArTXTZ81EvbbYiwWC6WtPmyS3XPyAiviuKo6mn3Ypey,1,TERMINAL:early34,0.0,0.0,https://gmgn.ai/sol/address/ArTXTZ81EvbbYiwWC6WtPmyS3XPyAiviuKo6mn3Ypey
9CygRWDGUCXJXc1TdNyspAY8q9J7cGFmoicDv2SPaJcA,1,TERMINAL:early44,-0.0,-0.0,https://gmgn.ai/sol/address/9CygRWDGUCXJXc1TdNyspAY8q9J7cGFmoicDv2SPaJcA
HGcGwvoY1PZFVu8wpwNsZ7D8VR1ZhyEmButncmSv349R,1,TERMINAL:early45,0.0,208.33,https://gmgn.ai/sol/address/HGcGwvoY1PZFVu8wpwNsZ7D8VR1ZhyEmButncmSv349R
GEXqVYs9jBzNSLZvL1ZVLa1ZZQjYwip4nogFTR7a3Gaw,1,TERMINAL:early54,0.0,0.0,https://gmgn.ai/sol/address/GEXqVYs9jBzNSLZvL1ZVLa1ZZQjYwip4nogFTR7a3Gaw
46aKKW159yWvWpnMdt75RbP6HtBvYs8benMP4J8q8NrE,1,TERMINAL:early55,0.0,0.0,https://gmgn.ai/sol/address/46aKKW159yWvWpnMdt75RbP6HtBvYs8benMP4J8q8NrE
4GH9W25oL6zWF4aoMhXsYbadnqz2dPJ7v14vrvybqEPN,1,TERMINAL:early64,0.0,0.0,https://gmgn.ai/sol/address/4GH9W25oL6zWF4aoMhXsYbadnqz2dPJ7v14vrvybqEPN
4BfkRjvFNXgEnP1SpgzysTpj3ycMgkERH5N3KASwFq6f,1,TERMINAL:early70,0.0,121.36,https://gmgn.ai/sol/address/4BfkRjvFNXgEnP1SpgzysTpj3ycMgkERH5N3KASwFq6f
CTYrDBLMQLvnLvD8bpwvoDU6GnKQjQWTs4oVkbx7YcfG,1,TERMINAL:early100,0.0,3568.52,https://gmgn.ai/sol/address/CTYrDBLMQLvnLvD8bpwvoDU6GnKQjQWTs4oVkbx7YcfG
FBvxneTq8dY7WKxj924CseuveWzDL5tN9JuSW3S9nJkN,1,CATGPT:early7,0.0,0.0,https://gmgn.ai/sol/address/FBvxneTq8dY7WKxj924CseuveWzDL5tN9JuSW3S9nJkN
ojiyURrcv3kvTaqdFN1gPYQ56GeyQbR6z9iN3JCpk67,1,CATGPT:early11,-0.0,-0.0,https://gmgn.ai/sol/address/ojiyURrcv3kvTaqdFN1gPYQ56GeyQbR6z9iN3JCpk67
AzcvjR3YbA7KGzALXtW1HPjrGuKc8B3vjWhZwg6Rrgpc,1,CATGPT:early33,0.0,0.0,https://gmgn.ai/sol/address/AzcvjR3YbA7KGzALXtW1HPjrGuKc8B3vjWhZwg6Rrgpc
4cTuSjRoxbqdiN1UcfnMtVUQtB6DSRDVtcCZUXLEhZbr,1,CATGPT:early36,0.0,0.0,https://gmgn.ai/sol/address/4cTuSjRoxbqdiN1UcfnMtVUQtB6DSRDVtcCZUXLEhZbr
4WxE3GAiFG6EofdSF4N3DWXg5na9V3BQJJN5LuE5dzhP,1,CATGPT:early40,0.0,0.0,https://gmgn.ai/sol/address/4WxE3GAiFG6EofdSF4N3DWXg5na9V3BQJJN5LuE5dzhP
DiUumgCJZnFnxjgFGuv4FNc9yh75CgqmexBKypew9SHK,1,CATGPT:early41,0.0,0.0,https://gmgn.ai/sol/address/DiUumgCJZnFnxjgFGuv4FNc9yh75CgqmexBKypew9SHK
14g7Z2882kZeXNmMYVUUxjQLf78DVafwMRwQEPJRS31u,1,CATGPT:early62,0.0,0.0,https://gmgn.ai/sol/address/14g7Z2882kZeXNmMYVUUxjQLf78DVafwMRwQEPJRS31u
14Z6UVjycHP4he3RRGUteeVL5N9ppDuwUYyjzmcvEmzc,1,CATGPT:early67,0.0,0.0,https://gmgn.ai/sol/address/14Z6UVjycHP4he3RRGUteeVL5N9ppDuwUYyjzmcvEmzc
F2yWctiAKCa3EDCsXUgTQfHd1r3u5VpaWsDymkDGxqt6,1,CATGPT:early86,0.0,0.0,https://gmgn.ai/sol/address/F2yWctiAKCa3EDCsXUgTQfHd1r3u5VpaWsDymkDGxqt6
Ac55jQWPFhmA5P5KJVqLWxN7Zta12xecczBREjbPA4yb,1,CATGPT:early92,0.0,13.68,https://gmgn.ai/sol/address/Ac55jQWPFhmA5P5KJVqLWxN7Zta12xecczBREjbPA4yb
DfuAk6TPAhGoBJCR2vNqSrK3gZ4XWQa4qGX7WHJP1jmq,1,CATGPT:early93,0.0,0.0,https://gmgn.ai/sol/address/DfuAk6TPAhGoBJCR2vNqSrK3gZ4XWQa4qGX7WHJP1jmq
DHEGjX3aa7sjkHgX39jMshEPi1EuiAWw7egr2UbrQQdV,1,CATGPT:early94,0.0,0.0,https://gmgn.ai/sol/address/DHEGjX3aa7sjkHgX39jMshEPi1EuiAWw7egr2UbrQQdV
3NntqBuczLxzaC9GQM73oSQAUrEFLhX9vUAzqasfhXDT,1,CATGPT:early99,0.0,0.0,https://gmgn.ai/sol/address/3NntqBuczLxzaC9GQM73oSQAUrEFLhX9vUAzqasfhXDT
2Rggf8HTAoqNJwDA2kbWSM4x95Zcch7xkSjNGvdrDQip,1,CATGPT:early100,-0.0,-0.0,https://gmgn.ai/sol/address/2Rggf8HTAoqNJwDA2kbWSM4x95Zcch7xkSjNGvdrDQip
6TC9GCk4yTT3F2yJa8sN3EYXXCcGcrSGMwsEvSvXt9aZ,1,CATGPT:top1,0.0,10132.88,https://gmgn.ai/sol/address/6TC9GCk4yTT3F2yJa8sN3EYXXCcGcrSGMwsEvSvXt9aZ
EdLaG1A3uPEPmKwe7zRnGdZM4FjrjrvPoTgEVjvgUky,1,CATGPT:top2,0.0,3086.93,https://gmgn.ai/sol/address/EdLaG1A3uPEPmKwe7zRnGdZM4FjrjrvPoTgEVjvgUky
8ay3jcXQPSnvBhee7AdDcYWtW2R67rtaq98Mx5PVK3Rp,1,CATGPT:top6,0.0,1917.82,https://gmgn.ai/sol/address/8ay3jcXQPSnvBhee7AdDcYWtW2R67rtaq98Mx5PVK3Rp
7yuqR9JAgohMibPrB8rpryCzTrQSU9Fprrsuj2Z5VRf7,1,CATGPT:top11,0.0,1546.6,https://gmgn.ai/sol/address/7yuqR9JAgohMibPrB8rpryCzTrQSU9Fprrsuj2Z5VRf7
2TctsPZ5GronarijPsHANwPggTFGZg8VWPJYDBX5Dr3D,1,CATGPT:top15,0.0,1402.12,https://gmgn.ai/sol/address/2TctsPZ5GronarijPsHANwPggTFGZg8VWPJYDBX5Dr3D
2VR13Sh1zxPjP2ufj94CkzigTT9kokBV2Ffu1PqVegRf,1,CATGPT:top22,0.0,1268.85,https://gmgn.ai/sol/address/2VR13Sh1zxPjP2ufj94CkzigTT9kokBV2Ffu1PqVegRf
7nN7cEDzjjdhJnAQ3bLk5f7U6SNVnkFnmRqYEHitoNo7,1,CATGPT:top29,0.0,1047.55,https://gmgn.ai/sol/address/7nN7cEDzjjdhJnAQ3bLk5f7U6SNVnkFnmRqYEHitoNo7
FUjo3xPtbHqLzZj2iusyqytHFyb5GrdFPuxL9RCVtRiB,1,CATGPT:top51,0.0,721.04,https://gmgn.ai/sol/address/FUjo3xPtbHqLzZj2iusyqytHFyb5GrdFPuxL9RCVtRiB
B96bj4H7HmsDJ2KoVwtSWkcNCWKyWnrex1bKYCX4adCn,1,CATGPT:top56,0.0,611.02,https://gmgn.ai/sol/address/B96bj4H7HmsDJ2KoVwtSWkcNCWKyWnrex1bKYCX4adCn
ELQxWPjBWP8ytVcMXG99HmTSKYx4QJuYQGHWQ7RWc3rC,1,CATGPT:top70,0.0,476.34,https://gmgn.ai/sol/address/ELQxWPjBWP8ytVcMXG99HmTSKYx4QJuYQGHWQ7RWc3rC
BdPeZXEcyrMkV26NFoyuSoQP8zAZVBQkRq59hVxgGv9T,1,CATGPT:top74,0.0,463.6,https://gmgn.ai/sol/address/BdPeZXEcyrMkV26NFoyuSoQP8zAZVBQkRq59hVxgGv9T
5wvcwLF4N5YVogoJDeigMh7wbudxitWkBcRuR4mVmjkp,1,CATGPT:top96,0.0,360.61,https://gmgn.ai/sol/address/5wvcwLF4N5YVogoJDeigMh7wbudxitWkBcRuR4mVmjkp
8qntneLQya2unTwjENpvvKf1nezt2LY2jwDdBijVHx7t,1,CATGPT:top97,0.0,358.85,https://gmgn.ai/sol/address/8qntneLQya2unTwjENpvvKf1nezt2LY2jwDdBijVHx7t
DaK84rV4rVyatDrWJG9itDTBQeXq6exDvsLYCb5YkLvx,1,AGENCY:early1,0.0,1684847.58,https://gmgn.ai/sol/address/DaK84rV4rVyatDrWJG9itDTBQeXq6exDvsLYCb5YkLvx
B8w149KLWLCuGDN72mAMhJXprz2EhVMGLgF7aNwhgbF1,1,AGENCY:early2,0.0,0.0,https://gmgn.ai/sol/address/B8w149KLWLCuGDN72mAMhJXprz2EhVMGLgF7aNwhgbF1
6yRBpeDDba4yASyjmWBLstxv1gYHVsvdHfuBpVpr63N2,1,AGENCY:early10,0.0,0.0,https://gmgn.ai/sol/address/6yRBpeDDba4yASyjmWBLstxv1gYHVsvdHfuBpVpr63N2
38x2GEBLSKcXpGZoy38NY7732TezwUruUATJBaPyuwpe,1,AGENCY:early57,0.0,0.0,https://gmgn.ai/sol/address/38x2GEBLSKcXpGZoy38NY7732TezwUruUATJBaPyuwpe
663Qb4YCR3WKRiRU4bAvVmG4aZzQe7rdaAk89b2zpbJQ,1,AGENCY:early59,0.0,0.0,https://gmgn.ai/sol/address/663Qb4YCR3WKRiRU4bAvVmG4aZzQe7rdaAk89b2zpbJQ
CyBiGyD1EunXXrNRsu6pKkCQPTbdZ9UTsxAum9twRcSt,1,AGENCY:early64,0.0,0.0,https://gmgn.ai/sol/address/CyBiGyD1EunXXrNRsu6pKkCQPTbdZ9UTsxAum9twRcSt
EdgeuzbGsWhX5KXNB9St9n1EA7m74Ujr41KHykkFPJC5,1,AGENCY:early70,0.0,0.0,https://gmgn.ai/sol/address/EdgeuzbGsWhX5KXNB9St9n1EA7m74Ujr41KHykkFPJC5
CJEypaV2q9PQj7sh1jmDb43duHTGLKkpgqVpNzqaVWXL,1,AGENCY:early84,0.0,515393.56,https://gmgn.ai/sol/address/CJEypaV2q9PQj7sh1jmDb43duHTGLKkpgqVpNzqaVWXL
8pisMPgQvkTc1x6jYtqCubVpASKGHAovN87m7XLtbbd5,1,AGENCY:early85,0.0,0.0,https://gmgn.ai/sol/address/8pisMPgQvkTc1x6jYtqCubVpASKGHAovN87m7XLtbbd5
DVDiUa47uEUYLaVTHfHAuBLf43gPBvok3JdyFPd7nEBZ,1,AGENCY:early97,0.0,0.0,https://gmgn.ai/sol/address/DVDiUa47uEUYLaVTHfHAuBLf43gPBvok3JdyFPd7nEBZ
AEtL29wgARtujVynpgoDtUMLvM7NmZ6WALcjD2NjU8Dk,1,AGENCY:top2,0.0,303544.67,https://gmgn.ai/sol/address/AEtL29wgARtujVynpgoDtUMLvM7NmZ6WALcjD2NjU8Dk
5CL72PwumJtL3QJysPe7qLtPXjLmnLxiNcRGHFTQq9eD,1,AGENCY:top4,0.0,240844.02,https://gmgn.ai/sol/address/5CL72PwumJtL3QJysPe7qLtPXjLmnLxiNcRGHFTQq9eD
Cqu5uKfKh6mSfqasYKGDYghGc7J54FAp9WCus9QnQSsR,1,AGENCY:top5,0.0,205129.57,https://gmgn.ai/sol/address/Cqu5uKfKh6mSfqasYKGDYghGc7J54FAp9WCus9QnQSsR
BRdPVwnQHf43ddtvAnW69FnxpNWM9MUZdejxTHrXXBsY,1,AGENCY:top9,0.0,175644.24,https://gmgn.ai/sol/address/BRdPVwnQHf43ddtvAnW69FnxpNWM9MUZdejxTHrXXBsY
5uxLEtZzxTTLWP2xcXXDeDGn73UgwXeaH7CkznKkXcfZ,1,AGENCY:top15,0.0,133682.22,https://gmgn.ai/sol/address/5uxLEtZzxTTLWP2xcXXDeDGn73UgwXeaH7CkznKkXcfZ
498g1rVnFcnjBjpfw1xyqA1WvgQXUU8RWuELjxkjAayQ,1,AGENCY:top18,0.0,120568.94,https://gmgn.ai/sol/address/498g1rVnFcnjBjpfw1xyqA1WvgQXUU8RWuELjxkjAayQ
7YpvTvSt7QDBU3aYDV6PGgsh4JGyHFfwtwngWCjz8NLx,1,AGENCY:top25,0.0,80702.61,https://gmgn.ai/sol/address/7YpvTvSt7QDBU3aYDV6PGgsh4JGyHFfwtwngWCjz8NLx
2J3zES1d7rmKBDfoY6cD3DrJ6FLt3c5QywAxya8WLUgZ,1,AGENCY:top26,0.0,78464.84,https://gmgn.ai/sol/address/2J3zES1d7rmKBDfoY6cD3DrJ6FLt3c5QywAxya8WLUgZ
5Ps6wu9AjYL1iMAWpAy6mg1a5xu2WSyKBUUxm6q3udWm,1,AGENCY:top31,0.0,69517.52,https://gmgn.ai/sol/address/5Ps6wu9AjYL1iMAWpAy6mg1a5xu2WSyKBUUxm6q3udWm
81mSrEafEAX3zu7WVpbBHwhSCQC5LqSzoQCUyX6eqZJS,1,AGENCY:top32,0.0,67534.54,https://gmgn.ai/sol/address/81mSrEafEAX3zu7WVpbBHwhSCQC5LqSzoQCUyX6eqZJS
9CNyLECt2j8tnDhqxtjYk5HUhZ2b8Nwnyb7sfYN7vND2,1,AGENCY:top33,0.0,64691.74,https://gmgn.ai/sol/address/9CNyLECt2j8tnDhqxtjYk5HUhZ2b8Nwnyb7sfYN7vND2
Aa4LbwrRhprzcCpsKpDPBHZp1tqngjdNQE6Chn1bosCT,1,AGENCY:top36,0.0,58956.31,https://gmgn.ai/sol/address/Aa4LbwrRhprzcCpsKpDPBHZp1tqngjdNQE6Chn1bosCT
26R99BB8mP3UGMdu6edoiQJAbik4gtRrbYdTn76iHHyM,1,AGENCY:top37,0.0,58794.51,https://gmgn.ai/sol/address/26R99BB8mP3UGMdu6edoiQJAbik4gtRrbYdTn76iHHyM
2NsevsKWiaDtEiYF5gGLCVGNBwsLNibgppoiVPHHYrqq,1,AGENCY:top42,0.0,53053.56,https://gmgn.ai/sol/address/2NsevsKWiaDtEiYF5gGLCVGNBwsLNibgppoiVPHHYrqq
5RZPhPW9qGEd3hRGibgYaF5Yk2jBzXR1VZMKSP71C3Lb,1,AGENCY:top63,0.0,32812.16,https://gmgn.ai/sol/address/5RZPhPW9qGEd3hRGibgYaF5Yk2jBzXR1VZMKSP71C3Lb
FGrVUPtb9m2qKLfbg9oStLTATECFNUwQ22B68v8Wxrfg,1,AGENCY:top72,0.0,28905.43,https://gmgn.ai/sol/address/FGrVUPtb9m2qKLfbg9oStLTATECFNUwQ22B68v8Wxrfg
JD84XfKyswrfENjzEy1etb6jxWNQ8ZPRRnLowBzbrmmk,1,AGENCY:top88,0.0,21185.88,https://gmgn.ai/sol/address/JD84XfKyswrfENjzEy1etb6jxWNQ8ZPRRnLowBzbrmmk
BndrDf7SDU8SVrK4xr9z5xNmLCZ2nUYRdpdbbdYhq8Qr,1,AGENCY:top90,0.0,20401.09,https://gmgn.ai/sol/address/BndrDf7SDU8SVrK4xr9z5xNmLCZ2nUYRdpdbbdYhq8Qr
2nUSdV6KHe6szYiPa71gpWThVJasRHFp44p4DAKaMTqG,1,AGENCY:top93,0.0,16848.55,https://gmgn.ai/sol/address/2nUSdV6KHe6szYiPa71gpWThVJasRHFp44p4DAKaMTqG
676aZSWtkCd2urTWTfvxXhJ2Fru8ph63eEAZSBtVUZMK,1,AGENCY:top95,0.0,15881.45,https://gmgn.ai/sol/address/676aZSWtkCd2urTWTfvxXhJ2Fru8ph63eEAZSBtVUZMK
66aG8XAfuWZpj9vcmn2oS2iNW7Rs6ip6Fy6ycE3ep3Jp,1,AGENCY:top96,0.0,13044.96,https://gmgn.ai/sol/address/66aG8XAfuWZpj9vcmn2oS2iNW7Rs6ip6Fy6ycE3ep3Jp
66xqzkHDAD1X4ExWDJmA49qNVaxVzgX3kBJhKDmywFZV,1,AGENCY:top98,0.0,11627.31,https://gmgn.ai/sol/address/66xqzkHDAD1X4ExWDJmA49qNVaxVzgX3kBJhKDmywFZV
2XMSaNWa36hWWiPmdA2befdwT23D91Sf374RhCbxUJ3G,1,AGENCY:top99,0.0,11479.45,https://gmgn.ai/sol/address/2XMSaNWa36hWWiPmdA2befdwT23D91Sf374RhCbxUJ3G
HNnTnZoJPsJpw1d2VBW3B97nVQp5uaf1JxXqKKcGEwpj,1,AGENCY:top100,0.0,9062.7,https://gmgn.ai/sol/address/HNnTnZoJPsJpw1d2VBW3B97nVQp5uaf1JxXqKKcGEwpj
Hyz6pgZRpuxfXfa8SV3guxcCXGRdeLjgQREqpSgsmamJ,1,DUVE:early14,0.0,0.0,https://gmgn.ai/sol/address/Hyz6pgZRpuxfXfa8SV3guxcCXGRdeLjgQREqpSgsmamJ
BPKVyybfMjhTEDFWBYa2wDnRV5a4Z3Lks8ZfMec3qUAW,1,DUVE:early21,0.0,0.0,https://gmgn.ai/sol/address/BPKVyybfMjhTEDFWBYa2wDnRV5a4Z3Lks8ZfMec3qUAW
Dzc6fK87knsydTNMwDKB9Ng5H3nT3tGzeqfiAzRo6pzr,1,DUVE:early24,0.0,0.0,https://gmgn.ai/sol/address/Dzc6fK87knsydTNMwDKB9Ng5H3nT3tGzeqfiAzRo6pzr
9JZVM4AH16CSQ8eGgsgyXdEP1WstE5ymVRHa3kN62cUg,1,DUVE:early25,0.0,0.0,https://gmgn.ai/sol/address/9JZVM4AH16CSQ8eGgsgyXdEP1WstE5ymVRHa3kN62cUg
2KAPajiJPauaJAB6kxkLDJaZs5tGmLz8FMvyjfXZuJr4,1,DUVE:early36,0.0,0.0,https://gmgn.ai/sol/address/2KAPajiJPauaJAB6kxkLDJaZs5tGmLz8FMvyjfXZuJr4
4b2p3k84oHryZChoq1JSkoL4mcjyRMtXVtbpqib1TpHt,1,DUVE:early43,0.0,0.0,https://gmgn.ai/sol/address/4b2p3k84oHryZChoq1JSkoL4mcjyRMtXVtbpqib1TpHt
B3wzaLSnesHYo9twG9sJs8XhUpZtHpU72sD7NGtW7mKz,1,DUVE:early52,0.0,0.0,https://gmgn.ai/sol/address/B3wzaLSnesHYo9twG9sJs8XhUpZtHpU72sD7NGtW7mKz
9YsMpU87peUK724gAVGZz1MA2kUaLAaQZT2eYR4xJo1r,1,DUVE:early59,0.0,0.84,https://gmgn.ai/sol/address/9YsMpU87peUK724gAVGZz1MA2kUaLAaQZT2eYR4xJo1r
S1EBp9Mjb29uURsSTtq8EjcuuBsvLaNV5VNeJj5nhGH,1,DUVE:early62,0.0,0.0,https://gmgn.ai/sol/address/S1EBp9Mjb29uURsSTtq8EjcuuBsvLaNV5VNeJj5nhGH
59iCRM1ox4FUypBdP5EzG8KdLegA98uzaDqQ3TM3QkqM,1,DUVE:early78,0.0,0.0,https://gmgn.ai/sol/address/59iCRM1ox4FUypBdP5EzG8KdLegA98uzaDqQ3TM3QkqM
3oN2NBiW9X3dFZ6GYBY5FKfSExoaYL6mFiN9NJn8eBHd,1,DUVE:early89,0.0,0.0,https://gmgn.ai/sol/address/3oN2NBiW9X3dFZ6GYBY5FKfSExoaYL6mFiN9NJn8eBHd
GXAQ8wTWdrF2kHjE2jh2UqMhERkbmn174FYWSUTgkXV8,1,"DUVE:early94,top33",0.0,944.31,https://gmgn.ai/sol/address/GXAQ8wTWdrF2kHjE2jh2UqMhERkbmn174FYWSUTgkXV8
Fce3c11m1K9DgmXxwJZQRAdssFBr4CzLX3Ns6oQhKK23,1,MICRO:early13,-0.0,-0.0,https://gmgn.ai/sol/address/Fce3c11m1K9DgmXxwJZQRAdssFBr4CzLX3Ns6oQhKK23
FyHjNhy5oL1Y3Cev8ZgkRq579xH5Yhf28neKqnxMBuam,1,MICRO:early15,-0.0,-0.0,https://gmgn.ai/sol/address/FyHjNhy5oL1Y3Cev8ZgkRq579xH5Yhf28neKqnxMBuam
5vTiH5A8vkBLXgHXqA2yMuktFNF1C27QBt64d1VmFNmU,1,MICRO:early55,0.0,0.0,https://gmgn.ai/sol/address/5vTiH5A8vkBLXgHXqA2yMuktFNF1C27QBt64d1VmFNmU
BPUhUcAtPp4bA2dAEJTJrzhbficSAch6Zc6tHWdXkrTc,1,MICRO:top13,0.0,6681.91,https://gmgn.ai/sol/address/BPUhUcAtPp4bA2dAEJTJrzhbficSAch6Zc6tHWdXkrTc
39c4BBdHt19ZXugeqVdPgN2RSwHdRKzqs3wwcGEnoMmK,1,MICRO:top26,0.0,4308.91,https://gmgn.ai/sol/address/39c4BBdHt19ZXugeqVdPgN2RSwHdRKzqs3wwcGEnoMmK
Ew9jdrdDnQzguomA6WKZFiaSFenwFj75ofHgZckijugs,1,MICRO:top36,0.0,3805.85,https://gmgn.ai/sol/address/Ew9jdrdDnQzguomA6WKZFiaSFenwFj75ofHgZckijugs
HEBov96RdNZC7vrH9taLXwJ3b7MTHBemSee8nuvwDz3P,1,SIF:early1,0.0,0.0,https://gmgn.ai/sol/address/HEBov96RdNZC7vrH9taLXwJ3b7MTHBemSee8nuvwDz3P
7B9kAfm3f9FXnpmiSbmspSwxex3pjWAooKtJ8ab4i8BQ,1,SIF:early2,0.0,0.0,https://gmgn.ai/sol/address/7B9kAfm3f9FXnpmiSbmspSwxex3pjWAooKtJ8ab4i8BQ
MeZPwgfXCu7Zc4CwTMwNSNm3V17KeGvk3BUct3s5DJm,1,SIF:early3,0.0,0.0,https://gmgn.ai/sol/address/MeZPwgfXCu7Zc4CwTMwNSNm3V17KeGvk3BUct3s5DJm
C2nCQCSKpDj3kbiY2KXWY4FwQxoRGyToCNMoyz4AZs3u,1,SIF:early4,0.0,0.0,https://gmgn.ai/sol/address/C2nCQCSKpDj3kbiY2KXWY4FwQxoRGyToCNMoyz4AZs3u
DaRMJb1KmTcJ2awckTX4UmFRps9FMbfsS7TB6zPFXd5q,1,SIF:early14,0.0,-19.6,https://gmgn.ai/sol/address/DaRMJb1KmTcJ2awckTX4UmFRps9FMbfsS7TB6zPFXd5q
DE7oj9kHw7WyCMJruqwTFqutkf8AB9jyg1zTKy7AYYu8,1,SIF:early17,0.0,37.16,https://gmgn.ai/sol/address/DE7oj9kHw7WyCMJruqwTFqutkf8AB9jyg1zTKy7AYYu8
6WxiAPEuDrKncBDfm87zA1DiSbtCksSrM5oGgdN3HBug,1,SIF:early20,0.0,0.0,https://gmgn.ai/sol/address/6WxiAPEuDrKncBDfm87zA1DiSbtCksSrM5oGgdN3HBug
2SHWT4oAmvBiXRwexXq5Bb2WQGFuhedcfcSU5HymT3zd,1,"SIF:early56,top7",0.0,8970.68,https://gmgn.ai/sol/address/2SHWT4oAmvBiXRwexXq5Bb2WQGFuhedcfcSU5HymT3zd
2P9oeLuf4FhT3ao81KUxygRHoH4YwW8Bn5KAcrGeCq1Z,1,SIF:early69,-0.0,-0.0,https://gmgn.ai/sol/address/2P9oeLuf4FhT3ao81KUxygRHoH4YwW8Bn5KAcrGeCq1Z
AUEQxhkAVz71w2WBa9BYSoZrydhYNJaKmfNomoNs9E4t,1,SIF:early96,0.0,0.0,https://gmgn.ai/sol/address/AUEQxhkAVz71w2WBa9BYSoZrydhYNJaKmfNomoNs9E4t
AUYLj5kLGUadmhn8kM91KnTJYfHiXGzcQ7TViP8uLLQv,1,SIF:top25,0.0,2416.82,https://gmgn.ai/sol/address/AUYLj5kLGUadmhn8kM91KnTJYfHiXGzcQ7TViP8uLLQv
Fm6NUFGRvrNP3bdwb44ffvJkNXxKmMhzRohqZs58rxku,1,SIF:top70,0.0,807.13,https://gmgn.ai/sol/address/Fm6NUFGRvrNP3bdwb44ffvJkNXxKmMhzRohqZs58rxku
Dg2kzBQiREoZevbF6iTJoqJDKaJc2E2auiCNXDWgATXF,1,SIF:top72,0.0,770.64,https://gmgn.ai/sol/address/Dg2kzBQiREoZevbF6iTJoqJDKaJc2E2auiCNXDWgATXF
EYN4iSZAuAa4fXX3QRuLjFrwTya5BwxoDBVBWoaAxmhx,1,SIF:top75,0.0,700.71,https://gmgn.ai/sol/address/EYN4iSZAuAa4fXX3QRuLjFrwTya5BwxoDBVBWoaAxmhx
6jRdbzEnabPyZtWEgnkfU7iFiGi2z2ifaSqR2pbo7ZTU,1,SIF:top76,0.0,677.98,https://gmgn.ai/sol/address/6jRdbzEnabPyZtWEgnkfU7iFiGi2z2ifaSqR2pbo7ZTU
6uDNT1qdYYfRjLEjsY8Q3FFD7EWYpw9P6vqvRXfqgd8P,1,SIF:top77,0.0,672.25,https://gmgn.ai/sol/address/6uDNT1qdYYfRjLEjsY8Q3FFD7EWYpw9P6vqvRXfqgd8P
85kvSARMc3qFaujBkvnfxvVfB9Z1h9B4VzvuY2NAadht,1,SIF:top78,0.0,645.76,https://gmgn.ai/sol/address/85kvSARMc3qFaujBkvnfxvVfB9Z1h9B4VzvuY2NAadht
EuwyovtxCihmxgbXYoiZEebPUFJX328SggDoQpgik8Qb,1,SIF:top86,0.0,505.71,https://gmgn.ai/sol/address/EuwyovtxCihmxgbXYoiZEebPUFJX328SggDoQpgik8Qb
C8GNDZbvbXeGRZJuiUcQJmqCzVCY5oB49L27uwS3omcM,1,SIF:top88,0.0,455.14,https://gmgn.ai/sol/address/C8GNDZbvbXeGRZJuiUcQJmqCzVCY5oB49L27uwS3omcM
iMGkPds2UawCU1y5Cns4Fp4mkjyr412jCTmWyguCArB,1,SIF:top91,0.0,127.67,https://gmgn.ai/sol/address/iMGkPds2UawCU1y5Cns4Fp4mkjyr412jCTmWyguCArB
35i6RqXQHPGnPkusKHe4TDADCDDuYz3L5riCriaXyU4T,1,SIF:top92,0.0,92.17,https://gmgn.ai/sol/address/35i6RqXQHPGnPkusKHe4TDADCDDuYz3L5riCriaXyU4T
AgS6FTAyRdHSoaNCv4y2vZRZuXMmWRYnYcTzFpJNudV4,1,SIF:top93,0.0,78.85,https://gmgn.ai/sol/address/AgS6FTAyRdHSoaNCv4y2vZRZuXMmWRYnYcTzFpJNudV4
2wCqKzxd1BTFDy7L5iUnt4GH2279VuLDVgfRvA8W9CWw,1,SIF:top94,0.0,-20.49,https://gmgn.ai/sol/address/2wCqKzxd1BTFDy7L5iUnt4GH2279VuLDVgfRvA8W9CWw
FE2V21vfFMrAKmqt3VjwFEV7Ey4H96Xm2gVpbdhdS79w,1,SIF:top95,0.0,-52.08,https://gmgn.ai/sol/address/FE2V21vfFMrAKmqt3VjwFEV7Ey4H96Xm2gVpbdhdS79w
9KTEHo28Fp8AAHJm5Sw4nKzHoDFKd3r33jv7F36KKCWx,1,SIF:top98,0.0,-338.17,https://gmgn.ai/sol/address/9KTEHo28Fp8AAHJm5Sw4nKzHoDFKd3r33jv7F36KKCWx
3SQEvPJ6YR7HmX9HugaVPJZTiwbeuZgddiVZJ3enb4zh,1,SIF:top99,0.0,-656.56,https://gmgn.ai/sol/address/3SQEvPJ6YR7HmX9HugaVPJZTiwbeuZgddiVZJ3enb4zh
BUBBLEmwtj6SDaN1o69FUbiEdTuUF2jow8ssV5TTi9Z,1,TIPTOE:early36,-0.01,-0.01,https://gmgn.ai/sol/address/BUBBLEmwtj6SDaN1o69FUbiEdTuUF2jow8ssV5TTi9Z
BUBBLE2ieFPTgkCNRpJV8xmAnExSXR71RH9qFGqa8RhQ,1,TIPTOE:early38,-0.01,-0.01,https://gmgn.ai/sol/address/BUBBLE2ieFPTgkCNRpJV8xmAnExSXR71RH9qFGqa8RhQ
RUGLdZqsL7MbGdsMDgfPkbbEdtRaAw3L8SrfB4bU1qp,1,TIPTOE:early39,-0.01,-0.01,https://gmgn.ai/sol/address/RUGLdZqsL7MbGdsMDgfPkbbEdtRaAw3L8SrfB4bU1qp
rzQfYxHStzhrxmdUqr8WzgAHBSgCwPHaHx8EX31GGmM,1,DUVE:early22,-0.02,-0.02,https://gmgn.ai/sol/address/rzQfYxHStzhrxmdUqr8WzgAHBSgCwPHaHx8EX31GGmM
GH6qoFBvt8pCEuksJ7SNQi6oGcALjmT2V9gbdDp79Xr8,1,DUVE:early63,-0.02,-0.02,https://gmgn.ai/sol/address/GH6qoFBvt8pCEuksJ7SNQi6oGcALjmT2V9gbdDp79Xr8
6utMS2SBujdv3jcZ4uVu679bjN6NgHBi4AL8rVeaktSd,1,SIF:early34,-0.02,-0.02,https://gmgn.ai/sol/address/6utMS2SBujdv3jcZ4uVu679bjN6NgHBi4AL8rVeaktSd
yYiqbUJHJCLKpSfX7scK9SLhAqLTr2JUffjEaNw8zff,1,TIPTOE:early3,-0.03,-0.03,https://gmgn.ai/sol/address/yYiqbUJHJCLKpSfX7scK9SLhAqLTr2JUffjEaNw8zff
AmPx1mi8M2bva5NS6r3yHdXQH7qGCSKsDHWudfPun3Fr,1,DUVE:early44,-0.03,-0.03,https://gmgn.ai/sol/address/AmPx1mi8M2bva5NS6r3yHdXQH7qGCSKsDHWudfPun3Fr
5veTCy9eDaL66LqABfpywN6jr1s7zaXP4uit8sMRAaHA,1,TIPTOE:early28,-0.04,-0.04,https://gmgn.ai/sol/address/5veTCy9eDaL66LqABfpywN6jr1s7zaXP4uit8sMRAaHA
4BLBZirMaarWSuiTq5b3La52QtLtv7Atq5VS8f9QB6ox,1,AGENCY:early44,-0.07,-0.07,https://gmgn.ai/sol/address/4BLBZirMaarWSuiTq5b3La52QtLtv7Atq5VS8f9QB6ox
GZJ2ixjirJU6nJH9yW3SkJ3VDNn64yYyF9y6vSpfc8ZB,1,ABU:early90,-0.08,-0.08,https://gmgn.ai/sol/address/GZJ2ixjirJU6nJH9yW3SkJ3VDNn64yYyF9y6vSpfc8ZB
2f7TxJGeTsZRfTt5v2G4yuuTmvVKFCuaXawjerkXawGo,1,ABU:early82,-0.12,-0.12,https://gmgn.ai/sol/address/2f7TxJGeTsZRfTt5v2G4yuuTmvVKFCuaXawjerkXawGo
GwCr6284Q9cR1tSWSFmqv6yBQrXikuVwxBUnJK835LR4,1,MICRO:early92,-0.17,-0.17,https://gmgn.ai/sol/address/GwCr6284Q9cR1tSWSFmqv6yBQrXikuVwxBUnJK835LR4
Ep4yBraVVnS2U4p3c1yJBNMfHsf8UC9yubUW3rzM8X2e,1,ABU:early43,-0.18,-0.18,https://gmgn.ai/sol/address/Ep4yBraVVnS2U4p3c1yJBNMfHsf8UC9yubUW3rzM8X2e
EZrNnszExKwpG2yuU9MhRpg9gscCckpsUtMeiXBwK1W6,1,TIPTOE:early68,-0.18,-0.18,https://gmgn.ai/sol/address/EZrNnszExKwpG2yuU9MhRpg9gscCckpsUtMeiXBwK1W6
2FhmpyqBBt9SUSNhEm5X6vjCQUiUaVVhZMfZQxJ3SdyA,1,TIPTOE:early8,-0.19,-0.19,https://gmgn.ai/sol/address/2FhmpyqBBt9SUSNhEm5X6vjCQUiUaVVhZMfZQxJ3SdyA
G1Wjh4ZL3Ao3SXPRsGFf1SZT6MuPks1Y5T4GauCPraah,1,Reelpad:early96,-0.24,-0.24,https://gmgn.ai/sol/address/G1Wjh4ZL3Ao3SXPRsGFf1SZT6MuPks1Y5T4GauCPraah
AoKrnP9gf387eEz1ZRuoEN12sditiYGrf5fVmGT7mapH,1,MICRO:early67,-0.24,-0.24,https://gmgn.ai/sol/address/AoKrnP9gf387eEz1ZRuoEN12sditiYGrf5fVmGT7mapH
E7sK54iUQ2EXioVNEj8vmGHwPUyUTE2xYPmUbLsE6Tu2,1,ABU:early50,-0.25,-0.25,https://gmgn.ai/sol/address/E7sK54iUQ2EXioVNEj8vmGHwPUyUTE2xYPmUbLsE6Tu2
EjpnGLYsEuzcpa4so4DnAn5krKRsYsNCs3shwqBJwZSu,1,TIPTOE:early60,-0.29,-0.29,https://gmgn.ai/sol/address/EjpnGLYsEuzcpa4so4DnAn5krKRsYsNCs3shwqBJwZSu
35caaJFwzSNaFwFmP1f33wDP9cUFEXTLDsFnjna7kAjs,1,AGENCY:early23,-0.36,-0.36,https://gmgn.ai/sol/address/35caaJFwzSNaFwFmP1f33wDP9cUFEXTLDsFnjna7kAjs
apexpDoPm9ypJ97YoUk6eNiZHZWqqq3Ktgfmv94QAov,1,DUVE:early9,-0.42,-0.42,https://gmgn.ai/sol/address/apexpDoPm9ypJ97YoUk6eNiZHZWqqq3Ktgfmv94QAov
H5BWh2sUQAVprJKmtbeT1L1YLKBXfDiyDjyJ264zvkEK,1,ABU:early83,-0.43,-0.43,https://gmgn.ai/sol/address/H5BWh2sUQAVprJKmtbeT1L1YLKBXfDiyDjyJ264zvkEK
G34rZDqebTFYo65WwPFfMFFjD2Lw5jG3qBAaZideUY2K,1,ABU:early64,-0.45,-0.45,https://gmgn.ai/sol/address/G34rZDqebTFYo65WwPFfMFFjD2Lw5jG3qBAaZideUY2K
4PMRGnUAM8XwTCimpV3hQcyNP5aBodVjNYg1QRsFHGS5,1,ABU:early96,-0.45,-0.45,https://gmgn.ai/sol/address/4PMRGnUAM8XwTCimpV3hQcyNP5aBodVjNYg1QRsFHGS5
7FUMGX2kVunPQsQxcxWuUHWsDVpnp1jcpaubb7ZMa4cr,1,DUVE:early67,-0.46,-0.46,https://gmgn.ai/sol/address/7FUMGX2kVunPQsQxcxWuUHWsDVpnp1jcpaubb7ZMa4cr
4srvoJDnqZyPZdaTFovFHf6PT5H73rKhz5zLe69SiXCf,1,AGENCY:early40,-0.53,-0.53,https://gmgn.ai/sol/address/4srvoJDnqZyPZdaTFovFHf6PT5H73rKhz5zLe69SiXCf
9cvJGpwkr8cmRNLaQMmZcTJedX3VXwwFqz9RGP2tRUBw,1,DUVE:early10,-0.56,-0.56,https://gmgn.ai/sol/address/9cvJGpwkr8cmRNLaQMmZcTJedX3VXwwFqz9RGP2tRUBw
GHp7uXxYxYmXUfE2Q5eo5oD4Rb4r3c3haWrcL8c8xTeg,1,DUVE:early11,-0.57,-0.57,https://gmgn.ai/sol/address/GHp7uXxYxYmXUfE2Q5eo5oD4Rb4r3c3haWrcL8c8xTeg
HAyAzc4NFbXXVEBqjMQpfgWEMbbCigScXXugDbWeTYyB,1,ABU:early56,-0.58,-0.58,https://gmgn.ai/sol/address/HAyAzc4NFbXXVEBqjMQpfgWEMbbCigScXXugDbWeTYyB
9SqJWqzkebKohHd1WBPvFdwPk7HFDsPTWhEMEPSkxDor,1,DUVE:early82,-0.61,-0.61,https://gmgn.ai/sol/address/9SqJWqzkebKohHd1WBPvFdwPk7HFDsPTWhEMEPSkxDor
HiWfcPWWnXeGwuH2GfKcY7Vk3SpY3mwQyyjGXryQFJuC,1,DUVE:early12,-0.65,-0.65,https://gmgn.ai/sol/address/HiWfcPWWnXeGwuH2GfKcY7Vk3SpY3mwQyyjGXryQFJuC
FLM4kdCvTTkAcXNvPQBvXzxZuzf7CNxNbNZgbsmxUP8j,1,DUVE:early13,-0.65,-0.65,https://gmgn.ai/sol/address/FLM4kdCvTTkAcXNvPQBvXzxZuzf7CNxNbNZgbsmxUP8j
8Vx4RtxXYo2pEcxqxnduxDDfCMsvNNtFokAUofGsmsFv,1,DUVE:early15,-0.65,-0.65,https://gmgn.ai/sol/address/8Vx4RtxXYo2pEcxqxnduxDDfCMsvNNtFokAUofGsmsFv
8r1UunYxL5yD8cXbnQhaNA16NEZxCTBMZ9sJSYtoNxM,1,ABU:early67,-0.68,-0.68,https://gmgn.ai/sol/address/8r1UunYxL5yD8cXbnQhaNA16NEZxCTBMZ9sJSYtoNxM
GMHJ71f8XUaTSomAzLAUYkfozRi93aejrvnUHGHzYNsz,1,DUVE:early90,-0.74,-0.74,https://gmgn.ai/sol/address/GMHJ71f8XUaTSomAzLAUYkfozRi93aejrvnUHGHzYNsz
KyFX2RsTayHS3sPncFPhgcmB8SEnnBimFv7rDF6y3NF,1,MICRO:early66,-0.79,-0.79,https://gmgn.ai/sol/address/KyFX2RsTayHS3sPncFPhgcmB8SEnnBimFv7rDF6y3NF
Cfwe9ZaHRFkYpNeXUYDN5uVY8rvY4tbs2pUCV49xDaVn,1,SIF:early93,-0.89,-0.89,https://gmgn.ai/sol/address/Cfwe9ZaHRFkYpNeXUYDN5uVY8rvY4tbs2pUCV49xDaVn
hv1Svd5VUR1ns5rAQxLZp8mCqcbhTnbc6qM3ZpRLE3Z,1,Reelpad:early43,-0.9,-0.9,https://gmgn.ai/sol/address/hv1Svd5VUR1ns5rAQxLZp8mCqcbhTnbc6qM3ZpRLE3Z
Cnwv9ZMHBY63x9CehQnHvCQfbRc16q69MLFoyHn1Nbxr,1,DUVE:early16,-0.93,-0.93,https://gmgn.ai/sol/address/Cnwv9ZMHBY63x9CehQnHvCQfbRc16q69MLFoyHn1Nbxr
DE5TYXqVskvErYJhbbC7FuRfFgoKDJBSxgkgfaHGEF2j,1,ABU:early66,-0.97,-0.97,https://gmgn.ai/sol/address/DE5TYXqVskvErYJhbbC7FuRfFgoKDJBSxgkgfaHGEF2j
CoHYfUDxSk32F9fZqsdJTaFf8yGU5B4i5GwrfCCm3rHn,1,DUVE:early100,-1.03,-1.03,https://gmgn.ai/sol/address/CoHYfUDxSk32F9fZqsdJTaFf8yGU5B4i5GwrfCCm3rHn
Bx6W29Cjcy3Y6A7UsVgwZg5WFMHDNrMNFhNtdnH8rS7W,1,MICRO:early72,-1.09,-1.09,https://gmgn.ai/sol/address/Bx6W29Cjcy3Y6A7UsVgwZg5WFMHDNrMNFhNtdnH8rS7W
4HSvNQnbMNdLLsbARbRZMvZrwF6o6XP5C76TGqCPVrEi,1,DUVE:early46,-1.12,-1.12,https://gmgn.ai/sol/address/4HSvNQnbMNdLLsbARbRZMvZrwF6o6XP5C76TGqCPVrEi
455ufYKaXzoLM9z2jsGxCjBySBjvqXBXBN5NdcYpZk5J,1,SIF:early32,-1.12,-1.12,https://gmgn.ai/sol/address/455ufYKaXzoLM9z2jsGxCjBySBjvqXBXBN5NdcYpZk5J
3tZY6MEBzsDJ4CbZ8KFcdTRSoodJ6TBFVhPoaxQtw65W,1,Reelpad:early41,-1.21,-1.21,https://gmgn.ai/sol/address/3tZY6MEBzsDJ4CbZ8KFcdTRSoodJ6TBFVhPoaxQtw65W
39nduMYSoWBE1pUiQty7xB5hWrMy9CprKtNdLCKfLSnS,1,DUVE:early35,-1.27,-1.27,https://gmgn.ai/sol/address/39nduMYSoWBE1pUiQty7xB5hWrMy9CprKtNdLCKfLSnS
EsdrHcNeQvR6ARJYoxjYrc9AYxDFbvcF5t3SqbbvgA9t,1,ABU:early73,-1.32,-1.32,https://gmgn.ai/sol/address/EsdrHcNeQvR6ARJYoxjYrc9AYxDFbvcF5t3SqbbvgA9t
Ecmuu7qcuX4WMzXU6CTryuKsMURyDidAKS8J1554L92X,1,TERMINAL:early93,-1.36,-1.36,https://gmgn.ai/sol/address/Ecmuu7qcuX4WMzXU6CTryuKsMURyDidAKS8J1554L92X
BfychUNQWUvAHRtX949fWU7r4tM4GzDF36ffZWvG8sCu,1,ABU:early52,-1.38,-1.38,https://gmgn.ai/sol/address/BfychUNQWUvAHRtX949fWU7r4tM4GzDF36ffZWvG8sCu
9YxSrDbkicbax5zprA2sBu3u4LU7YizJSSraUcUopBhR,1,ABU:early87,-1.46,-1.46,https://gmgn.ai/sol/address/9YxSrDbkicbax5zprA2sBu3u4LU7YizJSSraUcUopBhR
48dcxMHS1EH3vWBmaoTaK4WFC9gp2Whw1iqZKWRYBHwa,1,ABU:early65,-1.49,-1.49,https://gmgn.ai/sol/address/48dcxMHS1EH3vWBmaoTaK4WFC9gp2Whw1iqZKWRYBHwa
BnsoyryGWw4FUdijZ3cLuwziiavTbPfvcyTXpVDEjck1,1,AGENCY:early41,-1.52,-1.52,https://gmgn.ai/sol/address/BnsoyryGWw4FUdijZ3cLuwziiavTbPfvcyTXpVDEjck1
5CzqmN27kAVUnseD6uWFXyFJvDLqCzkfnLUeSLqyxnAV,1,ABU:early84,-1.53,-1.53,https://gmgn.ai/sol/address/5CzqmN27kAVUnseD6uWFXyFJvDLqCzkfnLUeSLqyxnAV
7VTtyPUoJRt9bKzP19ZxAgNdmA55dBGRToGQyq7uzsju,1,DUVE:early98,-1.83,-1.83,https://gmgn.ai/sol/address/7VTtyPUoJRt9bKzP19ZxAgNdmA55dBGRToGQyq7uzsju
D7ppNxdmcoVtEHsHjV47D8q2nGdoUjhdgPpKYmX9gwps,1,Reelpad:early46,-1.88,-1.88,https://gmgn.ai/sol/address/D7ppNxdmcoVtEHsHjV47D8q2nGdoUjhdgPpKYmX9gwps
Fq7QLMa95ZZVd8gHZuN4ZqYTKqx5Nw88MoDcvrBjP94H,1,ABU:early72,-1.95,-1.95,https://gmgn.ai/sol/address/Fq7QLMa95ZZVd8gHZuN4ZqYTKqx5Nw88MoDcvrBjP94H
9y5JRLvtFTEzBFQLL8aTqFUbKMA3g1pxa7qj9us9EWeV,1,ABU:early78,-2.31,-2.31,https://gmgn.ai/sol/address/9y5JRLvtFTEzBFQLL8aTqFUbKMA3g1pxa7qj9us9EWeV
BGFkgT39ju7qd5myM8CdBABqgv2Sf9YzsVSUd7CqK8zK,1,DUVE:early71,-2.38,-2.38,https://gmgn.ai/sol/address/BGFkgT39ju7qd5myM8CdBABqgv2Sf9YzsVSUd7CqK8zK
J63vSAUmRADYSzALXzpZ72QNfXDuiJZT6ZXLV4vG1tUA,1,CATGPT:early81,-2.77,-2.77,https://gmgn.ai/sol/address/J63vSAUmRADYSzALXzpZ72QNfXDuiJZT6ZXLV4vG1tUA
DCEEm741HAcCfBAtJLJBykpwy1LW6c1gFmrF653LjRhk,1,TIPTOE:early56,-3.31,-3.31,https://gmgn.ai/sol/address/DCEEm741HAcCfBAtJLJBykpwy1LW6c1gFmrF653LjRhk
52CnPk6Qx5ABTTj55EpC6uomk6SFGzVK4eGPDAcmBMAV,1,MICRO:early68,-3.39,-3.39,https://gmgn.ai/sol/address/52CnPk6Qx5ABTTj55EpC6uomk6SFGzVK4eGPDAcmBMAV
5gRQqRsL8KfMB1grXt5GUR9F7Sc11hp54xtVByen3iM6,1,MICRO:early54,-3.4,-3.4,https://gmgn.ai/sol/address/5gRQqRsL8KfMB1grXt5GUR9F7Sc11hp54xtVByen3iM6
EeXvxkcGqMDZeTaVeawzxm9mbzZwqDUMmfG3bF7uzumH,1,DUVE:early45,-3.53,-3.53,https://gmgn.ai/sol/address/EeXvxkcGqMDZeTaVeawzxm9mbzZwqDUMmfG3bF7uzumH
69qaveug9QzXysbPRV3SpLuvDkRdJTGGbK9TmAo3yYb3,1,ABU:early89,-3.58,-3.58,https://gmgn.ai/sol/address/69qaveug9QzXysbPRV3SpLuvDkRdJTGGbK9TmAo3yYb3
5U9dHj78QtbMSn1eV9E8h4BRAcJ4TfSyVoZ1EBgWhh9p,1,SIF:early68,-3.76,-3.76,https://gmgn.ai/sol/address/5U9dHj78QtbMSn1eV9E8h4BRAcJ4TfSyVoZ1EBgWhh9p
6eLZ288gwV5pmLPPdiDupFMr5ueuG3Y3L4WDK1kRmQP,1,CATGPT:early91,-3.79,-3.79,https://gmgn.ai/sol/address/6eLZ288gwV5pmLPPdiDupFMr5ueuG3Y3L4WDK1kRmQP
9H46JJfroqBUnLUeMT1Rz2jwDPx3si5PC6bu8goocXac,1,SIF:early6,-3.84,-3.84,https://gmgn.ai/sol/address/9H46JJfroqBUnLUeMT1Rz2jwDPx3si5PC6bu8goocXac
CSwo9FsN2QYAdtfXN1bfWqbXFEPHC2mr1EiiZhijK2Wx,1,Reelpad:early77,-3.88,-3.88,https://gmgn.ai/sol/address/CSwo9FsN2QYAdtfXN1bfWqbXFEPHC2mr1EiiZhijK2Wx
8y5xhxgBeYNh453AB2kWH4PV5kmBJTy4A1mjXmq9Th7W,1,DUVE:early7,-4.15,-4.15,https://gmgn.ai/sol/address/8y5xhxgBeYNh453AB2kWH4PV5kmBJTy4A1mjXmq9Th7W
7fVouwuiWURKCmWNvGoVJbKRVFVGJevr4HjQ3K8cQyjg,1,SIF:early42,-4.56,-4.56,https://gmgn.ai/sol/address/7fVouwuiWURKCmWNvGoVJbKRVFVGJevr4HjQ3K8cQyjg
7Xfz4aqJ84kuLvWs7xKz3jvLVqdZaijDRZicmDzc9HuB,1,TIPTOE:early12,-4.63,-4.63,https://gmgn.ai/sol/address/7Xfz4aqJ84kuLvWs7xKz3jvLVqdZaijDRZicmDzc9HuB
vVBnZERn5cA5oH67buEBBna6SfrP5BBa5syCzozU6G8,1,CATGPT:early77,-4.67,-4.67,https://gmgn.ai/sol/address/vVBnZERn5cA5oH67buEBBna6SfrP5BBa5syCzozU6G8
7MQ7iWQPXkjbPxcnvcLEp7t8wggL7kNfUTVuwpojJvY3,1,TERMINAL:early91,-4.82,-4.82,https://gmgn.ai/sol/address/7MQ7iWQPXkjbPxcnvcLEp7t8wggL7kNfUTVuwpojJvY3
9uiX2TaCSqJJmjL7KKPPgG3D3Qmzh2FDVQSdb1N7mjAw,1,CATGPT:early88,-5.16,-5.16,https://gmgn.ai/sol/address/9uiX2TaCSqJJmjL7KKPPgG3D3Qmzh2FDVQSdb1N7mjAw
HTYdiaieE4kFn1dr7bcKvpvQtiNQqZUMP3TegB8RXtbe,1,TERMINAL:early90,-5.4,-5.4,https://gmgn.ai/sol/address/HTYdiaieE4kFn1dr7bcKvpvQtiNQqZUMP3TegB8RXtbe
9pUgbXaDjqDcf3t8HWcfMyTKcUTHaKZCPB2N9QU2aFE7,1,MICRO:early11,-5.58,-5.58,https://gmgn.ai/sol/address/9pUgbXaDjqDcf3t8HWcfMyTKcUTHaKZCPB2N9QU2aFE7
6MG3azeitjogxin9Q2ZRoFrgsg56Ri2dmpfNe1GjBUKD,1,Reelpad:early78,-5.62,-5.62,https://gmgn.ai/sol/address/6MG3azeitjogxin9Q2ZRoFrgsg56Ri2dmpfNe1GjBUKD
3sPczKfGxU31ed63no618j8hBX2AaoWqRpdNyY1cRw5V,1,DUVE:early61,-5.72,-5.72,https://gmgn.ai/sol/address/3sPczKfGxU31ed63no618j8hBX2AaoWqRpdNyY1cRw5V
Dbgd5PFFwc1LNGQkzevW2KdY9iGivAXJZ7wfmm4hFRKu,1,SIF:early85,-6.38,-6.38,https://gmgn.ai/sol/address/Dbgd5PFFwc1LNGQkzevW2KdY9iGivAXJZ7wfmm4hFRKu
6ZVX2LV1zmHKY55CuXgiMnRPBDF4gPWS9VqkQzvDawZu,1,MICRO:early70,-6.65,-6.65,https://gmgn.ai/sol/address/6ZVX2LV1zmHKY55CuXgiMnRPBDF4gPWS9VqkQzvDawZu
9bnUfPmDuCEZuWzPmQXETMg7xr4Jsw5xqpgEqrchaRpm,1,MICRO:early51,-6.75,-6.75,https://gmgn.ai/sol/address/9bnUfPmDuCEZuWzPmQXETMg7xr4Jsw5xqpgEqrchaRpm
7bocByUyoecXdt1WTc2Sw5ZihWzap6Ho6JzS3ZnCdoWL,1,MICRO:early99,-6.97,-6.97,https://gmgn.ai/sol/address/7bocByUyoecXdt1WTc2Sw5ZihWzap6Ho6JzS3ZnCdoWL
2z2q5gk8TDgqCidzkXkyevXH1aDaVjWL8cQwoRbMF1Jq,1,CATGPT:early56,-6.98,-6.98,https://gmgn.ai/sol/address/2z2q5gk8TDgqCidzkXkyevXH1aDaVjWL8cQwoRbMF1Jq
25G9KVDuqtSMXxSeUyoz4PeFkztiN9gAC7Sw8JQLB2Kg,1,DUVE:early66,-7.31,-7.31,https://gmgn.ai/sol/address/25G9KVDuqtSMXxSeUyoz4PeFkztiN9gAC7Sw8JQLB2Kg
GTbewYgEC6YqQqkWpSJdb7PkJdQ1eGxvUGYNyaMioMq,1,AGENCY:early49,-7.73,-7.73,https://gmgn.ai/sol/address/GTbewYgEC6YqQqkWpSJdb7PkJdQ1eGxvUGYNyaMioMq
3JH1vDsrksxLzrmsT1phAkmJvhDF8uwH4yxKDMRvUAyr,1,DUVE:early74,-8.28,-8.28,https://gmgn.ai/sol/address/3JH1vDsrksxLzrmsT1phAkmJvhDF8uwH4yxKDMRvUAyr
8z6ruF74gC7dHm1iTwagFiHiFawusKBHXUpni5ceEaXr,1,TIPTOE:early79,-8.33,-8.33,https://gmgn.ai/sol/address/8z6ruF74gC7dHm1iTwagFiHiFawusKBHXUpni5ceEaXr
Br9Lwz9V7nUi3fNY5dq5BDVKSfwxDwRuSgZjp8SndRHu,1,CATGPT:early75,-8.46,-8.46,https://gmgn.ai/sol/address/Br9Lwz9V7nUi3fNY5dq5BDVKSfwxDwRuSgZjp8SndRHu
3QjhnuFiaLym3AkDRUcwM4Hg3YHaWCQp114F29vSzHA5,1,DUVE:early56,-8.6,-8.6,https://gmgn.ai/sol/address/3QjhnuFiaLym3AkDRUcwM4Hg3YHaWCQp114F29vSzHA5
AdGvpsd1nPa7UDKLTtt4PNWJEkQAnU9cMsYTUjJwtjnn,1,DUVE:early95,-8.88,-8.88,https://gmgn.ai/sol/address/AdGvpsd1nPa7UDKLTtt4PNWJEkQAnU9cMsYTUjJwtjnn
HhW2X3hitVDQ3jvXbmFZP3jXyALWn9xpYrmGELJ8Ph59,1,ABU:early69,-8.96,-8.96,https://gmgn.ai/sol/address/HhW2X3hitVDQ3jvXbmFZP3jXyALWn9xpYrmGELJ8Ph59
9mexjEsNAN7p1tBsfXpmsnVehGhrqkqT68qRBffvdWQp,1,MICRO:early91,-9.76,-9.76,https://gmgn.ai/sol/address/9mexjEsNAN7p1tBsfXpmsnVehGhrqkqT68qRBffvdWQp
CsdMkBbczswnSeyzNDvhgYjsytqX7Ar5zBVnPGtBcREN,1,ABU:early22,-10.14,-10.14,https://gmgn.ai/sol/address/CsdMkBbczswnSeyzNDvhgYjsytqX7Ar5zBVnPGtBcREN
DiQyRaHXBJB2AtRsT9XjZHca3soozfCqPoxAXbyWWQPd,1,MICRO:early50,-10.49,-10.49,https://gmgn.ai/sol/address/DiQyRaHXBJB2AtRsT9XjZHca3soozfCqPoxAXbyWWQPd
H6uQwLrqmaGnbqQnEm98qZXi2fVEkwbSnJfzoWD3gFNd,1,DUVE:early53,-10.75,-10.75,https://gmgn.ai/sol/address/H6uQwLrqmaGnbqQnEm98qZXi2fVEkwbSnJfzoWD3gFNd
HxcdEi6CWzQtPCmM8E2maEZ3oYVGZxESqCWU1iPzmhVW,1,DUVE:early2,-10.93,-10.93,https://gmgn.ai/sol/address/HxcdEi6CWzQtPCmM8E2maEZ3oYVGZxESqCWU1iPzmhVW
8LXVPAgwKHHiSwmHmSKzEPsJpYxyGgT7d4aUQj68Yh31,1,ABU:early48,-11.5,-11.5,https://gmgn.ai/sol/address/8LXVPAgwKHHiSwmHmSKzEPsJpYxyGgT7d4aUQj68Yh31
7dMrjmdTv8RBsuEjesTUhjoeu6XDSGEzigHpmJCaFw8B,1,MICRO:early69,-12.53,-12.53,https://gmgn.ai/sol/address/7dMrjmdTv8RBsuEjesTUhjoeu6XDSGEzigHpmJCaFw8B
BgVwPDSvSDNZKDjPnJxHsYSLRn16X52EnAjHPV9djrB3,1,DUVE:early55,-12.98,-12.98,https://gmgn.ai/sol/address/BgVwPDSvSDNZKDjPnJxHsYSLRn16X52EnAjHPV9djrB3
H91hCZg1v9JKBxPzr6QzRX3P12QajsUbs1s5sZXdgX5o,1,SIF:early82,-14.09,-14.09,https://gmgn.ai/sol/address/H91hCZg1v9JKBxPzr6QzRX3P12QajsUbs1s5sZXdgX5o
2j3rQmBzQ2JEWAj8jBxqWwaPv2LbKgHn3jqTgEyah6EU,1,MICRO:early94,-14.47,-14.47,https://gmgn.ai/sol/address/2j3rQmBzQ2JEWAj8jBxqWwaPv2LbKgHn3jqTgEyah6EU
JDY8BeQUPmcRZnYJGVBiU7x71SMbdUECW6NMUdGGKQDg,1,ABU:top8,-14.48,4549.93,https://gmgn.ai/sol/address/JDY8BeQUPmcRZnYJGVBiU7x71SMbdUECW6NMUdGGKQDg
47B9bWa7G3GiUUbMMmZvNR7N3psjcJQHN3qyg7cEVfbC,1,TIPTOE:early83,-14.98,-14.98,https://gmgn.ai/sol/address/47B9bWa7G3GiUUbMMmZvNR7N3psjcJQHN3qyg7cEVfbC
AmaMoARdZW9oS9HMnT4C3a7Rgh5HYdxhJVTqyQa2N9mK,1,MICRO:early74,-15.0,-15.0,https://gmgn.ai/sol/address/AmaMoARdZW9oS9HMnT4C3a7Rgh5HYdxhJVTqyQa2N9mK
GYULUFYXYR8fUghpgPYYR57Rb9uGxMWS8qguLQCmWj7J,1,DUVE:early87,-17.28,-17.28,https://gmgn.ai/sol/address/GYULUFYXYR8fUghpgPYYR57Rb9uGxMWS8qguLQCmWj7J
2HJMgsEqKrcRNDqo1P9g9pCFEXSdi2VtKqDKg9qhikco,1,ABU:early88,-18.15,-18.15,https://gmgn.ai/sol/address/2HJMgsEqKrcRNDqo1P9g9pCFEXSdi2VtKqDKg9qhikco
5fe2bX9hbmYUyB4xPSaTZwFwCzpK163gp2SEdGZvkZqG,1,MICRO:early63,-19.1,-19.1,https://gmgn.ai/sol/address/5fe2bX9hbmYUyB4xPSaTZwFwCzpK163gp2SEdGZvkZqG
9BzW7JDDFLb1XiH1cLaLbWkts2C8As4ik6CMaorpmbk5,1,Reelpad:early42,-19.22,-19.22,https://gmgn.ai/sol/address/9BzW7JDDFLb1XiH1cLaLbWkts2C8As4ik6CMaorpmbk5
8txbzMXPB2He8zKidWmxjpFLkNXiojHgeNkHnqmQZEnH,1,CATGPT:early83,-19.82,-19.82,https://gmgn.ai/sol/address/8txbzMXPB2He8zKidWmxjpFLkNXiojHgeNkHnqmQZEnH
DondtmHZLDRbUbNzeW2R1GHfN252wxzPecRPCCpHC7JF,1,ABU:early47,-20.01,-20.01,https://gmgn.ai/sol/address/DondtmHZLDRbUbNzeW2R1GHfN252wxzPecRPCCpHC7JF
6cPrxE7WixGysVP4RLMQe14Zy7ivHngXYSKNBznZS4o4,1,SIF:top80,-24.78,613.89,https://gmgn.ai/sol/address/6cPrxE7WixGysVP4RLMQe14Zy7ivHngXYSKNBznZS4o4
FjqfUQX5jFn2ikPNt8ihb9A1PJAZN34QmCnAngs6svyT,1,CATGPT:early84,-25.04,-25.04,https://gmgn.ai/sol/address/FjqfUQX5jFn2ikPNt8ihb9A1PJAZN34QmCnAngs6svyT
3U5gS3DpYpLdLQTpHdS14M8CCs4sy2W7WLQNUjRLuBjB,1,TIPTOE:early17,-25.3,-25.3,https://gmgn.ai/sol/address/3U5gS3DpYpLdLQTpHdS14M8CCs4sy2W7WLQNUjRLuBjB
DZa67R2tW7KhFM6DDsoebtKYTaUqZPHYE6ckwpFFK97t,1,MICRO:early71,-26.59,-26.59,https://gmgn.ai/sol/address/DZa67R2tW7KhFM6DDsoebtKYTaUqZPHYE6ckwpFFK97t
35hH3mA9UCttbCw3LQeGibJJM1FC6AJCr3cpjLjwwAk1,1,MICRO:early14,-27.75,-27.75,https://gmgn.ai/sol/address/35hH3mA9UCttbCw3LQeGibJJM1FC6AJCr3cpjLjwwAk1
HFuSJQZcRL5tEyC8aT7CLKCpHrd2iQ44aDMBkfedfCrM,1,MICRO:early9,-30.38,-30.38,https://gmgn.ai/sol/address/HFuSJQZcRL5tEyC8aT7CLKCpHrd2iQ44aDMBkfedfCrM
HeEnTovXWRXcHEBfh87KsdaeUFNsvYysP3qovooq6Kjm,1,ABU:early30,-32.27,-32.27,https://gmgn.ai/sol/address/HeEnTovXWRXcHEBfh87KsdaeUFNsvYysP3qovooq6Kjm
J2R5ThL5BCdyLMuteynpReVpmCz4xzVV8BVfTXscZ77r,1,CATGPT:early98,-32.57,-32.57,https://gmgn.ai/sol/address/J2R5ThL5BCdyLMuteynpReVpmCz4xzVV8BVfTXscZ77r
3H79ieQ7Xfp1nDAbUksbZHWwXzrbN6aU83zpik5yWjMY,1,Reelpad:early6,-35.78,-35.78,https://gmgn.ai/sol/address/3H79ieQ7Xfp1nDAbUksbZHWwXzrbN6aU83zpik5yWjMY
4qgcBUuaH7idsurgW6nSzZ2sreQr4MfcHdij9UBfkTwV,1,ABU:early53,-35.96,-35.96,https://gmgn.ai/sol/address/4qgcBUuaH7idsurgW6nSzZ2sreQr4MfcHdij9UBfkTwV
HicFqmdYCxDLAPCszK5iyNZM2YkVHwJhFSJy9asgsr9m,1,Reelpad:early76,-36.61,-36.61,https://gmgn.ai/sol/address/HicFqmdYCxDLAPCszK5iyNZM2YkVHwJhFSJy9asgsr9m
BZxtqKj99iYqDZFPxiXtEsCq9ffWPLkFuTkbW4LW23EF,1,DUVE:early96,-36.8,-36.8,https://gmgn.ai/sol/address/BZxtqKj99iYqDZFPxiXtEsCq9ffWPLkFuTkbW4LW23EF
GmjBmgHKeCu6vRKVx1k6rv4erJ3ewk8GrkgxXHyg8gQi,1,AGENCY:top59,-40.73,36107.84,https://gmgn.ai/sol/address/GmjBmgHKeCu6vRKVx1k6rv4erJ3ewk8GrkgxXHyg8gQi
3imzGCq2WM71bHSeTrnifZAosbCHMVvRGnapChFTFU2D,1,"TIPTOE:early10,top17",-41.69,7689.19,https://gmgn.ai/sol/address/3imzGCq2WM71bHSeTrnifZAosbCHMVvRGnapChFTFU2D
38oBEAzZiLVoHYjyWpnzMfdta11Bm29fE5CcCSWtMXs4,1,ABU:early26,-44.13,-44.13,https://gmgn.ai/sol/address/38oBEAzZiLVoHYjyWpnzMfdta11Bm29fE5CcCSWtMXs4
BUToH8vvtyVo3dVt9LdEAQwaqxDKqVNPrSwrWDgosnK3,1,ABU:early28,-45.35,-45.35,https://gmgn.ai/sol/address/BUToH8vvtyVo3dVt9LdEAQwaqxDKqVNPrSwrWDgosnK3
EehJjczC57SZ2W6Rq3dPKzRYkxuShyApWDP2fEhQEdCx,1,ABU:early27,-46.34,-46.34,https://gmgn.ai/sol/address/EehJjczC57SZ2W6Rq3dPKzRYkxuShyApWDP2fEhQEdCx
mt29T7GDLaBkxvh4RyPyKJBVJaiMtM5pey9HyGJ4UpB,1,CATGPT:early80,-47.12,-47.12,https://gmgn.ai/sol/address/mt29T7GDLaBkxvh4RyPyKJBVJaiMtM5pey9HyGJ4UpB
4p8TYoG8fQTzA5up2HRsqCNeHgeC7c6GLgbeMvzEu6wq,1,ABU:early54,-50.88,-50.88,https://gmgn.ai/sol/address/4p8TYoG8fQTzA5up2HRsqCNeHgeC7c6GLgbeMvzEu6wq
CW7cREh4FUrtPLdj1KHMwG3pBVt7pppGaSJAFvMFshzE,1,ABU:early29,-52.17,-52.17,https://gmgn.ai/sol/address/CW7cREh4FUrtPLdj1KHMwG3pBVt7pppGaSJAFvMFshzE
58xpw9FGBw6QSSjKVWawq7AYMd21FjdH9LB7c4gYFvjV,1,ABU:early31,-55.1,-55.1,https://gmgn.ai/sol/address/58xpw9FGBw6QSSjKVWawq7AYMd21FjdH9LB7c4gYFvjV
CEfAPmpNC6KthLFssCqE4qfGJAHnMJu3VByiQvGv1iqF,1,MICRO:early78,-58.38,-58.38,https://gmgn.ai/sol/address/CEfAPmpNC6KthLFssCqE4qfGJAHnMJu3VByiQvGv1iqF
ALDNkUQ5iN5ghrCq2Cnfwjb2RwKEtZN41yyYm2aYS8Dt,1,DUVE:early27,-58.86,-58.86,https://gmgn.ai/sol/address/ALDNkUQ5iN5ghrCq2Cnfwjb2RwKEtZN41yyYm2aYS8Dt
2Hkb2hjNJQunzyGA6PsSuWLo8CJxuTssGtRa1exMjmgL,1,ABU:early55,-58.95,-58.95,https://gmgn.ai/sol/address/2Hkb2hjNJQunzyGA6PsSuWLo8CJxuTssGtRa1exMjmgL
2qmAJykGCcZTczZCb8rJUJnc3sdRiAvV9ZErFxeC7brC,1,ABU:top53,-58.98,1120.05,https://gmgn.ai/sol/address/2qmAJykGCcZTczZCb8rJUJnc3sdRiAvV9ZErFxeC7brC
JBFF2Kr9oHAEGPi7tKhcssM8bZycMHf93Qs43KBo7GWr,1,MICRO:early82,-60.46,-60.46,https://gmgn.ai/sol/address/JBFF2Kr9oHAEGPi7tKhcssM8bZycMHf93Qs43KBo7GWr
5VhRfFKkqFb2gyG5CSymUQ5PZ2HZXir8SP8y2jQh1Qhh,1,DUVE:early26,-60.72,-60.72,https://gmgn.ai/sol/address/5VhRfFKkqFb2gyG5CSymUQ5PZ2HZXir8SP8y2jQh1Qhh
7bfoAHz6zsVsPJffsSTgUevrubvJqXN6DFw7HhzoJPto,1,MICRO:early77,-63.31,-63.31,https://gmgn.ai/sol/address/7bfoAHz6zsVsPJffsSTgUevrubvJqXN6DFw7HhzoJPto
DxMeF3yEwsSzNWqg8EwAxFBeZX1LLefZ8tVJLyWTpGYs,1,ABU:top29,-77.72,1893.16,https://gmgn.ai/sol/address/DxMeF3yEwsSzNWqg8EwAxFBeZX1LLefZ8tVJLyWTpGYs
AQ46kfYT3hW28Xg5gWHrJkzFSz1oGWBHC3FsTbqgMEco,1,ABU:early63,-79.31,-79.31,https://gmgn.ai/sol/address/AQ46kfYT3hW28Xg5gWHrJkzFSz1oGWBHC3FsTbqgMEco
D4yrdUWHTf2wUWr7TZc3gZdMLsZ77y6RfHN4U28etf1j,1,DUVE:early28,-80.46,-80.46,https://gmgn.ai/sol/address/D4yrdUWHTf2wUWr7TZc3gZdMLsZ77y6RfHN4U28etf1j
JAut4PqVfy8QcAmVAVDtGpZ3BGYrW8RoyX2XB7Eg9Tei,1,CATGPT:top87,-88.81,381.18,https://gmgn.ai/sol/address/JAut4PqVfy8QcAmVAVDtGpZ3BGYrW8RoyX2XB7Eg9Tei
7yDMgrdZaFGegFBEeA6iRjKQPW1N8z9rFhwZv1pFZ4h9,1,DUVE:early72,-94.4,-94.4,https://gmgn.ai/sol/address/7yDMgrdZaFGegFBEeA6iRjKQPW1N8z9rFhwZv1pFZ4h9
7DYoKbnQtQTpSBRyTdLSkisaPEPTPm5vGBmKJjT6CaYc,1,CATGPT:early14,-96.73,-96.73,https://gmgn.ai/sol/address/7DYoKbnQtQTpSBRyTdLSkisaPEPTPm5vGBmKJjT6CaYc
286CHN57Km41GsAnDv866WKd6YB6HPSjFgF4rGDJTRLf,1,MICRO:early44,-98.09,-98.09,https://gmgn.ai/sol/address/286CHN57Km41GsAnDv866WKd6YB6HPSjFgF4rGDJTRLf
FCLdoaX6c2qCCHek5uHkMW7Mx9Ywan75dXhWAJDkAwaq,1,SIF:top96,-118.41,-74.71,https://gmgn.ai/sol/address/FCLdoaX6c2qCCHek5uHkMW7Mx9Ywan75dXhWAJDkAwaq
EsuuYykt3JairLnujEK6bwGPBCzfRG3zYnUA9k2zyMGr,1,CATGPT:top38,-138.22,945.64,https://gmgn.ai/sol/address/EsuuYykt3JairLnujEK6bwGPBCzfRG3zYnUA9k2zyMGr
EchjNcJmLbYEySgRnGekL7kgcw75GioH32UqPAWSxwyV,1,MICRO:early47,-145.75,-145.75,https://gmgn.ai/sol/address/EchjNcJmLbYEySgRnGekL7kgcw75GioH32UqPAWSxwyV
CcUo7U2B5D9BgbwcUde4Ld64pkwhJzn9AB2QxTRCNq1m,1,CATGPT:early64,-199.0,-199.0,https://gmgn.ai/sol/address/CcUo7U2B5D9BgbwcUde4Ld64pkwhJzn9AB2QxTRCNq1m
3in9pUMjFC1mQ981xRMCRRKfsUYrwUzuNsShNXfc52ky,1,AGENCY:top86,-417.92,22152.35,https://gmgn.ai/sol/address/3in9pUMjFC1mQ981xRMCRRKfsUYrwUzuNsShNXfc52ky
8LUtQLSVoKewkXXHSsWJA9sio9cH7Q4hSfKVm5cRk7QY,1,SIF:top97,-434.69,-118.06,https://gmgn.ai/sol/address/8LUtQLSVoKewkXXHSsWJA9sio9cH7Q4hSfKVm5cRk7QY
99xnE2zEFi8YhmKDaikc1EvH6ELTQJppnqUwMzmpLXrs,1,DUVE:early92,-464.44,-464.44,https://gmgn.ai/sol/address/99xnE2zEFi8YhmKDaikc1EvH6ELTQJppnqUwMzmpLXrs
6YVwjLrR9puiAUs2uFwauHTEM8dyjmeCwnPd747ntJaW,1,AGENCY:top22,-2137.89,94942.72,https://gmgn.ai/sol/address/6YVwjLrR9puiAUs2uFwauHTEM8dyjmeCwnPd747ntJaW
B2GFtzdAYKWTXrn61o3nbERYkvzyrBKSt4SKhQew3mV4,1,AGENCY:top30,-6461.78,72088.79,https://gmgn.ai/sol/address/B2GFtzdAYKWTXrn61o3nbERYkvzyrBKSt4SKhQew3mV4
